date,level,entity,state,code,price,coupon,yield_measure_used,yield,current_yield,bucket,excluded_near_maturity,excluded_past_maturity
1842-12-31,city,Cincinnati,Cincinnati,C-0436,71.0,6.0,current_yield,8.450704225352112,8.450704225352112,no_default_confirmed,False,False
1843-01-07,city,Cincinnati,Cincinnati,C-0436,71.0,6.0,current_yield,8.450704225352112,8.450704225352112,no_default_confirmed,False,False
1843-01-14,city,Cincinnati,Cincinnati,C-0436,71.5,6.0,current_yield,8.391608391608392,8.391608391608392,no_default_confirmed,False,False
1843-01-21,city,Cincinnati,Cincinnati,C-0436,73.0,6.0,current_yield,8.21917808219178,8.21917808219178,no_default_confirmed,False,False
1843-01-28,city,Cincinnati,Cincinnati,C-0436,72.0,6.0,current_yield,8.333333333333332,8.333333333333332,no_default_confirmed,False,False
1843-02-11,city,Cincinnati,Cincinnati,C-0436,76.0,6.0,current_yield,7.894736842105263,7.894736842105263,no_default_confirmed,False,False
1843-02-18,city,Cincinnati,Cincinnati,C-0436,77.0,6.0,current_yield,7.792207792207792,7.792207792207792,no_default_confirmed,False,False
1843-02-25,city,Cincinnati,Cincinnati,C-0436,77.0,6.0,current_yield,7.792207792207792,7.792207792207792,no_default_confirmed,False,False
1843-03-04,city,Cincinnati,Cincinnati,C-0436,80.0,6.0,current_yield,7.5,7.5,no_default_confirmed,False,False
1843-03-11,city,Cincinnati,Cincinnati,C-0436,79.5,6.0,current_yield,7.547169811320755,7.547169811320755,no_default_confirmed,False,False
1843-03-18,city,Cincinnati,Cincinnati,C-0436,79.0,6.0,current_yield,7.59493670886076,7.59493670886076,no_default_confirmed,False,False
1843-03-26,city,Cincinnati,Cincinnati,C-0436,78.0,6.0,current_yield,7.6923076923076925,7.6923076923076925,no_default_confirmed,False,False
1843-04-01,city,Cincinnati,Cincinnati,C-0436,78.0,6.0,current_yield,7.6923076923076925,7.6923076923076925,no_default_confirmed,False,False
1843-04-08,city,Cincinnati,Cincinnati,C-0436,79.0,6.0,current_yield,7.59493670886076,7.59493670886076,no_default_confirmed,False,False
1843-04-15,city,Cincinnati,Cincinnati,C-0436,79.0,6.0,current_yield,7.59493670886076,7.59493670886076,no_default_confirmed,False,False
1843-04-22,city,Cincinnati,Cincinnati,C-0436,80.0,6.0,current_yield,7.5,7.5,no_default_confirmed,False,False
1843-04-29,city,Cincinnati,Cincinnati,C-0436,80.0,6.0,current_yield,7.5,7.5,no_default_confirmed,False,False
1843-05-06,city,Cincinnati,Cincinnati,C-0436,82.0,6.0,current_yield,7.317073170731707,7.317073170731707,no_default_confirmed,False,False
1843-05-13,city,Cincinnati,Cincinnati,C-0436,82.0,6.0,current_yield,7.317073170731707,7.317073170731707,no_default_confirmed,False,False
1843-05-20,city,Cincinnati,Cincinnati,C-0436,84.0,6.0,current_yield,7.142857142857142,7.142857142857142,no_default_confirmed,False,False
1843-05-27,city,Cincinnati,Cincinnati,C-0436,85.0,6.0,current_yield,7.0588235294117645,7.0588235294117645,no_default_confirmed,False,False
1843-06-03,city,Cincinnati,Cincinnati,C-0436,88.0,6.0,current_yield,6.8181818181818175,6.8181818181818175,no_default_confirmed,False,False
1843-06-10,city,Cincinnati,Cincinnati,C-0436,88.0,6.0,current_yield,6.8181818181818175,6.8181818181818175,no_default_confirmed,False,False
1843-06-17,city,Cincinnati,Cincinnati,C-0436,88.0,6.0,current_yield,6.8181818181818175,6.8181818181818175,no_default_confirmed,False,False
1843-06-24,city,Cincinnati,Cincinnati,C-0436,89.0,6.0,current_yield,6.741573033707865,6.741573033707865,no_default_confirmed,False,False
1843-07-01,city,Cincinnati,Cincinnati,C-0436,86.0,6.0,current_yield,6.976744186046512,6.976744186046512,no_default_confirmed,False,False
1843-07-08,city,Cincinnati,Cincinnati,C-0436,90.0,6.0,current_yield,6.666666666666667,6.666666666666667,no_default_confirmed,False,False
1843-07-15,city,Cincinnati,Cincinnati,C-0436,90.0,6.0,current_yield,6.666666666666667,6.666666666666667,no_default_confirmed,False,False
1843-07-22,city,Cincinnati,Cincinnati,C-0436,90.0,6.0,current_yield,6.666666666666667,6.666666666666667,no_default_confirmed,False,False
1843-07-29,city,Cincinnati,Cincinnati,C-0436,90.0,6.0,current_yield,6.666666666666667,6.666666666666667,no_default_confirmed,False,False
1843-08-05,city,Cincinnati,Cincinnati,C-0436,90.0,6.0,current_yield,6.666666666666667,6.666666666666667,no_default_confirmed,False,False
1843-08-12,city,Cincinnati,Cincinnati,C-0436,90.5,6.0,current_yield,6.629834254143646,6.629834254143646,no_default_confirmed,False,False
1843-08-19,city,Cincinnati,Cincinnati,C-0436,91.0,6.0,current_yield,6.593406593406594,6.593406593406594,no_default_confirmed,False,False
1843-08-26,city,Cincinnati,Cincinnati,C-0436,91.0,6.0,current_yield,6.593406593406594,6.593406593406594,no_default_confirmed,False,False
1843-09-01,city,Cincinnati,Cincinnati,C-0436,91.0,6.0,current_yield,6.593406593406594,6.593406593406594,no_default_confirmed,False,False
1843-09-09,city,Cincinnati,Cincinnati,C-0436,91.0,6.0,current_yield,6.593406593406594,6.593406593406594,no_default_confirmed,False,False
1843-09-16,city,Cincinnati,Cincinnati,C-0436,91.0,6.0,current_yield,6.593406593406594,6.593406593406594,no_default_confirmed,False,False
1843-09-23,city,Cincinnati,Cincinnati,C-0436,91.0,6.0,current_yield,6.593406593406594,6.593406593406594,no_default_confirmed,False,False
1843-09-30,city,Cincinnati,Cincinnati,C-0436,93.0,6.0,current_yield,6.451612903225806,6.451612903225806,no_default_confirmed,False,False
1843-10-07,city,Cincinnati,Cincinnati,C-0436,93.0,6.0,current_yield,6.451612903225806,6.451612903225806,no_default_confirmed,False,False
1843-10-21,city,Cincinnati,Cincinnati,C-0436,93.0,6.0,current_yield,6.451612903225806,6.451612903225806,no_default_confirmed,False,False
1843-10-28,city,Cincinnati,Cincinnati,C-0436,93.5,6.0,current_yield,6.417112299465241,6.417112299465241,no_default_confirmed,False,False
1843-11-04,city,Cincinnati,Cincinnati,C-0436,92.0,6.0,current_yield,6.521739130434782,6.521739130434782,no_default_confirmed,False,False
1843-11-18,city,Cincinnati,Cincinnati,C-0436,94.0,6.0,current_yield,6.382978723404255,6.382978723404255,no_default_confirmed,False,False
1843-12-09,city,Cincinnati,Cincinnati,C-0436,99.0,6.0,current_yield,6.0606060606060606,6.0606060606060606,no_default_confirmed,False,False
1843-12-16,city,Cincinnati,Cincinnati,C-0436,99.0,6.0,current_yield,6.0606060606060606,6.0606060606060606,no_default_confirmed,False,False
1843-12-23,city,Cincinnati,Cincinnati,C-0436,100.5,6.0,current_yield,5.970149253731343,5.970149253731343,no_default_confirmed,False,False
1843-12-30,city,Cincinnati,Cincinnati,C-0436,100.5,6.0,current_yield,5.970149253731343,5.970149253731343,no_default_confirmed,False,False
1844-01-06,city,Cincinnati,Cincinnati,C-0436,97.0,6.0,current_yield,6.185567010309279,6.185567010309279,no_default_confirmed,False,False
1844-01-13,city,Cincinnati,Cincinnati,C-0436,99.0,6.0,current_yield,6.0606060606060606,6.0606060606060606,no_default_confirmed,False,False
1844-01-20,city,Cincinnati,Cincinnati,C-0436,99.0,6.0,current_yield,6.0606060606060606,6.0606060606060606,no_default_confirmed,False,False
1844-01-27,city,Cincinnati,Cincinnati,C-0436,97.0,6.0,current_yield,6.185567010309279,6.185567010309279,no_default_confirmed,False,False
1844-02-03,city,Cincinnati,Cincinnati,C-0436,100.0,6.0,current_yield,6.0,6.0,no_default_confirmed,False,False
1844-02-10,city,Cincinnati,Cincinnati,C-0436,99.75,6.0,current_yield,6.015037593984962,6.015037593984962,no_default_confirmed,False,False
1844-02-17,city,Cincinnati,Cincinnati,C-0436,99.75,6.0,current_yield,6.015037593984962,6.015037593984962,no_default_confirmed,False,False
1844-02-24,city,Cincinnati,Cincinnati,C-0436,100.0,6.0,current_yield,6.0,6.0,no_default_confirmed,False,False
1844-03-02,city,Cincinnati,Cincinnati,C-0436,100.0,6.0,current_yield,6.0,6.0,no_default_confirmed,False,False
1844-03-09,city,Cincinnati,Cincinnati,C-0436,100.5,6.0,current_yield,5.970149253731343,5.970149253731343,no_default_confirmed,False,False
1844-03-23,city,Cincinnati,Cincinnati,C-0436,100.0,6.0,current_yield,6.0,6.0,no_default_confirmed,False,False
1844-03-30,city,Cincinnati,Cincinnati,C-0436,100.0,6.0,current_yield,6.0,6.0,no_default_confirmed,False,False
1844-04-06,city,Cincinnati,Cincinnati,C-0436,100.0,6.0,current_yield,6.0,6.0,no_default_confirmed,False,False
1844-04-20,city,Cincinnati,Cincinnati,C-0436,100.0,6.0,current_yield,6.0,6.0,no_default_confirmed,False,False
1844-04-27,city,Cincinnati,Cincinnati,C-0436,99.0,6.0,current_yield,6.0606060606060606,6.0606060606060606,no_default_confirmed,False,False
1844-05-11,city,Cincinnati,Cincinnati,C-0436,98.0,6.0,current_yield,6.122448979591836,6.122448979591836,no_default_confirmed,False,False
1844-05-18,city,Cincinnati,Cincinnati,C-0436,98.5,6.0,current_yield,6.091370558375635,6.091370558375635,no_default_confirmed,False,False
1844-05-25,city,Cincinnati,Cincinnati,C-0436,99.0,6.0,current_yield,6.0606060606060606,6.0606060606060606,no_default_confirmed,False,False
1844-06-01,city,Cincinnati,Cincinnati,C-0436,99.5,6.0,current_yield,6.030150753768844,6.030150753768844,no_default_confirmed,False,False
1844-06-08,city,Cincinnati,Cincinnati,C-0436,99.5,6.0,current_yield,6.030150753768844,6.030150753768844,no_default_confirmed,False,False
1844-06-15,city,Cincinnati,Cincinnati,C-0436,99.5,6.0,current_yield,6.030150753768844,6.030150753768844,no_default_confirmed,False,False
1844-06-22,city,Cincinnati,Cincinnati,C-0436,99.5,6.0,current_yield,6.030150753768844,6.030150753768844,no_default_confirmed,False,False
1844-06-29,city,Cincinnati,Cincinnati,C-0436,100.0,6.0,current_yield,6.0,6.0,no_default_confirmed,False,False
1844-07-06,city,Cincinnati,Cincinnati,C-0436,100.0,6.0,current_yield,6.0,6.0,no_default_confirmed,False,False
1844-07-13,city,Cincinnati,Cincinnati,C-0436,100.0,6.0,current_yield,6.0,6.0,no_default_confirmed,False,False
1844-07-20,city,Cincinnati,Cincinnati,C-0436,100.0,6.0,current_yield,6.0,6.0,no_default_confirmed,False,False
1844-07-27,city,Cincinnati,Cincinnati,C-0436,100.0,6.0,current_yield,6.0,6.0,no_default_confirmed,False,False
1844-08-03,city,Cincinnati,Cincinnati,C-0436,100.0,6.0,current_yield,6.0,6.0,no_default_confirmed,False,False
1844-08-10,city,Cincinnati,Cincinnati,C-0436,100.0,6.0,current_yield,6.0,6.0,no_default_confirmed,False,False
1844-08-17,city,Cincinnati,Cincinnati,C-0436,100.0,6.0,current_yield,6.0,6.0,no_default_confirmed,False,False
1844-08-24,city,Cincinnati,Cincinnati,C-0436,100.0,6.0,current_yield,6.0,6.0,no_default_confirmed,False,False
1844-08-31,city,Cincinnati,Cincinnati,C-0436,100.0,6.0,current_yield,6.0,6.0,no_default_confirmed,False,False
1844-09-07,city,Cincinnati,Cincinnati,C-0436,100.0,6.0,current_yield,6.0,6.0,no_default_confirmed,False,False
1844-09-14,city,Cincinnati,Cincinnati,C-0436,100.0,6.0,current_yield,6.0,6.0,no_default_confirmed,False,False
1844-09-21,city,Cincinnati,Cincinnati,C-0436,100.0,6.0,current_yield,6.0,6.0,no_default_confirmed,False,False
1844-09-28,city,Cincinnati,Cincinnati,C-0436,100.0,6.0,current_yield,6.0,6.0,no_default_confirmed,False,False
1844-10-06,city,Cincinnati,Cincinnati,C-0436,100.0,6.0,current_yield,6.0,6.0,no_default_confirmed,False,False
1844-10-12,city,Cincinnati,Cincinnati,C-0436,100.0,6.0,current_yield,6.0,6.0,no_default_confirmed,False,False
1844-10-19,city,Cincinnati,Cincinnati,C-0436,101.0,6.0,current_yield,5.9405940594059405,5.9405940594059405,no_default_confirmed,False,False
1844-10-26,city,Cincinnati,Cincinnati,C-0436,101.0,6.0,current_yield,5.9405940594059405,5.9405940594059405,no_default_confirmed,False,False
1844-11-02,city,Cincinnati,Cincinnati,C-0436,101.0,6.0,current_yield,5.9405940594059405,5.9405940594059405,no_default_confirmed,False,False
1844-11-09,city,Cincinnati,Cincinnati,C-0436,101.0,6.0,current_yield,5.9405940594059405,5.9405940594059405,no_default_confirmed,False,False
1844-11-23,city,Cincinnati,Cincinnati,C-0436,101.0,6.0,current_yield,5.9405940594059405,5.9405940594059405,no_default_confirmed,False,False
1844-11-30,city,Cincinnati,Cincinnati,C-0436,101.0,6.0,current_yield,5.9405940594059405,5.9405940594059405,no_default_confirmed,False,False
1844-12-07,city,Cincinnati,Cincinnati,C-0436,101.0,6.0,current_yield,5.9405940594059405,5.9405940594059405,no_default_confirmed,False,False
1844-12-14,city,Cincinnati,Cincinnati,C-0436,100.0,6.0,current_yield,6.0,6.0,no_default_confirmed,False,False
1844-12-21,city,Cincinnati,Cincinnati,C-0436,100.0,6.0,current_yield,6.0,6.0,no_default_confirmed,False,False
1844-12-28,city,Cincinnati,Cincinnati,C-0436,100.0,6.0,current_yield,6.0,6.0,no_default_confirmed,False,False
1845-01-04,city,Cincinnati,Cincinnati,C-0436,99.0,6.0,current_yield,6.0606060606060606,6.0606060606060606,no_default_confirmed,False,False
1845-01-11,city,Cincinnati,Cincinnati,C-0436,99.0,6.0,current_yield,6.0606060606060606,6.0606060606060606,no_default_confirmed,False,False
1845-01-18,city,Cincinnati,Cincinnati,C-0436,99.0,6.0,current_yield,6.0606060606060606,6.0606060606060606,no_default_confirmed,False,False
1845-01-25,city,Cincinnati,Cincinnati,C-0436,98.0,6.0,current_yield,6.122448979591836,6.122448979591836,no_default_confirmed,False,False
1845-02-08,city,Cincinnati,Cincinnati,C-0436,98.0,6.0,current_yield,6.122448979591836,6.122448979591836,no_default_confirmed,False,False
1845-02-15,city,Cincinnati,Cincinnati,C-0436,98.0,6.0,current_yield,6.122448979591836,6.122448979591836,no_default_confirmed,False,False
1845-02-22,city,Cincinnati,Cincinnati,C-0436,98.0,6.0,current_yield,6.122448979591836,6.122448979591836,no_default_confirmed,False,False
1845-03-01,city,Cincinnati,Cincinnati,C-0436,98.0,6.0,current_yield,6.122448979591836,6.122448979591836,no_default_confirmed,False,False
1845-03-08,city,Cincinnati,Cincinnati,C-0436,98.0,6.0,current_yield,6.122448979591836,6.122448979591836,no_default_confirmed,False,False
1845-03-15,city,Cincinnati,Cincinnati,C-0436,98.0,6.0,current_yield,6.122448979591836,6.122448979591836,no_default_confirmed,False,False
1845-03-22,city,Cincinnati,Cincinnati,C-0436,98.0,6.0,current_yield,6.122448979591836,6.122448979591836,no_default_confirmed,False,False
1845-03-29,city,Cincinnati,Cincinnati,C-0436,98.0,6.0,current_yield,6.122448979591836,6.122448979591836,no_default_confirmed,False,False
1845-04-05,city,Cincinnati,Cincinnati,C-0436,98.0,6.0,current_yield,6.122448979591836,6.122448979591836,no_default_confirmed,False,False
1845-04-12,city,Cincinnati,Cincinnati,C-0436,98.0,6.0,current_yield,6.122448979591836,6.122448979591836,no_default_confirmed,False,False
1845-04-19,city,Cincinnati,Cincinnati,C-0436,98.0,6.0,current_yield,6.122448979591836,6.122448979591836,no_default_confirmed,False,False
1845-05-03,city,Cincinnati,Cincinnati,C-0436,98.0,6.0,current_yield,6.122448979591836,6.122448979591836,no_default_confirmed,False,False
1845-05-10,city,Cincinnati,Cincinnati,C-0436,98.0,6.0,current_yield,6.122448979591836,6.122448979591836,no_default_confirmed,False,False
1845-05-17,city,Cincinnati,Cincinnati,C-0436,98.0,6.0,current_yield,6.122448979591836,6.122448979591836,no_default_confirmed,False,False
1845-05-24,city,Cincinnati,Cincinnati,C-0436,98.0,6.0,current_yield,6.122448979591836,6.122448979591836,no_default_confirmed,False,False
1845-05-31,city,Cincinnati,Cincinnati,C-0436,98.0,6.0,current_yield,6.122448979591836,6.122448979591836,no_default_confirmed,False,False
1845-06-07,city,Cincinnati,Cincinnati,C-0436,98.0,6.0,current_yield,6.122448979591836,6.122448979591836,no_default_confirmed,False,False
1845-06-28,city,Cincinnati,Cincinnati,C-0436,96.0,6.0,current_yield,6.25,6.25,no_default_confirmed,False,False
1845-07-05,city,Cincinnati,Cincinnati,C-0436,96.0,6.0,current_yield,6.25,6.25,no_default_confirmed,False,False
1845-07-12,city,Cincinnati,Cincinnati,C-0436,96.0,6.0,current_yield,6.25,6.25,no_default_confirmed,False,False
1845-07-19,city,Cincinnati,Cincinnati,C-0436,97.0,6.0,current_yield,6.185567010309279,6.185567010309279,no_default_confirmed,False,False
1845-07-26,city,Cincinnati,Cincinnati,C-0436,97.0,6.0,current_yield,6.185567010309279,6.185567010309279,no_default_confirmed,False,False
1845-08-02,city,Cincinnati,Cincinnati,C-0436,97.0,6.0,current_yield,6.185567010309279,6.185567010309279,no_default_confirmed,False,False
1845-08-09,city,Cincinnati,Cincinnati,C-0436,97.0,6.0,current_yield,6.185567010309279,6.185567010309279,no_default_confirmed,False,False
1845-08-16,city,Cincinnati,Cincinnati,C-0436,97.0,6.0,current_yield,6.185567010309279,6.185567010309279,no_default_confirmed,False,False
1845-08-23,city,Cincinnati,Cincinnati,C-0436,97.0,6.0,current_yield,6.185567010309279,6.185567010309279,no_default_confirmed,False,False
1845-08-30,city,Cincinnati,Cincinnati,C-0436,97.0,6.0,current_yield,6.185567010309279,6.185567010309279,no_default_confirmed,False,False
1845-09-06,city,Cincinnati,Cincinnati,C-0436,97.0,6.0,current_yield,6.185567010309279,6.185567010309279,no_default_confirmed,False,False
1845-09-13,city,Cincinnati,Cincinnati,C-0436,97.0,6.0,current_yield,6.185567010309279,6.185567010309279,no_default_confirmed,False,False
1845-09-20,city,Cincinnati,Cincinnati,C-0436,97.0,6.0,current_yield,6.185567010309279,6.185567010309279,no_default_confirmed,False,False
1845-09-27,city,Cincinnati,Cincinnati,C-0436,97.0,6.0,current_yield,6.185567010309279,6.185567010309279,no_default_confirmed,False,False
1845-10-04,city,Cincinnati,Cincinnati,C-0436,98.0,6.0,current_yield,6.122448979591836,6.122448979591836,no_default_confirmed,False,False
1845-10-11,city,Cincinnati,Cincinnati,C-0436,98.0,6.0,current_yield,6.122448979591836,6.122448979591836,no_default_confirmed,False,False
1845-10-18,city,Cincinnati,Cincinnati,C-0436,98.0,6.0,current_yield,6.122448979591836,6.122448979591836,no_default_confirmed,False,False
1845-10-25,city,Cincinnati,Cincinnati,C-0436,98.0,6.0,current_yield,6.122448979591836,6.122448979591836,no_default_confirmed,False,False
1845-11-01,city,Cincinnati,Cincinnati,C-0436,98.0,6.0,current_yield,6.122448979591836,6.122448979591836,no_default_confirmed,False,False
1845-11-08,city,Cincinnati,Cincinnati,C-0436,98.0,6.0,current_yield,6.122448979591836,6.122448979591836,no_default_confirmed,False,False
1845-11-22,city,Cincinnati,Cincinnati,C-0436,93.5,6.0,current_yield,6.417112299465241,6.417112299465241,no_default_confirmed,False,False
1845-12-27,city,Cincinnati,Cincinnati,C-0436,94.5,6.0,current_yield,6.349206349206349,6.349206349206349,no_default_confirmed,False,False
1846-01-03,city,Cincinnati,Cincinnati,C-0436,94.5,6.0,current_yield,6.349206349206349,6.349206349206349,no_default_confirmed,False,False
1846-01-10,city,Cincinnati,Cincinnati,C-0436,94.5,6.0,current_yield,6.349206349206349,6.349206349206349,no_default_confirmed,False,False
1846-01-17,city,Cincinnati,Cincinnati,C-0436,94.5,6.0,current_yield,6.349206349206349,6.349206349206349,no_default_confirmed,False,False
1846-01-24,city,Cincinnati,Cincinnati,C-0436,94.0,6.0,current_yield,6.382978723404255,6.382978723404255,no_default_confirmed,False,False
1846-02-07,city,Cincinnati,Cincinnati,C-0436,92.0,6.0,current_yield,6.521739130434782,6.521739130434782,no_default_confirmed,False,False
1846-02-14,city,Cincinnati,Cincinnati,C-0436,92.0,6.0,current_yield,6.521739130434782,6.521739130434782,no_default_confirmed,False,False
1846-03-21,city,Cincinnati,Cincinnati,C-0436,93.0,6.0,current_yield,6.451612903225806,6.451612903225806,no_default_confirmed,False,False
1846-03-28,city,Cincinnati,Cincinnati,C-0436,93.0,6.0,current_yield,6.451612903225806,6.451612903225806,no_default_confirmed,False,False
1846-04-04,city,Cincinnati,Cincinnati,C-0436,94.0,6.0,current_yield,6.382978723404255,6.382978723404255,no_default_confirmed,False,False
1846-04-11,city,Cincinnati,Cincinnati,C-0436,94.0,6.0,current_yield,6.382978723404255,6.382978723404255,no_default_confirmed,False,False
1846-04-18,city,Cincinnati,Cincinnati,C-0436,94.0,6.0,current_yield,6.382978723404255,6.382978723404255,no_default_confirmed,False,False
1846-04-25,city,Cincinnati,Cincinnati,C-0436,94.0,6.0,current_yield,6.382978723404255,6.382978723404255,no_default_confirmed,False,False
1846-05-02,city,Cincinnati,Cincinnati,C-0436,95.0,6.0,current_yield,6.315789473684211,6.315789473684211,no_default_confirmed,False,False
1846-05-09,city,Cincinnati,Cincinnati,C-0436,92.25,6.0,current_yield,6.504065040650407,6.504065040650407,no_default_confirmed,False,False
1846-05-16,city,Cincinnati,Cincinnati,C-0436,90.0,6.0,current_yield,6.666666666666667,6.666666666666667,no_default_confirmed,False,False
1846-05-23,city,Cincinnati,Cincinnati,C-0436,90.0,6.0,current_yield,6.666666666666667,6.666666666666667,no_default_confirmed,False,False
1846-06-13,city,Cincinnati,Cincinnati,C-0436,93.5,6.0,current_yield,6.417112299465241,6.417112299465241,no_default_confirmed,False,False
1846-06-20,city,Cincinnati,Cincinnati,C-0436,93.5,6.0,current_yield,6.417112299465241,6.417112299465241,no_default_confirmed,False,False
1846-06-27,city,Cincinnati,Cincinnati,C-0436,93.5,6.0,current_yield,6.417112299465241,6.417112299465241,no_default_confirmed,False,False
1846-07-11,city,Cincinnati,Cincinnati,C-0436,93.5,6.0,current_yield,6.417112299465241,6.417112299465241,no_default_confirmed,False,False
1846-07-18,city,Cincinnati,Cincinnati,C-0436,95.0,6.0,current_yield,6.315789473684211,6.315789473684211,no_default_confirmed,False,False
1846-07-25,city,Cincinnati,Cincinnati,C-0436,94.0,6.0,current_yield,6.382978723404255,6.382978723404255,no_default_confirmed,False,False
1846-08-15,city,Cincinnati,Cincinnati,C-0436,94.0,6.0,current_yield,6.382978723404255,6.382978723404255,no_default_confirmed,False,False
1846-08-29,city,Cincinnati,Cincinnati,C-0436,94.0,6.0,current_yield,6.382978723404255,6.382978723404255,no_default_confirmed,False,False
1846-09-05,city,Cincinnati,Cincinnati,C-0436,94.0,6.0,current_yield,6.382978723404255,6.382978723404255,no_default_confirmed,False,False
1846-09-19,city,Cincinnati,Cincinnati,C-0436,93.0,6.0,current_yield,6.451612903225806,6.451612903225806,no_default_confirmed,False,False
1846-09-26,city,Cincinnati,Cincinnati,C-0436,93.0,6.0,current_yield,6.451612903225806,6.451612903225806,no_default_confirmed,False,False
1846-10-03,city,Cincinnati,Cincinnati,C-0436,94.0,6.0,current_yield,6.382978723404255,6.382978723404255,no_default_confirmed,False,False
1846-10-10,city,Cincinnati,Cincinnati,C-0436,94.0,6.0,current_yield,6.382978723404255,6.382978723404255,no_default_confirmed,False,False
1846-10-17,city,Cincinnati,Cincinnati,C-0436,94.0,6.0,current_yield,6.382978723404255,6.382978723404255,no_default_confirmed,False,False
1846-12-05,city,Cincinnati,Cincinnati,C-0436,94.0,6.0,current_yield,6.382978723404255,6.382978723404255,no_default_confirmed,False,False
1846-12-12,city,Cincinnati,Cincinnati,C-0436,93.0,6.0,current_yield,6.451612903225806,6.451612903225806,no_default_confirmed,False,False
1846-12-19,city,Cincinnati,Cincinnati,C-0436,93.0,6.0,current_yield,6.451612903225806,6.451612903225806,no_default_confirmed,False,False
1846-12-26,city,Cincinnati,Cincinnati,C-0436,91.0,6.0,current_yield,6.593406593406594,6.593406593406594,no_default_confirmed,False,False
1847-01-02,city,Cincinnati,Cincinnati,C-0436,91.0,6.0,current_yield,6.593406593406594,6.593406593406594,no_default_confirmed,False,False
1847-01-16,city,Cincinnati,Cincinnati,C-0436,90.0,6.0,current_yield,6.666666666666667,6.666666666666667,no_default_confirmed,False,False
1847-01-23,city,Cincinnati,Cincinnati,C-0436,90.0,6.0,current_yield,6.666666666666667,6.666666666666667,no_default_confirmed,False,False
1847-02-13,city,Cincinnati,Cincinnati,C-0436,92.5,6.0,current_yield,6.486486486486487,6.486486486486487,no_default_confirmed,False,False
1847-02-20,city,Cincinnati,Cincinnati,C-0436,92.5,6.0,current_yield,6.486486486486487,6.486486486486487,no_default_confirmed,False,False
1847-02-27,city,Cincinnati,Cincinnati,C-0436,93.0,6.0,current_yield,6.451612903225806,6.451612903225806,no_default_confirmed,False,False
1847-03-06,city,Cincinnati,Cincinnati,C-0436,93.0,6.0,current_yield,6.451612903225806,6.451612903225806,no_default_confirmed,False,False
1847-03-13,city,Cincinnati,Cincinnati,C-0436,93.0,6.0,current_yield,6.451612903225806,6.451612903225806,no_default_confirmed,False,False
1847-03-20,city,Cincinnati,Cincinnati,C-0436,94.5,6.0,current_yield,6.349206349206349,6.349206349206349,no_default_confirmed,False,False
1847-03-27,city,Cincinnati,Cincinnati,C-0436,94.5,6.0,current_yield,6.349206349206349,6.349206349206349,no_default_confirmed,False,False
1847-04-03,city,Cincinnati,Cincinnati,C-0436,94.5,6.0,current_yield,6.349206349206349,6.349206349206349,no_default_confirmed,False,False
1847-04-10,city,Cincinnati,Cincinnati,C-0436,94.5,6.0,current_yield,6.349206349206349,6.349206349206349,no_default_confirmed,False,False
1847-04-17,city,Cincinnati,Cincinnati,C-0436,94.5,6.0,current_yield,6.349206349206349,6.349206349206349,no_default_confirmed,False,False
1847-04-24,city,Cincinnati,Cincinnati,C-0436,94.5,6.0,current_yield,6.349206349206349,6.349206349206349,no_default_confirmed,False,False
1847-05-01,city,Cincinnati,Cincinnati,C-0436,95.0,6.0,current_yield,6.315789473684211,6.315789473684211,no_default_confirmed,False,False
1847-05-08,city,Cincinnati,Cincinnati,C-0436,93.0,6.0,current_yield,6.451612903225806,6.451612903225806,no_default_confirmed,False,False
1847-05-15,city,Cincinnati,Cincinnati,C-0436,93.0,6.0,current_yield,6.451612903225806,6.451612903225806,no_default_confirmed,False,False
1847-05-22,city,Cincinnati,Cincinnati,C-0436,93.0,6.0,current_yield,6.451612903225806,6.451612903225806,no_default_confirmed,False,False
1847-05-29,city,Cincinnati,Cincinnati,C-0436,95.0,6.0,current_yield,6.315789473684211,6.315789473684211,no_default_confirmed,False,False
1847-06-05,city,Cincinnati,Cincinnati,C-0436,95.0,6.0,current_yield,6.315789473684211,6.315789473684211,no_default_confirmed,False,False
1847-06-12,city,Cincinnati,Cincinnati,C-0436,95.0,6.0,current_yield,6.315789473684211,6.315789473684211,no_default_confirmed,False,False
1847-06-19,city,Cincinnati,Cincinnati,C-0436,95.0,6.0,current_yield,6.315789473684211,6.315789473684211,no_default_confirmed,False,False
1847-06-26,city,Cincinnati,Cincinnati,C-0436,95.0,6.0,current_yield,6.315789473684211,6.315789473684211,no_default_confirmed,False,False
1847-07-03,city,Cincinnati,Cincinnati,C-0436,95.0,6.0,current_yield,6.315789473684211,6.315789473684211,no_default_confirmed,False,False
1847-07-10,city,Cincinnati,Cincinnati,C-0436,93.0,6.0,current_yield,6.451612903225806,6.451612903225806,no_default_confirmed,False,False
1847-07-17,city,Cincinnati,Cincinnati,C-0436,94.0,6.0,current_yield,6.382978723404255,6.382978723404255,no_default_confirmed,False,False
1847-07-24,city,Cincinnati,Cincinnati,C-0436,94.0,6.0,current_yield,6.382978723404255,6.382978723404255,no_default_confirmed,False,False
1847-07-31,city,Cincinnati,Cincinnati,C-0436,94.0,6.0,current_yield,6.382978723404255,6.382978723404255,no_default_confirmed,False,False
1847-08-07,city,Cincinnati,Cincinnati,C-0436,94.0,6.0,current_yield,6.382978723404255,6.382978723404255,no_default_confirmed,False,False
1847-08-14,city,Cincinnati,Cincinnati,C-0436,94.0,6.0,current_yield,6.382978723404255,6.382978723404255,no_default_confirmed,False,False
1847-08-21,city,Cincinnati,Cincinnati,C-0436,94.0,6.0,current_yield,6.382978723404255,6.382978723404255,no_default_confirmed,False,False
1847-08-28,city,Cincinnati,Cincinnati,C-0436,94.0,6.0,current_yield,6.382978723404255,6.382978723404255,no_default_confirmed,False,False
1847-09-04,city,Cincinnati,Cincinnati,C-0436,94.0,6.0,current_yield,6.382978723404255,6.382978723404255,no_default_confirmed,False,False
1847-09-11,city,Cincinnati,Cincinnati,C-0436,94.0,6.0,current_yield,6.382978723404255,6.382978723404255,no_default_confirmed,False,False
1847-09-18,city,Cincinnati,Cincinnati,C-0436,95.0,6.0,current_yield,6.315789473684211,6.315789473684211,no_default_confirmed,False,False
1847-09-25,city,Cincinnati,Cincinnati,C-0436,95.0,6.0,current_yield,6.315789473684211,6.315789473684211,no_default_confirmed,False,False
1847-10-02,city,Cincinnati,Cincinnati,C-0436,95.0,6.0,current_yield,6.315789473684211,6.315789473684211,no_default_confirmed,False,False
1847-10-09,city,Cincinnati,Cincinnati,C-0436,93.0,6.0,current_yield,6.451612903225806,6.451612903225806,no_default_confirmed,False,False
1847-10-16,city,Cincinnati,Cincinnati,C-0436,93.0,6.0,current_yield,6.451612903225806,6.451612903225806,no_default_confirmed,False,False
1847-10-23,city,Cincinnati,Cincinnati,C-0436,93.0,6.0,current_yield,6.451612903225806,6.451612903225806,no_default_confirmed,False,False
1847-10-30,city,Cincinnati,Cincinnati,C-0436,93.0,6.0,current_yield,6.451612903225806,6.451612903225806,no_default_confirmed,False,False
1847-11-06,city,Cincinnati,Cincinnati,C-0436,95.0,6.0,current_yield,6.315789473684211,6.315789473684211,no_default_confirmed,False,False
1847-11-13,city,Cincinnati,Cincinnati,C-0436,95.0,6.0,current_yield,6.315789473684211,6.315789473684211,no_default_confirmed,False,False
1847-11-20,city,Cincinnati,Cincinnati,C-0436,91.0,6.0,current_yield,6.593406593406594,6.593406593406594,no_default_confirmed,False,False
1847-11-27,city,Cincinnati,Cincinnati,C-0436,91.0,6.0,current_yield,6.593406593406594,6.593406593406594,no_default_confirmed,False,False
1847-12-04,city,Cincinnati,Cincinnati,C-0436,91.0,6.0,current_yield,6.593406593406594,6.593406593406594,no_default_confirmed,False,False
1847-12-11,city,Cincinnati,Cincinnati,C-0436,91.0,6.0,current_yield,6.593406593406594,6.593406593406594,no_default_confirmed,False,False
1847-12-18,city,Cincinnati,Cincinnati,C-0436,88.0,6.0,current_yield,6.8181818181818175,6.8181818181818175,no_default_confirmed,False,False
1847-12-25,city,Cincinnati,Cincinnati,C-0436,90.0,6.0,current_yield,6.666666666666667,6.666666666666667,no_default_confirmed,False,False
1848-01-01,city,Cincinnati,Cincinnati,C-0436,90.0,6.0,current_yield,6.666666666666667,6.666666666666667,no_default_confirmed,False,False
1848-01-08,city,Cincinnati,Cincinnati,C-0436,90.0,6.0,current_yield,6.666666666666667,6.666666666666667,no_default_confirmed,False,False
1848-01-15,city,Cincinnati,Cincinnati,C-0436,90.0,6.0,current_yield,6.666666666666667,6.666666666666667,no_default_confirmed,False,False
1848-01-22,city,Cincinnati,Cincinnati,C-0436,90.0,6.0,current_yield,6.666666666666667,6.666666666666667,no_default_confirmed,False,False
1848-01-29,city,Cincinnati,Cincinnati,C-0436,90.0,6.0,current_yield,6.666666666666667,6.666666666666667,no_default_confirmed,False,False
1848-02-05,city,Cincinnati,Cincinnati,C-0436,89.0,6.0,current_yield,6.741573033707865,6.741573033707865,no_default_confirmed,False,False
1848-02-12,city,Cincinnati,Cincinnati,C-0436,90.0,6.0,current_yield,6.666666666666667,6.666666666666667,no_default_confirmed,False,False
1848-02-19,city,Cincinnati,Cincinnati,C-0436,90.0,6.0,current_yield,6.666666666666667,6.666666666666667,no_default_confirmed,False,False
1848-02-26,city,Cincinnati,Cincinnati,C-0436,90.0,6.0,current_yield,6.666666666666667,6.666666666666667,no_default_confirmed,False,False
1848-03-04,city,Cincinnati,Cincinnati,C-0436,90.0,6.0,current_yield,6.666666666666667,6.666666666666667,no_default_confirmed,False,False
1848-03-11,city,Cincinnati,Cincinnati,C-0436,90.0,6.0,current_yield,6.666666666666667,6.666666666666667,no_default_confirmed,False,False
1848-03-18,city,Cincinnati,Cincinnati,C-0436,90.0,6.0,current_yield,6.666666666666667,6.666666666666667,no_default_confirmed,False,False
1848-03-25,city,Cincinnati,Cincinnati,C-0436,90.0,6.0,current_yield,6.666666666666667,6.666666666666667,no_default_confirmed,False,False
1848-05-06,city,Cincinnati,Cincinnati,C-0436,87.0,6.0,current_yield,6.896551724137931,6.896551724137931,no_default_confirmed,False,False
1848-05-13,city,Cincinnati,Cincinnati,C-0436,87.0,6.0,current_yield,6.896551724137931,6.896551724137931,no_default_confirmed,False,False
1848-05-20,city,Cincinnati,Cincinnati,C-0436,87.0,6.0,current_yield,6.896551724137931,6.896551724137931,no_default_confirmed,False,False
1848-05-27,city,Cincinnati,Cincinnati,C-0436,87.0,6.0,current_yield,6.896551724137931,6.896551724137931,no_default_confirmed,False,False
1848-06-03,city,Cincinnati,Cincinnati,C-0436,87.0,6.0,current_yield,6.896551724137931,6.896551724137931,no_default_confirmed,False,False
1848-06-10,city,Cincinnati,Cincinnati,C-0436,87.5,6.0,current_yield,6.857142857142858,6.857142857142858,no_default_confirmed,False,False
1848-06-17,city,Cincinnati,Cincinnati,C-0436,87.0,6.0,current_yield,6.896551724137931,6.896551724137931,no_default_confirmed,False,False
1848-06-24,city,Cincinnati,Cincinnati,C-0436,87.0,6.0,current_yield,6.896551724137931,6.896551724137931,no_default_confirmed,False,False
1848-07-01,city,Cincinnati,Cincinnati,C-0436,87.0,6.0,current_yield,6.896551724137931,6.896551724137931,no_default_confirmed,False,False
1848-07-08,city,Cincinnati,Cincinnati,C-0436,87.0,6.0,current_yield,6.896551724137931,6.896551724137931,no_default_confirmed,False,False
1848-07-15,city,Cincinnati,Cincinnati,C-0436,87.0,6.0,current_yield,6.896551724137931,6.896551724137931,no_default_confirmed,False,False
1848-07-22,city,Cincinnati,Cincinnati,C-0436,87.0,6.0,current_yield,6.896551724137931,6.896551724137931,no_default_confirmed,False,False
1848-07-29,city,Cincinnati,Cincinnati,C-0436,87.0,6.0,current_yield,6.896551724137931,6.896551724137931,no_default_confirmed,False,False
1848-08-05,city,Cincinnati,Cincinnati,C-0436,87.0,6.0,current_yield,6.896551724137931,6.896551724137931,no_default_confirmed,False,False
1848-08-12,city,Cincinnati,Cincinnati,C-0436,87.0,6.0,current_yield,6.896551724137931,6.896551724137931,no_default_confirmed,False,False
1848-08-19,city,Cincinnati,Cincinnati,C-0436,87.0,6.0,current_yield,6.896551724137931,6.896551724137931,no_default_confirmed,False,False
1848-08-26,city,Cincinnati,Cincinnati,C-0436,86.5,6.0,current_yield,6.9364161849710975,6.9364161849710975,no_default_confirmed,False,False
1848-10-28,city,Cincinnati,Cincinnati,C-0436,88.0,6.0,current_yield,6.8181818181818175,6.8181818181818175,no_default_confirmed,False,False
1848-11-04,city,Cincinnati,Cincinnati,C-0436,87.5,6.0,current_yield,6.857142857142858,6.857142857142858,no_default_confirmed,False,False
1848-11-11,city,Cincinnati,Cincinnati,C-0436,87.5,6.0,current_yield,6.857142857142858,6.857142857142858,no_default_confirmed,False,False
1848-11-18,city,Cincinnati,Cincinnati,C-0436,87.5,6.0,current_yield,6.857142857142858,6.857142857142858,no_default_confirmed,False,False
1848-11-25,city,Cincinnati,Cincinnati,C-0436,88.0,6.0,current_yield,6.8181818181818175,6.8181818181818175,no_default_confirmed,False,False
1848-12-02,city,Cincinnati,Cincinnati,C-0436,88.0,6.0,current_yield,6.8181818181818175,6.8181818181818175,no_default_confirmed,False,False
1848-12-09,city,Cincinnati,Cincinnati,C-0436,88.0,6.0,current_yield,6.8181818181818175,6.8181818181818175,no_default_confirmed,False,False
1848-12-16,city,Cincinnati,Cincinnati,C-0436,88.0,6.0,current_yield,6.8181818181818175,6.8181818181818175,no_default_confirmed,False,False
1848-12-23,city,Cincinnati,Cincinnati,C-0436,89.0,6.0,current_yield,6.741573033707865,6.741573033707865,no_default_confirmed,False,False
1848-12-30,city,Cincinnati,Cincinnati,C-0436,89.0,6.0,current_yield,6.741573033707865,6.741573033707865,no_default_confirmed,False,False
1849-01-06,city,Cincinnati,Cincinnati,C-0436,89.0,6.0,current_yield,6.741573033707865,6.741573033707865,no_default_confirmed,False,False
1849-01-20,city,Cincinnati,Cincinnati,C-0436,89.0,6.0,current_yield,6.741573033707865,6.741573033707865,no_default_confirmed,False,False
1849-02-10,city,Cincinnati,Cincinnati,C-0436,95.0,6.0,current_yield,6.315789473684211,6.315789473684211,no_default_confirmed,False,False
1849-02-17,city,Cincinnati,Cincinnati,C-0436,95.0,6.0,current_yield,6.315789473684211,6.315789473684211,no_default_confirmed,False,False
1849-02-24,city,Cincinnati,Cincinnati,C-0436,91.25,6.0,current_yield,6.575342465753424,6.575342465753424,no_default_confirmed,False,False
1849-03-03,city,Cincinnati,Cincinnati,C-0436,92.5,6.0,current_yield,6.486486486486487,6.486486486486487,no_default_confirmed,False,False
1849-03-10,city,Cincinnati,Cincinnati,C-0436,92.5,6.0,current_yield,6.486486486486487,6.486486486486487,no_default_confirmed,False,False
1849-03-17,city,Cincinnati,Cincinnati,C-0436,92.0,6.0,current_yield,6.521739130434782,6.521739130434782,no_default_confirmed,False,False
1849-03-24,city,Cincinnati,Cincinnati,C-0436,92.0,6.0,current_yield,6.521739130434782,6.521739130434782,no_default_confirmed,False,False
1849-03-31,city,Cincinnati,Cincinnati,C-0436,92.0,6.0,current_yield,6.521739130434782,6.521739130434782,no_default_confirmed,False,False
1849-04-07,city,Cincinnati,Cincinnati,C-0436,92.0,6.0,current_yield,6.521739130434782,6.521739130434782,no_default_confirmed,False,False
1849-04-14,city,Cincinnati,Cincinnati,C-0436,92.0,6.0,current_yield,6.521739130434782,6.521739130434782,no_default_confirmed,False,False
1849-04-21,city,Cincinnati,Cincinnati,C-0436,91.75,6.0,current_yield,6.539509536784741,6.539509536784741,no_default_confirmed,False,False
1849-04-28,city,Cincinnati,Cincinnati,C-0436,93.25,6.0,current_yield,6.434316353887399,6.434316353887399,no_default_confirmed,False,False
1849-05-05,city,Cincinnati,Cincinnati,C-0436,93.25,6.0,current_yield,6.434316353887399,6.434316353887399,no_default_confirmed,False,False
1849-05-26,city,Cincinnati,Cincinnati,C-0436,90.0,6.0,current_yield,6.666666666666667,6.666666666666667,no_default_confirmed,False,False
1849-06-02,city,Cincinnati,Cincinnati,C-0436,90.0,6.0,current_yield,6.666666666666667,6.666666666666667,no_default_confirmed,False,False
1849-06-09,city,Cincinnati,Cincinnati,C-0436,92.25,6.0,current_yield,6.504065040650407,6.504065040650407,no_default_confirmed,False,False
1849-06-16,city,Cincinnati,Cincinnati,C-0436,93.0,6.0,current_yield,6.451612903225806,6.451612903225806,no_default_confirmed,False,False
1849-06-23,city,Cincinnati,Cincinnati,C-0436,93.0,6.0,current_yield,6.451612903225806,6.451612903225806,no_default_confirmed,False,False
1849-06-30,city,Cincinnati,Cincinnati,C-0436,93.0,6.0,current_yield,6.451612903225806,6.451612903225806,no_default_confirmed,False,False
1849-07-07,city,Cincinnati,Cincinnati,C-0436,93.0,6.0,current_yield,6.451612903225806,6.451612903225806,no_default_confirmed,False,False
1849-07-14,city,Cincinnati,Cincinnati,C-0436,95.0,6.0,current_yield,6.315789473684211,6.315789473684211,no_default_confirmed,False,False
1849-07-21,city,Cincinnati,Cincinnati,C-0436,95.0,6.0,current_yield,6.315789473684211,6.315789473684211,no_default_confirmed,False,False
1849-07-28,city,Cincinnati,Cincinnati,C-0436,95.0,6.0,current_yield,6.315789473684211,6.315789473684211,no_default_confirmed,False,False
1849-08-04,city,Cincinnati,Cincinnati,C-0436,95.0,6.0,current_yield,6.315789473684211,6.315789473684211,no_default_confirmed,False,False
1849-08-11,city,Cincinnati,Cincinnati,C-0436,95.0,6.0,current_yield,6.315789473684211,6.315789473684211,no_default_confirmed,False,False
1849-08-18,city,Cincinnati,Cincinnati,C-0436,95.25,6.0,current_yield,6.299212598425196,6.299212598425196,no_default_confirmed,False,False
1849-08-25,city,Cincinnati,Cincinnati,C-0436,95.25,6.0,current_yield,6.299212598425196,6.299212598425196,no_default_confirmed,False,False
1849-09-01,city,Cincinnati,Cincinnati,C-0436,95.25,6.0,current_yield,6.299212598425196,6.299212598425196,no_default_confirmed,False,False
1849-09-08,city,Cincinnati,Cincinnati,C-0436,95.25,6.0,current_yield,6.299212598425196,6.299212598425196,no_default_confirmed,False,False
1849-09-15,city,Cincinnati,Cincinnati,C-0436,95.25,6.0,current_yield,6.299212598425196,6.299212598425196,no_default_confirmed,False,False
1849-09-22,city,Cincinnati,Cincinnati,C-0436,95.0,6.0,current_yield,6.315789473684211,6.315789473684211,no_default_confirmed,False,False
1849-09-29,city,Cincinnati,Cincinnati,C-0436,96.0,6.0,current_yield,6.25,6.25,no_default_confirmed,False,False
1849-10-27,city,Cincinnati,Cincinnati,C-0436,97.0,6.0,current_yield,6.185567010309279,6.185567010309279,no_default_confirmed,False,False
1849-11-03,city,Cincinnati,Cincinnati,C-0436,95.0,6.0,current_yield,6.315789473684211,6.315789473684211,no_default_confirmed,False,False
1849-11-24,city,Cincinnati,Cincinnati,C-0436,95.0,6.0,current_yield,6.315789473684211,6.315789473684211,no_default_confirmed,False,False
1849-12-01,city,Cincinnati,Cincinnati,C-0436,95.0,6.0,current_yield,6.315789473684211,6.315789473684211,no_default_confirmed,False,False
1849-12-08,city,Cincinnati,Cincinnati,C-0436,95.0,6.0,current_yield,6.315789473684211,6.315789473684211,no_default_confirmed,False,False
1849-12-29,city,Cincinnati,Cincinnati,C-0436,95.0,6.0,current_yield,6.315789473684211,6.315789473684211,no_default_confirmed,False,False
1850-01-05,city,Cincinnati,Cincinnati,C-0436,95.25,6.0,current_yield,6.299212598425196,6.299212598425196,no_default_confirmed,False,False
1850-01-12,city,Cincinnati,Cincinnati,C-0436,95.25,6.0,current_yield,6.299212598425196,6.299212598425196,no_default_confirmed,False,False
1850-01-19,city,Cincinnati,Cincinnati,C-0436,95.5,6.0,current_yield,6.282722513089005,6.282722513089005,no_default_confirmed,False,False
1850-01-26,city,Cincinnati,Cincinnati,C-0436,95.5,6.0,current_yield,6.282722513089005,6.282722513089005,no_default_confirmed,False,False
1850-02-02,city,Cincinnati,Cincinnati,C-0436,96.0,6.0,current_yield,6.25,6.25,no_default_confirmed,False,False
1850-02-09,city,Cincinnati,Cincinnati,C-0436,96.0,6.0,current_yield,6.25,6.25,no_default_confirmed,False,False
1850-02-16,city,Cincinnati,Cincinnati,C-0436,96.0,6.0,current_yield,6.25,6.25,no_default_confirmed,False,False
1850-02-23,city,Cincinnati,Cincinnati,C-0436,97.0,6.0,current_yield,6.185567010309279,6.185567010309279,no_default_confirmed,False,False
1850-03-02,city,Cincinnati,Cincinnati,C-0436,97.5,6.0,current_yield,6.153846153846154,6.153846153846154,no_default_confirmed,False,False
1850-03-16,city,Cincinnati,Cincinnati,C-0436,97.5,6.0,current_yield,6.153846153846154,6.153846153846154,no_default_confirmed,False,False
1850-03-30,city,Cincinnati,Cincinnati,C-0436,99.75,6.0,current_yield,6.015037593984962,6.015037593984962,no_default_confirmed,False,False
1850-04-06,city,Cincinnati,Cincinnati,C-0436,99.75,6.0,current_yield,6.015037593984962,6.015037593984962,no_default_confirmed,False,False
1850-04-13,city,Cincinnati,Cincinnati,C-0436,99.75,6.0,current_yield,6.015037593984962,6.015037593984962,no_default_confirmed,False,False
1850-04-20,city,Cincinnati,Cincinnati,C-0436,99.75,6.0,current_yield,6.015037593984962,6.015037593984962,no_default_confirmed,False,False
1850-04-27,city,Cincinnati,Cincinnati,C-0436,99.75,6.0,current_yield,6.015037593984962,6.015037593984962,no_default_confirmed,False,False
1850-05-04,city,Cincinnati,Cincinnati,C-0436,99.75,6.0,current_yield,6.015037593984962,6.015037593984962,no_default_confirmed,False,False
1850-05-11,city,Cincinnati,Cincinnati,C-0436,99.75,6.0,current_yield,6.015037593984962,6.015037593984962,no_default_confirmed,False,False
1850-05-18,city,Cincinnati,Cincinnati,C-0436,99.75,6.0,current_yield,6.015037593984962,6.015037593984962,no_default_confirmed,False,False
1850-05-25,city,Cincinnati,Cincinnati,C-0436,99.0,6.0,current_yield,6.0606060606060606,6.0606060606060606,no_default_confirmed,False,False
1850-06-01,city,Cincinnati,Cincinnati,C-0436,99.0,6.0,current_yield,6.0606060606060606,6.0606060606060606,no_default_confirmed,False,False
1850-06-08,city,Cincinnati,Cincinnati,C-0436,99.0,6.0,current_yield,6.0606060606060606,6.0606060606060606,no_default_confirmed,False,False
1850-06-15,city,Cincinnati,Cincinnati,C-0436,99.0,6.0,current_yield,6.0606060606060606,6.0606060606060606,no_default_confirmed,False,False
1850-06-22,city,Cincinnati,Cincinnati,C-0436,99.0,6.0,current_yield,6.0606060606060606,6.0606060606060606,no_default_confirmed,False,False
1850-06-29,city,Cincinnati,Cincinnati,C-0436,99.25,6.0,current_yield,6.045340050377834,6.045340050377834,no_default_confirmed,False,False
1850-07-06,city,Cincinnati,Cincinnati,C-0436,99.25,6.0,current_yield,6.045340050377834,6.045340050377834,no_default_confirmed,False,False
1850-07-13,city,Cincinnati,Cincinnati,C-0436,99.25,6.0,current_yield,6.045340050377834,6.045340050377834,no_default_confirmed,False,False
1850-07-20,city,Cincinnati,Cincinnati,C-0436,99.25,6.0,current_yield,6.045340050377834,6.045340050377834,no_default_confirmed,False,False
1850-07-27,city,Cincinnati,Cincinnati,C-0436,99.25,6.0,current_yield,6.045340050377834,6.045340050377834,no_default_confirmed,False,False
1850-08-03,city,Cincinnati,Cincinnati,C-0436,99.25,6.0,current_yield,6.045340050377834,6.045340050377834,no_default_confirmed,False,False
1850-08-10,city,Cincinnati,Cincinnati,C-0436,100.5,6.0,current_yield,5.970149253731343,5.970149253731343,no_default_confirmed,False,False
1850-08-17,city,Cincinnati,Cincinnati,C-0436,100.5,6.0,current_yield,5.970149253731343,5.970149253731343,no_default_confirmed,False,False
1850-08-24,city,Cincinnati,Cincinnati,C-0436,100.5,6.0,current_yield,5.970149253731343,5.970149253731343,no_default_confirmed,False,False
1850-08-31,city,Cincinnati,Cincinnati,C-0436,100.5,6.0,current_yield,5.970149253731343,5.970149253731343,no_default_confirmed,False,False
1850-09-07,city,Cincinnati,Cincinnati,C-0436,100.5,6.0,current_yield,5.970149253731343,5.970149253731343,no_default_confirmed,False,False
1850-09-14,city,Cincinnati,Cincinnati,C-0436,101.0,6.0,current_yield,5.9405940594059405,5.9405940594059405,no_default_confirmed,False,False
1850-09-21,city,Cincinnati,Cincinnati,C-0436,100.0,6.0,current_yield,6.0,6.0,no_default_confirmed,False,False
1850-09-28,city,Cincinnati,Cincinnati,C-0436,100.0,6.0,current_yield,6.0,6.0,no_default_confirmed,False,False
1850-10-05,city,Cincinnati,Cincinnati,C-0436,100.0,6.0,current_yield,6.0,6.0,no_default_confirmed,False,False
1850-10-12,city,Cincinnati,Cincinnati,C-0436,100.0,6.0,current_yield,6.0,6.0,no_default_confirmed,False,False
1850-10-19,city,Cincinnati,Cincinnati,C-0436,100.0,6.0,current_yield,6.0,6.0,no_default_confirmed,False,False
1850-10-26,city,Cincinnati,Cincinnati,C-0436,97.5,6.0,current_yield,6.153846153846154,6.153846153846154,no_default_confirmed,False,False
1850-11-02,city,Cincinnati,Cincinnati,C-0436,97.5,6.0,current_yield,6.153846153846154,6.153846153846154,no_default_confirmed,False,False
1850-11-09,city,Cincinnati,Cincinnati,C-0436,97.0,6.0,current_yield,6.185567010309279,6.185567010309279,no_default_confirmed,False,False
1850-11-16,city,Cincinnati,Cincinnati,C-0436,97.0,6.0,current_yield,6.185567010309279,6.185567010309279,no_default_confirmed,False,False
1850-11-23,city,Cincinnati,Cincinnati,C-0436,97.0,6.0,current_yield,6.185567010309279,6.185567010309279,no_default_confirmed,False,False
1850-11-30,city,Cincinnati,Cincinnati,C-0436,97.0,6.0,current_yield,6.185567010309279,6.185567010309279,no_default_confirmed,False,False
1850-12-07,city,Cincinnati,Cincinnati,C-0436,97.0,6.0,current_yield,6.185567010309279,6.185567010309279,no_default_confirmed,False,False
1850-12-14,city,Cincinnati,Cincinnati,C-0436,97.0,6.0,current_yield,6.185567010309279,6.185567010309279,no_default_confirmed,False,False
1850-12-28,city,Cincinnati,Cincinnati,C-0436,97.0,6.0,current_yield,6.185567010309279,6.185567010309279,no_default_confirmed,False,False
1827-06-23,state,Ohio,Ohio,S-2010,94.0,5.0,ytm,5.4292233209207685,5.319148936170213,safe,False,False
1827-06-23,state,Ohio,Ohio,S-2100,104.0,6.0,ytm,5.708270182161343,5.769230769230769,safe,False,False
1827-06-30,state,Ohio,Ohio,S-2100,103.75,6.0,ytm,5.726028583091484,5.783132530120482,safe,False,False
1827-07-14,state,Ohio,Ohio,S-2010,93.25,5.0,ytm,5.485543767184514,5.361930294906166,safe,False,False
1827-07-14,state,Ohio,Ohio,S-2100,104.25,6.0,ytm,5.689943757896019,5.755395683453238,safe,False,False
1827-07-21,state,Ohio,Ohio,S-2010,91.0,5.0,ytm,5.655376069467501,5.4945054945054945,safe,False,False
1827-07-28,state,Ohio,Ohio,S-2100,104.5,6.0,ytm,5.671771805915778,5.741626794258373,safe,False,False
1827-08-04,state,Ohio,Ohio,S-2010,93.25,5.0,ytm,5.4863413349836225,5.361930294906166,safe,False,False
1827-08-04,state,Ohio,Ohio,S-2100,105.0,6.0,ytm,5.636005553800957,5.714285714285714,safe,False,False
1827-08-11,state,Ohio,Ohio,S-2010,94.5,5.0,ytm,5.393947318215091,5.291005291005291,safe,False,False
1827-08-11,state,Ohio,Ohio,S-2100,104.75,6.0,ytm,5.653605879794901,5.727923627684964,safe,False,False
1827-08-25,state,Ohio,Ohio,S-2010,94.0,5.0,ytm,5.4313419738511755,5.319148936170213,safe,False,False
1827-08-25,state,Ohio,Ohio,S-2100,105.375,6.0,ytm,5.608819766091854,5.6939501779359425,safe,False,False
1827-08-29,state,Ohio,Ohio,S-2010,95.0,5.0,ytm,5.357720741864842,5.263157894736842,safe,False,False
1827-08-29,state,Ohio,Ohio,S-2100,105.5,6.0,ytm,5.599848666034022,5.687203791469194,safe,False,False
1827-09-01,state,Ohio,Ohio,S-2010,95.0,5.0,ytm,5.357805143291783,5.263157894736842,safe,False,False
1827-09-01,state,Ohio,Ohio,S-2100,105.5,6.0,ytm,5.599760568194222,5.687203791469194,safe,False,False
1827-09-08,state,Ohio,Ohio,S-2010,97.0,5.0,ytm,5.2126206681376335,5.154639175257731,safe,False,False
1827-09-08,state,Ohio,Ohio,S-2100,106.0,6.0,ytm,5.564210955115401,5.660377358490567,safe,False,False
1827-09-15,state,Ohio,Ohio,S-2100,107.5,6.0,ytm,5.458923118801335,5.5813953488372094,safe,False,False
1827-09-22,state,Ohio,Ohio,S-2010,97.5,5.0,ytm,5.1769305080869845,5.128205128205128,safe,False,False
1827-09-22,state,Ohio,Ohio,S-2100,108.0,6.0,ytm,5.423941917735699,5.555555555555555,safe,False,False
1827-09-29,state,Ohio,Ohio,S-2010,96.25,5.0,ytm,5.267233882529908,5.194805194805195,safe,False,False
1827-09-29,state,Ohio,Ohio,S-2100,106.25,6.0,ytm,5.5459018226545895,5.647058823529412,safe,False,False
1827-10-06,state,Ohio,Ohio,S-2100,106.5,6.0,ytm,5.528065913934039,5.633802816901409,safe,False,False
1827-10-13,state,Ohio,Ohio,S-2010,96.5,5.0,ytm,5.249377035529354,5.181347150259067,safe,False,False
1827-10-13,state,Ohio,Ohio,S-2100,107.75,6.0,ytm,5.44040563454459,5.56844547563805,safe,False,False
1827-10-20,state,Ohio,Ohio,S-2100,107.75,6.0,ytm,5.440115787022753,5.56844547563805,safe,False,False
1827-10-27,state,Ohio,Ohio,S-2010,99.0,5.0,ytm,5.070433629515139,5.05050505050505,safe,False,False
1827-10-27,state,Ohio,Ohio,S-2100,110.75,6.0,ytm,5.234044403604927,5.417607223476298,safe,False,False
1827-10-31,state,Ohio,Ohio,S-2010,99.25,5.0,ytm,5.052775705883976,5.037783375314862,safe,False,False
1827-10-31,state,Ohio,Ohio,S-2100,110.5,6.0,ytm,5.250746643404518,5.429864253393665,safe,False,False
1827-11-03,state,Ohio,Ohio,S-2010,99.5,5.0,ytm,5.035148092590959,5.025125628140704,safe,False,False
1827-11-03,state,Ohio,Ohio,S-2100,110.0,6.0,ytm,5.28456719315274,5.454545454545454,safe,False,False
1827-11-10,state,Ohio,Ohio,S-2010,99.0,5.0,ytm,5.070512055828102,5.05050505050505,safe,False,False
1827-11-10,state,Ohio,Ohio,S-2100,111.75,6.0,ytm,5.16588045081436,5.369127516778524,safe,False,False
1827-11-17,state,Ohio,Ohio,S-2010,99.25,5.0,ytm,5.052847137289523,5.037783375314862,safe,False,False
1827-11-17,state,Ohio,Ohio,S-2100,111.5,6.0,ytm,5.182237294204688,5.381165919282512,safe,False,False
1827-11-24,state,Ohio,Ohio,S-2010,100.0,5.0,ytm,5.0,5.0,safe,False,False
1827-11-24,state,Ohio,Ohio,S-2100,112.0,6.0,ytm,5.148251316828769,5.357142857142857,safe,False,False
1827-11-28,state,Ohio,Ohio,S-2010,100.5,5.0,ytm,4.964957494738989,4.975124378109453,safe,False,False
1827-11-28,state,Ohio,Ohio,S-2100,111.5,6.0,ytm,5.181567314368073,5.381165919282512,safe,False,False
1827-12-01,state,Ohio,Ohio,S-2100,111.25,6.0,ytm,5.198232553840873,5.393258426966292,safe,False,False
1827-12-08,state,Ohio,Ohio,S-2010,100.25,5.0,ytm,4.982442852142019,4.987531172069826,safe,False,False
1827-12-08,state,Ohio,Ohio,S-2100,111.5,6.0,ytm,5.180956654875666,5.381165919282512,safe,False,False
1827-12-15,state,Ohio,Ohio,S-2010,101.0,5.0,ytm,4.929994260659944,4.9504950495049505,safe,False,False
1827-12-15,state,Ohio,Ohio,S-2100,111.75,6.0,ytm,5.163702220135169,5.369127516778524,safe,False,False
1827-12-22,state,Ohio,Ohio,S-2010,97.0,5.0,ytm,5.214401707945809,5.154639175257731,safe,False,False
1827-12-29,state,Ohio,Ohio,S-2010,96.0,5.0,ytm,5.287488798231073,5.208333333333334,safe,False,False
1828-01-05,state,Ohio,Ohio,S-2010,96.5,5.0,ytm,5.251053673347323,5.181347150259067,safe,False,False
1828-01-05,state,Ohio,Ohio,S-2100,109.5,6.0,ytm,5.3155070648194815,5.47945205479452,safe,False,False
1828-01-12,state,Ohio,Ohio,S-2100,109.25,6.0,ytm,5.332373072499692,5.491990846681922,safe,False,False
1828-01-19,state,Ohio,Ohio,S-2010,98.0,5.0,ytm,5.142532836471474,5.1020408163265305,safe,False,False
1828-01-19,state,Ohio,Ohio,S-2100,109.0,6.0,ytm,5.34929781198046,5.5045871559633035,safe,False,False
1828-01-26,state,Ohio,Ohio,S-2100,109.0,6.0,ytm,5.348954995493636,5.5045871559633035,safe,False,False
1828-02-02,state,Ohio,Ohio,S-2010,98.75,5.0,ytm,5.088847085891017,5.063291139240507,safe,False,False
1828-02-02,state,Ohio,Ohio,S-2100,109.5,6.0,ytm,5.314064328217753,5.47945205479452,safe,False,False
1828-02-09,state,Ohio,Ohio,S-2010,98.0,5.0,ytm,5.142774500033472,5.1020408163265305,safe,False,False
1828-02-09,state,Ohio,Ohio,S-2100,109.75,6.0,ytm,5.296481114863843,5.466970387243736,safe,False,False
1828-02-16,state,Ohio,Ohio,S-2010,97.75,5.0,ytm,5.160915430001788,5.115089514066496,safe,False,False
1828-02-16,state,Ohio,Ohio,S-2100,109.5,6.0,ytm,5.313339167993405,5.47945205479452,safe,False,False
1828-02-23,state,Ohio,Ohio,S-2010,98.0,5.0,ytm,5.1429363154278604,5.1020408163265305,safe,False,False
1828-02-23,state,Ohio,Ohio,S-2100,109.5,6.0,ytm,5.312975634081612,5.47945205479452,safe,False,False
1828-02-27,state,Ohio,Ohio,S-2100,109.5,6.0,ytm,5.312767614032181,5.47945205479452,safe,False,False
1828-03-01,state,Ohio,Ohio,S-2010,97.5,5.0,ytm,5.17922438200678,5.128205128205128,safe,False,False
1828-03-01,state,Ohio,Ohio,S-2100,109.0,6.0,ytm,5.347231887048706,5.5045871559633035,safe,False,False
1828-03-08,state,Ohio,Ohio,S-2100,108.75,6.0,ytm,5.364267073833259,5.517241379310345,safe,False,False
1828-03-15,state,Ohio,Ohio,S-2100,107.75,6.0,ytm,5.433911258985597,5.56844547563805,safe,False,False
1828-03-22,state,Ohio,Ohio,S-2010,97.5,5.0,ytm,5.179530428279325,5.128205128205128,safe,False,False
1828-04-05,state,Ohio,Ohio,S-2010,98.0,5.0,ytm,5.143425184981664,5.1020408163265305,safe,False,False
1828-04-05,state,Ohio,Ohio,S-2100,108.25,6.0,ytm,5.397875054819813,5.542725173210162,safe,False,False
1828-04-12,state,Ohio,Ohio,S-2100,108.25,6.0,ytm,5.397553526073903,5.542725173210162,safe,False,False
1828-04-26,state,Ohio,Ohio,S-2100,107.75,6.0,ytm,5.432096233089013,5.56844547563805,safe,False,False
1828-04-30,state,Ohio,Ohio,S-2100,107.5,6.0,ytm,5.449585101395983,5.5813953488372094,safe,False,False
1828-05-17,state,Ohio,Ohio,S-2010,97.5,5.0,ytm,5.180354507300235,5.128205128205128,safe,False,False
1828-05-17,state,Ohio,Ohio,S-2100,108.5,6.0,ytm,5.378378649150562,5.529953917050691,safe,False,False
1828-05-24,state,Ohio,Ohio,S-2010,97.75,5.0,ytm,5.162207179989274,5.115089514066496,safe,False,False
1828-05-24,state,Ohio,Ohio,S-2100,108.5,6.0,ytm,5.378044244786633,5.529953917050691,safe,False,False
1828-06-07,state,Ohio,Ohio,S-2100,109.5,6.0,ytm,5.307445101036632,5.47945205479452,safe,False,False
1828-06-14,state,Ohio,Ohio,S-2010,101.0,5.0,ytm,4.928950723450464,4.9504950495049505,safe,False,False
1828-06-14,state,Ohio,Ohio,S-2100,110.375,6.0,ytm,5.246396268166429,5.436013590033975,safe,False,False
1828-06-21,state,Ohio,Ohio,S-2010,98.0,5.0,ytm,5.144335008271936,5.1020408163265305,safe,False,False
1828-06-21,state,Ohio,Ohio,S-2100,107.0,6.0,ytm,5.482975068925354,5.607476635514018,safe,False,False
1828-06-28,state,Ohio,Ohio,S-2010,98.5,5.0,ytm,5.108041121700267,5.0761421319796955,safe,False,False
1828-06-28,state,Ohio,Ohio,S-2100,107.0,6.0,ytm,5.4826952057889855,5.607476635514018,safe,False,False
1828-07-05,state,Ohio,Ohio,S-2010,97.75,5.0,ytm,5.162770660375079,5.115089514066496,safe,False,False
1828-07-05,state,Ohio,Ohio,S-2100,107.0,6.0,ytm,5.482414843533647,5.607476635514018,safe,False,False
1828-07-12,state,Ohio,Ohio,S-2100,106.75,6.0,ytm,5.500025361689295,5.620608899297424,safe,False,False
1828-07-26,state,Ohio,Ohio,S-2010,98.0,5.0,ytm,5.144754480557265,5.1020408163265305,safe,False,False
1828-07-26,state,Ohio,Ohio,S-2100,107.5,6.0,ytm,5.445878545475811,5.5813953488372094,safe,False,False
1828-07-30,state,Ohio,Ohio,S-2100,107.5,6.0,ytm,5.445706147272797,5.5813953488372094,safe,False,False
1828-08-02,state,Ohio,Ohio,S-2100,107.5,6.0,ytm,5.445576732909649,5.5813953488372094,safe,False,False
1828-08-16,state,Ohio,Ohio,S-2100,107.875,6.0,ytm,5.418271375304358,5.5619930475086905,safe,False,False
1828-08-30,state,Ohio,Ohio,S-2100,107.25,6.0,ytm,5.462237352477688,5.594405594405594,safe,False,False
1828-09-06,state,Ohio,Ohio,S-2100,107.0,6.0,ytm,5.479868900787824,5.607476635514018,safe,False,False
1828-09-13,state,Ohio,Ohio,S-2100,107.5,6.0,ytm,5.443754452256326,5.5813953488372094,safe,False,False
1828-09-20,state,Ohio,Ohio,S-2100,107.0,6.0,ytm,5.479297531216381,5.607476635514018,safe,False,False
1828-09-27,state,Ohio,Ohio,S-2100,107.75,6.0,ytm,5.4252731753984555,5.56844547563805,safe,False,False
1828-10-04,state,Ohio,Ohio,S-2010,99.0,5.0,ytm,5.07243654799322,5.05050505050505,safe,False,False
1828-10-04,state,Ohio,Ohio,S-2100,107.5,6.0,ytm,5.442835913831897,5.5813953488372094,safe,False,False
1828-10-11,state,Ohio,Ohio,S-2100,107.75,6.0,ytm,5.42463945486992,5.56844547563805,safe,False,False
1828-10-18,state,Ohio,Ohio,S-2100,107.75,6.0,ytm,5.424321735462264,5.56844547563805,safe,False,False
1828-10-25,state,Ohio,Ohio,S-2100,108.25,6.0,ytm,5.388314540083285,5.542725173210162,safe,False,False
1828-10-29,state,Ohio,Ohio,S-2010,99.0,5.0,ytm,5.072589479593468,5.05050505050505,safe,False,False
1828-10-29,state,Ohio,Ohio,S-2100,108.0,6.0,ytm,5.405949752342305,5.555555555555555,safe,False,False
1828-11-01,state,Ohio,Ohio,S-2100,109.25,6.0,ytm,5.3170705473332935,5.491990846681922,safe,False,False
1828-11-08,state,Ohio,Ohio,S-2100,109.75,6.0,ytm,5.281473345311952,5.466970387243736,safe,False,False
1828-11-15,state,Ohio,Ohio,S-2100,110.5,6.0,ytm,5.228531141875435,5.429864253393665,safe,False,False
1828-11-22,state,Ohio,Ohio,S-2100,110.25,6.0,ytm,5.245584976195653,5.442176870748299,safe,False,False
1828-11-29,state,Ohio,Ohio,S-2100,110.0,6.0,ytm,5.262699133918139,5.454545454545454,safe,False,False
1828-12-06,state,Ohio,Ohio,S-2010,99.5,5.0,ytm,5.036320661320662,5.025125628140704,safe,False,False
1828-12-06,state,Ohio,Ohio,S-2100,110.0,6.0,ytm,5.262288387288387,5.454545454545454,safe,False,False
1828-12-13,state,Ohio,Ohio,S-2100,110.375,6.0,ytm,5.23556234350111,5.436013590033975,safe,False,False
1828-12-20,state,Ohio,Ohio,S-2100,107.25,6.0,ytm,5.457457142148284,5.594405594405594,safe,False,False
1828-12-27,state,Ohio,Ohio,S-2100,107.0,6.0,ytm,5.4752395789076145,5.607476635514018,safe,False,False
1828-12-31,state,Ohio,Ohio,S-2100,106.625,6.0,ytm,5.502291256035116,5.627198124267292,safe,False,False
1829-01-03,state,Ohio,Ohio,S-2010,96.0,5.0,ytm,5.296461307527705,5.208333333333334,safe,False,False
1829-01-03,state,Ohio,Ohio,S-2100,106.75,6.0,ytm,5.493085477800296,5.620608899297424,safe,False,False
1829-01-10,state,Ohio,Ohio,S-2100,106.375,6.0,ytm,5.520108574180379,5.64042303172738,safe,False,False
1829-01-17,state,Ohio,Ohio,S-2010,97.0,5.0,ytm,5.221482679173758,5.154639175257731,safe,False,False
1829-01-17,state,Ohio,Ohio,S-2100,106.375,6.0,ytm,5.519839192881337,5.64042303172738,safe,False,False
1829-01-24,state,Ohio,Ohio,S-2100,106.5,6.0,ytm,5.510445628870269,5.633802816901409,safe,False,False
1829-01-31,state,Ohio,Ohio,S-2100,107.125,6.0,ytm,5.464691282738311,5.600933488914819,safe,False,False
1829-02-07,state,Ohio,Ohio,S-2100,108.0,6.0,ytm,5.401142811073376,5.555555555555555,safe,False,False
1829-02-14,state,Ohio,Ohio,S-2100,108.0,6.0,ytm,5.400804938570477,5.555555555555555,safe,False,False
1829-02-21,state,Ohio,Ohio,S-2100,108.25,6.0,ytm,5.3824732412980945,5.542725173210162,safe,False,False
1829-03-07,state,Ohio,Ohio,S-2100,108.0,6.0,ytm,5.399787589136702,5.555555555555555,safe,False,False
1829-03-14,state,Ohio,Ohio,S-2100,107.5,6.0,ytm,5.435625101088745,5.5813953488372094,safe,False,False
1829-03-21,state,Ohio,Ohio,S-2100,107.0,6.0,ytm,5.471677940505442,5.607476635514018,safe,False,False
1829-03-28,state,Ohio,Ohio,S-2100,107.25,6.0,ytm,5.45315864011849,5.594405594405594,safe,False,False
1829-04-04,state,Ohio,Ohio,S-2100,107.625,6.0,ytm,5.425585700633837,5.574912891986063,safe,False,False
1829-04-11,state,Ohio,Ohio,S-2010,98.25,5.0,ytm,5.129318458573283,5.089058524173027,safe,False,False
1829-04-11,state,Ohio,Ohio,S-2100,108.5,6.0,ytm,5.3619931003677905,5.529953917050691,safe,False,False
1829-04-18,state,Ohio,Ohio,S-2010,98.25,5.0,ytm,5.129397299756447,5.089058524173027,safe,False,False
1829-04-18,state,Ohio,Ohio,S-2100,107.375,6.0,ytm,5.443114486893578,5.587892898719441,safe,False,False
1829-04-25,state,Ohio,Ohio,S-2100,107.75,6.0,ytm,5.415520790134027,5.56844547563805,safe,False,False
1829-04-29,state,Ohio,Ohio,S-2010,98.0,5.0,ytm,5.148211457798323,5.1020408163265305,safe,False,False
1829-04-29,state,Ohio,Ohio,S-2100,107.125,6.0,ytm,5.460858626218508,5.600933488914819,safe,False,False
1829-05-02,state,Ohio,Ohio,S-2100,107.75,6.0,ytm,5.415186366042697,5.56844547563805,safe,False,False
1829-05-09,state,Ohio,Ohio,S-2100,107.375,6.0,ytm,5.442158031958944,5.587892898719441,safe,False,False
1829-05-16,state,Ohio,Ohio,S-2100,107.75,6.0,ytm,5.414515653784146,5.56844547563805,safe,False,False
1829-05-23,state,Ohio,Ohio,S-2100,108.0,6.0,ytm,5.396008746832338,5.555555555555555,safe,False,False
1829-05-30,state,Ohio,Ohio,S-2100,108.58,6.0,ytm,5.353649153355359,5.525879535826119,safe,False,False
1829-06-06,state,Ohio,Ohio,S-2100,108.375,6.0,ytm,5.368107906233499,5.536332179930796,safe,False,False
1829-06-13,state,Ohio,Ohio,S-2100,108.625,6.0,ytm,5.349650491975414,5.523590333716916,safe,False,False
1829-06-27,state,Ohio,Ohio,S-2100,105.75,6.0,ytm,5.5598672166926475,5.673758865248227,safe,False,False
1829-07-04,state,Ohio,Ohio,S-2100,106.0,6.0,ytm,5.541022854311868,5.660377358490567,safe,False,False
1829-07-11,state,Ohio,Ohio,S-2010,96.0,5.0,ytm,5.301374460734956,5.208333333333334,safe,False,False
1829-07-11,state,Ohio,Ohio,S-2100,106.25,6.0,ytm,5.522201558302641,5.647058823529412,safe,False,False
1829-07-18,state,Ohio,Ohio,S-2010,96.5,5.0,ytm,5.263194637418202,5.181347150259067,safe,False,False
1829-07-18,state,Ohio,Ohio,S-2100,106.75,6.0,ytm,5.484926878969676,5.620608899297424,safe,False,False
1829-07-25,state,Ohio,Ohio,S-2100,107.5,6.0,ytm,5.429433743009547,5.5813953488372094,safe,False,False
1829-07-29,state,Ohio,Ohio,S-2100,107.5,6.0,ytm,5.429244117604314,5.5813953488372094,safe,False,False
1829-08-01,state,Ohio,Ohio,S-2010,98.0,5.0,ytm,5.149442941076086,5.1020408163265305,safe,False,False
1829-08-01,state,Ohio,Ohio,S-2100,108.0,6.0,ytm,5.392505724364131,5.555555555555555,safe,False,False
1829-08-08,state,Ohio,Ohio,S-2010,98.75,5.0,ytm,5.093107252498293,5.063291139240507,safe,False,False
1829-08-08,state,Ohio,Ohio,S-2100,108.0,6.0,ytm,5.39215180202967,5.555555555555555,safe,False,False
1829-08-15,state,Ohio,Ohio,S-2100,108.0,6.0,ytm,5.391797214070185,5.555555555555555,safe,False,False
1829-08-22,state,Ohio,Ohio,S-2010,98.25,5.0,ytm,5.130841820345123,5.089058524173027,safe,False,False
1829-08-22,state,Ohio,Ohio,S-2100,108.25,6.0,ytm,5.373177911745578,5.542725173210162,safe,False,False
1829-08-29,state,Ohio,Ohio,S-2100,108.125,6.0,ytm,5.381943181404824,5.5491329479768785,safe,False,False
1829-09-05,state,Ohio,Ohio,S-2100,108.0,6.0,ytm,5.390729437610753,5.555555555555555,safe,False,False
1829-09-12,state,Ohio,Ohio,S-2100,108.125,6.0,ytm,5.381218597238015,5.5491329479768785,safe,False,False
1829-09-19,state,Ohio,Ohio,S-2100,107.375,6.0,ytm,5.435974574688865,5.587892898719441,safe,False,False
1829-09-26,state,Ohio,Ohio,S-2100,108.25,6.0,ytm,5.371337943445413,5.542725173210162,safe,False,False
1829-09-30,state,Ohio,Ohio,S-2100,108.5,6.0,ytm,5.352846676430145,5.529953917050691,safe,False,False
1829-10-03,state,Ohio,Ohio,S-2010,98.0,5.0,ytm,5.150285819657016,5.1020408163265305,safe,False,False
1829-10-03,state,Ohio,Ohio,S-2100,109.0,6.0,ytm,5.3162456205052555,5.5045871559633035,safe,False,False
1829-10-10,state,Ohio,Ohio,S-2010,98.5,5.0,ytm,5.112501176255593,5.0761421319796955,safe,False,False
1829-10-10,state,Ohio,Ohio,S-2100,109.25,6.0,ytm,5.297678304253919,5.491990846681922,safe,False,False
1829-10-17,state,Ohio,Ohio,S-2010,99.5,5.0,ytm,5.037335922111199,5.025125628140704,safe,False,False
1829-10-17,state,Ohio,Ohio,S-2100,109.5,6.0,ytm,5.279132158651559,5.47945205479452,safe,False,False
1829-10-24,state,Ohio,Ohio,S-2010,99.5,5.0,ytm,5.0373594686472085,5.025125628140704,safe,False,False
1829-10-24,state,Ohio,Ohio,S-2100,110.25,6.0,ytm,5.224537993341648,5.442176870748299,safe,False,False
1829-10-31,state,Ohio,Ohio,S-2100,110.75,6.0,ytm,5.1881599534714535,5.417607223476298,safe,False,False
1829-11-07,state,Ohio,Ohio,S-2010,100.0,5.0,ytm,5.0,5.0,safe,False,False
1829-11-07,state,Ohio,Ohio,S-2100,111.0,6.0,ytm,5.1697725633628675,5.405405405405405,safe,False,False
1829-11-14,state,Ohio,Ohio,S-2100,111.25,6.0,ytm,5.151405415975607,5.393258426966292,safe,False,False
1829-11-21,state,Ohio,Ohio,S-2010,101.0,5.0,ytm,4.925650809388939,4.9504950495049505,safe,False,False
1829-11-21,state,Ohio,Ohio,S-2100,111.75,6.0,ytm,5.11525761074062,5.369127516778524,safe,False,False
1829-11-28,state,Ohio,Ohio,S-2010,103.0,5.0,ytm,4.779009770998719,4.854368932038835,safe,False,False
1829-11-28,state,Ohio,Ohio,S-2100,114.0,6.0,ytm,4.956301821150097,5.263157894736842,safe,False,False
1829-12-05,state,Ohio,Ohio,S-2100,114.5,6.0,ytm,4.920904245781496,5.240174672489083,safe,False,False
1829-12-19,state,Ohio,Ohio,S-2010,104.75,5.0,ytm,4.652426769125321,4.77326968973747,safe,False,False
1829-12-19,state,Ohio,Ohio,S-2100,113.75,6.0,ytm,4.971902974161284,5.274725274725275,safe,False,False
1829-12-26,state,Ohio,Ohio,S-2010,102.25,5.0,ytm,4.833218617187742,4.88997555012225,safe,False,False
1829-12-26,state,Ohio,Ohio,S-2100,115.0,6.0,ytm,4.884293498487466,5.217391304347826,safe,False,False
1830-01-02,state,Ohio,Ohio,S-2100,114.0,6.0,ytm,4.953181459909306,5.263157894736842,safe,False,False
1830-01-09,state,Ohio,Ohio,S-2100,113.875,6.0,ytm,4.961299276173078,5.26893523600439,safe,False,False
1830-01-16,state,Ohio,Ohio,S-2010,102.0,5.0,ytm,4.85128142443874,4.901960784313726,safe,False,False
1830-01-16,state,Ohio,Ohio,S-2100,113.5,6.0,ytm,4.9869893312516265,5.286343612334802,safe,False,False
1830-01-23,state,Ohio,Ohio,S-2100,113.75,6.0,ytm,4.968817072201304,5.274725274725275,safe,False,False
1830-01-30,state,Ohio,Ohio,S-2010,103.0,5.0,ytm,4.777736102497719,4.854368932038835,safe,False,False
1830-01-30,state,Ohio,Ohio,S-2100,114.5,6.0,ytm,4.91572061802958,5.240174672489083,safe,False,False
1830-02-06,state,Ohio,Ohio,S-2010,102.75,5.0,ytm,4.795875734649395,4.866180048661801,safe,False,False
1830-02-06,state,Ohio,Ohio,S-2100,114.0,6.0,ytm,4.950031049791523,5.263157894736842,safe,False,False
1830-02-13,state,Ohio,Ohio,S-2100,114.0,6.0,ytm,4.949397323669234,5.263157894736842,safe,False,False
1830-02-20,state,Ohio,Ohio,S-2010,103.0,5.0,ytm,4.777306630725201,4.854368932038835,safe,False,False
1830-02-20,state,Ohio,Ohio,S-2100,114.125,6.0,ytm,4.939995485932161,5.257393209200438,safe,False,False
1830-02-27,state,Ohio,Ohio,S-2010,103.5,5.0,ytm,4.740662170297932,4.830917874396135,safe,False,False
1830-02-27,state,Ohio,Ohio,S-2100,114.0,6.0,ytm,4.948126199170638,5.263157894736842,safe,False,False
1830-03-06,state,Ohio,Ohio,S-2010,114.0,5.0,ytm,4.01290935444193,4.385964912280701,safe,False,False
1830-03-06,state,Ohio,Ohio,S-2100,114.25,6.0,ytm,4.929944016126243,5.25164113785558,safe,False,False
1830-03-10,state,Ohio,Ohio,S-2010,103.0,5.0,ytm,4.776936528281389,4.854368932038835,safe,False,False
1830-03-10,state,Ohio,Ohio,S-2100,114.0,6.0,ytm,4.947124008373377,5.263157894736842,safe,False,False
1830-03-13,state,Ohio,Ohio,S-2010,103.75,5.0,ytm,4.722119982156517,4.819277108433735,safe,False,False
1830-03-13,state,Ohio,Ohio,S-2100,113.75,6.0,ytm,4.964446643287788,5.274725274725275,safe,False,False
1830-03-20,state,Ohio,Ohio,S-2010,104.0,5.0,ytm,4.703766105861191,4.807692307692308,safe,False,False
1830-03-20,state,Ohio,Ohio,S-2100,114.0,6.0,ytm,4.946210278434066,5.263157894736842,safe,False,False
1830-03-27,state,Ohio,Ohio,S-2010,104.75,5.0,ytm,4.649283465072939,4.77326968973747,safe,False,False
1830-03-27,state,Ohio,Ohio,S-2100,115.0,6.0,ytm,4.87550731173098,5.217391304347826,safe,False,False
1830-04-03,state,Ohio,Ohio,S-2100,115.25,6.0,ytm,4.8573979134653795,5.206073752711497,safe,False,False
1830-04-10,state,Ohio,Ohio,S-2010,105.25,5.0,ytm,4.612807435135763,4.750593824228028,safe,False,False
1830-04-10,state,Ohio,Ohio,S-2100,115.75,6.0,ytm,4.821952158446563,5.183585313174946,safe,False,False
1830-04-17,state,Ohio,Ohio,S-2010,107.5,5.0,ytm,4.4525093009906,4.651162790697675,safe,False,False
1830-04-17,state,Ohio,Ohio,S-2100,118.0,6.0,ytm,4.666741430703296,5.084745762711865,safe,False,False
1830-04-24,state,Ohio,Ohio,S-2100,117.75,6.0,ytm,4.682944373707743,5.095541401273886,safe,False,False
1830-05-01,state,Ohio,Ohio,S-2100,118.0,6.0,ytm,4.665108885100841,5.084745762711865,safe,False,False
1830-05-08,state,Ohio,Ohio,S-2100,117.75,6.0,ytm,4.681329512072704,5.095541401273886,safe,False,False
1830-05-15,state,Ohio,Ohio,S-2100,117.5,6.0,ytm,4.697608663246121,5.106382978723404,safe,False,False
1830-05-22,state,Ohio,Ohio,S-2100,117.75,6.0,ytm,4.6797083388623175,5.095541401273886,safe,False,False
1830-05-29,state,Ohio,Ohio,S-2010,108.25,5.0,ytm,4.397570122082647,4.618937644341801,safe,False,False
1830-05-29,state,Ohio,Ohio,S-2100,118.25,6.0,ytm,4.6447930005805,5.07399577167019,safe,False,False
1830-06-05,state,Ohio,Ohio,S-2010,109.625,5.0,ytm,4.3013164533736985,4.561003420752566,safe,False,False
1830-06-05,state,Ohio,Ohio,S-2100,119.5,6.0,ytm,4.559329053634293,5.02092050209205,safe,False,False
1830-06-12,state,Ohio,Ohio,S-2010,110.0,5.0,ytm,4.274914501709965,4.545454545454546,safe,False,False
1830-06-12,state,Ohio,Ohio,S-2100,120.0,6.0,ytm,4.524836775991753,5.0,safe,False,False
1830-06-19,state,Ohio,Ohio,S-2100,117.25,6.0,ytm,4.7107697497768175,5.11727078891258,safe,False,False
1830-06-26,state,Ohio,Ohio,S-2100,118.25,6.0,ytm,4.64144082131018,5.07399577167019,safe,False,False
1830-07-03,state,Ohio,Ohio,S-2100,118.0,6.0,ytm,4.657683003176615,5.084745762711865,safe,False,False
1830-07-17,state,Ohio,Ohio,S-2010,108.0,5.0,ytm,4.412417211376131,4.62962962962963,safe,False,False
1830-07-17,state,Ohio,Ohio,S-2100,118.25,6.0,ytm,4.638909355317178,5.07399577167019,safe,False,False
1830-07-24,state,Ohio,Ohio,S-2010,108.75,5.0,ytm,4.359215662464678,4.597701149425287,safe,False,False
1830-07-24,state,Ohio,Ohio,S-2100,118.625,6.0,ytm,4.612461270040724,5.05795574288725,safe,False,False
1830-07-28,state,Ohio,Ohio,S-2010,108.75,5.0,ytm,4.3589726282253025,4.597701149425287,safe,False,False
1830-07-28,state,Ohio,Ohio,S-2100,118.25,6.0,ytm,4.637577370429498,5.07399577167019,safe,False,False
1830-08-07,state,Ohio,Ohio,S-2100,118.25,6.0,ytm,4.636362886985852,5.07399577167019,safe,False,False
1830-08-14,state,Ohio,Ohio,S-2010,118.5,5.0,ytm,3.703069852228212,4.219409282700422,safe,False,False
1830-08-14,state,Ohio,Ohio,S-2100,118.0,6.0,ytm,4.652658995490593,5.084745762711865,safe,False,False
1830-08-21,state,Ohio,Ohio,S-2100,118.25,6.0,ytm,4.634656840810342,5.07399577167019,safe,False,False
1830-08-28,state,Ohio,Ohio,S-2010,108.25,5.0,ytm,4.392362662585555,4.618937644341801,safe,False,False
1830-08-28,state,Ohio,Ohio,S-2100,118.25,6.0,ytm,4.63380128255632,5.07399577167019,safe,False,False
1830-09-04,state,Ohio,Ohio,S-2100,118.0,6.0,ytm,4.650124572573758,5.084745762711865,safe,False,False
1830-09-11,state,Ohio,Ohio,S-2100,118.0,6.0,ytm,4.649276410622011,5.084745762711865,safe,False,False
1830-09-18,state,Ohio,Ohio,S-2010,108.5,5.0,ytm,4.373443757414225,4.6082949308755765,safe,False,False
1830-09-25,state,Ohio,Ohio,S-2010,107.5,5.0,ytm,4.444119187748436,4.651162790697675,safe,False,False
1830-09-25,state,Ohio,Ohio,S-2100,118.0,6.0,ytm,4.647575025223492,5.084745762711865,safe,False,False
1830-10-02,state,Ohio,Ohio,S-2010,107.75,5.0,ytm,4.425895565469818,4.640371229698376,safe,False,False
1830-10-02,state,Ohio,Ohio,S-2100,118.25,6.0,ytm,4.629497937704452,5.07399577167019,safe,False,False
1830-10-09,state,Ohio,Ohio,S-2010,108.0,5.0,ytm,4.407690117399684,4.62962962962963,safe,False,False
1830-10-16,state,Ohio,Ohio,S-2010,107.5,5.0,ytm,4.442996440657886,4.651162790697675,safe,False,False
1830-10-16,state,Ohio,Ohio,S-2100,118.25,6.0,ytm,4.62776457958997,5.07399577167019,safe,False,False
1830-10-23,state,Ohio,Ohio,S-2010,108.5,5.0,ytm,4.371333175969923,4.6082949308755765,safe,False,False
1830-10-23,state,Ohio,Ohio,S-2100,119.25,6.0,ytm,4.558262589524332,5.031446540880504,safe,False,False
1830-10-30,state,Ohio,Ohio,S-2010,109.0,5.0,ytm,4.335496680506713,4.587155963302752,safe,False,False
1830-10-30,state,Ohio,Ohio,S-2100,119.25,6.0,ytm,4.557348039958766,5.031446540880504,safe,False,False
1830-11-06,state,Ohio,Ohio,S-2010,109.0,5.0,ytm,4.335047231363923,4.587155963302752,safe,False,False
1830-11-06,state,Ohio,Ohio,S-2100,119.625,6.0,ytm,4.530823044504169,5.015673981191222,safe,False,False
1830-11-13,state,Ohio,Ohio,S-2010,109.75,5.0,ytm,4.281724166922618,4.555808656036446,safe,False,False
1830-11-20,state,Ohio,Ohio,S-2100,119.5,6.0,ytm,4.537489502782619,5.02092050209205,safe,False,False
1830-11-30,state,Ohio,Ohio,S-2100,119.625,6.0,ytm,4.527611217289681,5.015673981191222,safe,False,False
1830-12-04,state,Ohio,Ohio,S-2100,119.75,6.0,ytm,4.51853524449164,5.010438413361169,safe,False,False
1830-12-11,state,Ohio,Ohio,S-2010,109.0,5.0,ytm,4.332786426632592,4.587155963302752,safe,False,False
1830-12-11,state,Ohio,Ohio,S-2100,119.75,6.0,ytm,4.517587749984924,5.010438413361169,safe,False,False
1830-12-18,state,Ohio,Ohio,S-2010,109.5,5.0,ytm,4.296920849798505,4.5662100456621,safe,False,False
1830-12-18,state,Ohio,Ohio,S-2100,120.25,6.0,ytm,4.4825375901374915,4.98960498960499,safe,False,False
1830-12-25,state,Ohio,Ohio,S-2100,117.625,6.0,ytm,4.662457449432302,5.100956429330499,safe,False,False
1830-12-29,state,Ohio,Ohio,S-2100,117.5,6.0,ytm,4.670692883430098,5.106382978723404,safe,False,False
1831-01-01,state,Ohio,Ohio,S-2100,117.0,6.0,ytm,4.705341372395384,5.128205128205128,safe,False,False
1831-01-08,state,Ohio,Ohio,S-2100,117.25,6.0,ytm,4.686970156737751,5.11727078891258,safe,False,False
1831-01-15,state,Ohio,Ohio,S-2010,107.0,5.0,ytm,4.4742488222632355,4.672897196261682,safe,False,False
1831-01-15,state,Ohio,Ohio,S-2100,117.25,6.0,ytm,4.686124597794804,5.11727078891258,safe,False,False
1831-01-22,state,Ohio,Ohio,S-2010,108.25,5.0,ytm,4.3836612546449425,4.618937644341801,safe,False,False
1831-01-22,state,Ohio,Ohio,S-2100,117.0,6.0,ytm,4.702838573806316,5.128205128205128,safe,False,False
1831-01-29,state,Ohio,Ohio,S-2100,116.625,6.0,ytm,4.728435857055844,5.144694533762058,safe,False,False
1831-02-05,state,Ohio,Ohio,S-2100,116.75,6.0,ytm,4.718786096028904,5.139186295503212,safe,False,False
1831-02-12,state,Ohio,Ohio,S-2100,116.5,6.0,ytm,4.735633115198233,5.150214592274678,safe,False,False
1831-02-19,state,Ohio,Ohio,S-2100,116.0,6.0,ytm,4.770312323642755,5.172413793103448,safe,False,False
1831-02-26,state,Ohio,Ohio,S-2100,115.75,6.0,ytm,4.787336649109259,5.183585313174946,safe,False,False
1831-03-05,state,Ohio,Ohio,S-2010,107.0,5.0,ytm,4.471707483953724,4.672897196261682,safe,False,False
1831-03-05,state,Ohio,Ohio,S-2100,116.0,6.0,ytm,4.768713747919797,5.172413793103448,safe,False,False
1831-03-12,state,Ohio,Ohio,S-2100,117.5,6.0,ytm,4.6616975355117205,5.106382978723404,safe,False,False
1831-03-19,state,Ohio,Ohio,S-2100,117.125,6.0,ytm,4.687258174230064,5.122732123799359,safe,False,False
1831-03-26,state,Ohio,Ohio,S-2100,117.25,6.0,ytm,4.677574043314852,5.11727078891258,safe,False,False
1831-05-07,state,Ohio,Ohio,S-2100,118.0,6.0,ytm,4.619402040591012,5.084745762711865,safe,False,False
1831-05-21,state,Ohio,Ohio,S-2010,118.0,5.0,ytm,3.700148407987048,4.23728813559322,safe,False,False
1831-05-28,state,Ohio,Ohio,S-2100,118.0,6.0,ytm,4.616665563714402,5.084745762711865,safe,False,False
1831-06-04,state,Ohio,Ohio,S-2100,118.625,6.0,ytm,4.571780059743625,5.05795574288725,safe,False,False
1831-06-11,state,Ohio,Ohio,S-2100,119.0,6.0,ytm,4.544554395423416,5.042016806722689,safe,False,False
1831-06-18,state,Ohio,Ohio,S-2100,119.0,6.0,ytm,4.543588021587682,5.042016806722689,safe,False,False
1831-06-25,state,Ohio,Ohio,S-2100,120.0,6.0,ytm,4.472888530538198,5.0,safe,False,False
1831-07-16,state,Ohio,Ohio,S-2100,120.5,6.0,ytm,4.435134077355735,4.979253112033195,safe,False,False
1831-07-23,state,Ohio,Ohio,S-2100,120.5,6.0,ytm,4.434087721477192,4.979253112033195,safe,False,False
1831-08-06,state,Ohio,Ohio,S-2100,121.5,6.0,ytm,4.362924484494285,4.938271604938271,safe,False,False
1831-08-13,state,Ohio,Ohio,S-2100,121.5,6.0,ytm,4.361825202306544,4.938271604938271,safe,False,False
1831-08-27,state,Ohio,Ohio,S-2100,121.25,6.0,ytm,4.376861953679398,4.948453608247423,safe,False,False
1831-09-17,state,Ohio,Ohio,S-2010,111.0,5.0,ytm,4.169317956913962,4.504504504504505,safe,False,False
1831-09-17,state,Ohio,Ohio,S-2100,119.75,6.0,ytm,4.478059884558778,5.010438413361169,safe,False,False
1831-09-24,state,Ohio,Ohio,S-2100,120.0,6.0,ytm,4.459503636908491,5.0,safe,False,False
1831-10-01,state,Ohio,Ohio,S-2100,121.25,6.0,ytm,4.371366177453838,4.948453608247423,safe,False,False
1831-10-08,state,Ohio,Ohio,S-2100,121.625,6.0,ytm,4.344306235169179,4.933196300102774,safe,False,False
1831-10-15,state,Ohio,Ohio,S-2100,121.625,6.0,ytm,4.343180169092833,4.933196300102774,safe,False,False
1831-10-22,state,Ohio,Ohio,S-2100,121.0,6.0,ytm,4.3854160567442335,4.958677685950414,safe,False,False
1831-10-29,state,Ohio,Ohio,S-2100,121.25,6.0,ytm,4.3669278352621,4.948453608247423,safe,False,False
1831-11-05,state,Ohio,Ohio,S-2100,120.5,6.0,ytm,4.418127323305679,4.979253112033195,safe,False,False
1831-11-12,state,Ohio,Ohio,S-2100,120.5,6.0,ytm,4.417045308689514,4.979253112033195,safe,False,False
1831-11-19,state,Ohio,Ohio,S-2100,121.25,6.0,ytm,4.363574432339126,4.948453608247423,safe,False,False
1831-11-26,state,Ohio,Ohio,S-2100,122.0,6.0,ytm,4.310383594909386,4.918032786885246,safe,False,False
1831-12-03,state,Ohio,Ohio,S-2100,122.0,6.0,ytm,4.309222911585117,4.918032786885246,safe,False,False
1831-12-10,state,Ohio,Ohio,S-2100,122.0,6.0,ytm,4.3080597650856856,4.918032786885246,safe,False,False
1831-12-17,state,Ohio,Ohio,S-2100,122.75,6.0,ytm,4.255069664781349,4.887983706720977,safe,False,False
1831-12-24,state,Ohio,Ohio,S-2100,120.25,6.0,ytm,4.428106792458751,4.98960498960499,safe,False,False
1831-12-31,state,Ohio,Ohio,S-2100,120.5,6.0,ytm,4.409406706721618,4.979253112033195,safe,False,False
1832-01-07,state,Ohio,Ohio,S-2100,121.5,6.0,ytm,4.338199086137879,4.938271604938271,safe,False,False
1832-01-14,state,Ohio,Ohio,S-2010,111.25,5.0,ytm,4.140884670390216,4.49438202247191,safe,False,False
1832-01-14,state,Ohio,Ohio,S-2100,122.0,6.0,ytm,4.302206809064475,4.918032786885246,safe,False,False
1832-01-21,state,Ohio,Ohio,S-2100,122.5,6.0,ytm,4.266320417555859,4.8979591836734695,safe,False,False
1832-01-28,state,Ohio,Ohio,S-2100,123.0,6.0,ytm,4.230539020575208,4.878048780487805,safe,False,False
1832-02-04,state,Ohio,Ohio,S-2010,110.0,5.0,ytm,4.230094422725519,4.545454545454546,safe,False,False
1832-02-11,state,Ohio,Ohio,S-2010,114.0,5.0,ytm,3.941496528582339,4.385964912280701,safe,False,False
1832-02-11,state,Ohio,Ohio,S-2100,125.0,6.0,ytm,4.091113151719212,4.8,safe,False,False
1832-02-18,state,Ohio,Ohio,S-2010,112.25,5.0,ytm,4.065481014533632,4.4543429844097995,safe,False,False
1832-02-18,state,Ohio,Ohio,S-2100,125.0,6.0,ytm,4.08978091006588,4.8,safe,False,False
1832-02-25,state,Ohio,Ohio,S-2010,113.0,5.0,ytm,4.011024223047899,4.424778761061947,safe,False,False
1832-02-25,state,Ohio,Ohio,S-2100,125.5,6.0,ytm,4.054537972875546,4.780876494023905,safe,False,False
1832-03-03,state,Ohio,Ohio,S-2010,112.0,5.0,ytm,4.082111538896083,4.464285714285714,safe,False,False
1832-03-10,state,Ohio,Ohio,S-2100,124.0,6.0,ytm,4.154132449167801,4.838709677419355,safe,False,False
1832-03-17,state,Ohio,Ohio,S-2100,125.0,6.0,ytm,4.084423244601735,4.8,safe,False,False
1832-03-31,state,Ohio,Ohio,S-2100,124.0,6.0,ytm,4.15023681022139,4.838709677419355,safe,False,False
1832-04-07,state,Ohio,Ohio,S-2100,125.75,6.0,ytm,4.029354657060595,4.7713717693836974,safe,False,False
1832-04-14,state,Ohio,Ohio,S-2010,112.5,5.0,ytm,4.041833701491723,4.444444444444445,safe,False,False
1832-04-25,state,Ohio,Ohio,S-2100,126.125,6.0,ytm,4.00034143010438,4.757185332011893,safe,False,False
1832-04-28,state,Ohio,Ohio,S-2100,126.0,6.0,ytm,4.008204034586872,4.761904761904762,safe,False,False
1832-05-12,state,Ohio,Ohio,S-2100,125.5,6.0,ytm,4.039396474559612,4.780876494023905,safe,False,False
1832-05-26,state,Ohio,Ohio,S-2100,125.5,6.0,ytm,4.036604507223539,4.780876494023905,safe,False,False
1832-06-02,state,Ohio,Ohio,S-2100,126.0,6.0,ytm,4.0011106732112784,4.761904761904762,safe,False,False
1832-06-09,state,Ohio,Ohio,S-2100,126.75,6.0,ytm,3.948788370696092,4.733727810650888,safe,False,False
1832-06-16,state,Ohio,Ohio,S-2100,126.5,6.0,ytm,3.9642603202949953,4.743083003952568,safe,False,False
1832-06-23,state,Ohio,Ohio,S-2100,123.25,6.0,ytm,4.186627124506196,4.86815415821501,safe,False,False
1832-06-30,state,Ohio,Ohio,S-2100,123.75,6.0,ytm,4.150443065513584,4.848484848484849,safe,False,False
1832-07-07,state,Ohio,Ohio,S-2010,124.0,5.0,ytm,3.238861303093337,4.032258064516129,safe,False,False
1832-07-31,state,Ohio,Ohio,S-2100,122.75,6.0,ytm,4.214680727331993,4.887983706720977,safe,False,False
1832-08-18,state,Ohio,Ohio,S-2100,124.0,6.0,ytm,4.1236068895643365,4.838709677419355,safe,False,False
1832-08-25,state,Ohio,Ohio,S-2100,124.0,6.0,ytm,4.122244511562908,4.838709677419355,safe,False,False
1832-09-01,state,Ohio,Ohio,S-2100,123.75,6.0,ytm,4.138375590889558,4.848484848484849,safe,False,False
1832-09-08,state,Ohio,Ohio,S-2100,124.0,6.0,ytm,4.119510707508811,4.838709677419355,safe,False,False
1832-09-15,state,Ohio,Ohio,S-2010,112.0,5.0,ytm,4.062413194703719,4.464285714285714,safe,False,False
1832-09-15,state,Ohio,Ohio,S-2100,124.0,6.0,ytm,4.118139261403469,4.838709677419355,safe,False,False
1832-09-22,state,Ohio,Ohio,S-2100,125.0,6.0,ytm,4.047015319598521,4.8,safe,False,False
1832-09-29,state,Ohio,Ohio,S-2100,125.25,6.0,ytm,4.028233476897265,4.790419161676647,safe,False,False
1832-10-06,state,Ohio,Ohio,S-2100,125.25,6.0,ytm,4.0267890258882195,4.790419161676647,safe,False,False
1832-11-10,state,Ohio,Ohio,S-2100,127.25,6.0,ytm,3.881459061095376,4.715127701375246,safe,False,False
1832-11-24,state,Ohio,Ohio,S-2100,127.25,6.0,ytm,3.878323641552566,4.715127701375246,safe,False,False
1832-11-28,state,Ohio,Ohio,S-2100,127.0,6.0,ytm,3.894582196377124,4.724409448818897,safe,False,False
1833-01-12,state,Ohio,Ohio,S-2100,124.0,6.0,ytm,4.0943507122113125,4.838709677419355,safe,False,False
1833-01-19,state,Ohio,Ohio,S-2100,123.75,6.0,ytm,4.110679676481178,4.848484848484849,safe,False,False
1833-02-16,state,Ohio,Ohio,S-2010,111.0,5.0,ytm,4.121407912838658,4.504504504504505,safe,False,False
1833-03-23,state,Ohio,Ohio,S-2010,111.0,5.0,ytm,4.117878621013945,4.504504504504505,safe,False,False
1833-03-23,state,Ohio,Ohio,S-2100,120.0,6.0,ytm,4.370846190363162,5.0,safe,False,False
1833-03-30,state,Ohio,Ohio,S-2010,110.5,5.0,ytm,4.155294979590142,4.524886877828054,safe,False,False
1833-03-30,state,Ohio,Ohio,S-2100,121.0,6.0,ytm,4.295833422658143,4.958677685950414,safe,False,False
1833-04-13,state,Ohio,Ohio,S-2100,122.0,6.0,ytm,4.220013365256529,4.918032786885246,safe,False,False
1833-04-20,state,Ohio,Ohio,S-2100,111.75,6.0,ytm,5.002545144870033,5.369127516778524,safe,False,False
1833-04-27,state,Ohio,Ohio,S-2100,122.5,6.0,ytm,4.180870662041725,4.8979591836734695,safe,False,False
1833-05-11,state,Ohio,Ohio,S-2100,123.0,6.0,ytm,4.1417671805532095,4.878048780487805,safe,False,False
1833-05-18,state,Ohio,Ohio,S-2100,123.75,6.0,ytm,4.086133989886722,4.848484848484849,safe,False,False
1833-05-25,state,Ohio,Ohio,S-2010,112.0,5.0,ytm,4.0352159778500205,4.464285714285714,safe,False,False
1833-05-25,state,Ohio,Ohio,S-2100,123.0,6.0,ytm,4.138906243646002,4.878048780487805,safe,False,False
1833-06-01,state,Ohio,Ohio,S-2010,112.5,5.0,ytm,3.996562639582079,4.444444444444445,safe,False,False
1833-06-01,state,Ohio,Ohio,S-2100,123.0,6.0,ytm,4.137470816486964,4.878048780487805,safe,False,False
1833-06-08,state,Ohio,Ohio,S-2010,112.5,5.0,ytm,3.99574207471784,4.444444444444445,safe,False,False
1833-06-08,state,Ohio,Ohio,S-2100,123.0,6.0,ytm,4.136032068227244,4.878048780487805,safe,False,False
1833-06-15,state,Ohio,Ohio,S-2010,112.5,5.0,ytm,3.994919609140811,4.444444444444445,safe,False,False
1833-06-15,state,Ohio,Ohio,S-2100,123.0,6.0,ytm,4.13458998732761,4.878048780487805,safe,False,False
1833-06-22,state,Ohio,Ohio,S-2010,112.5,5.0,ytm,3.99409523623927,4.444444444444445,safe,False,False
1833-06-22,state,Ohio,Ohio,S-2100,121.5,6.0,ytm,4.243078143771797,4.938271604938271,safe,False,False
1833-06-29,state,Ohio,Ohio,S-2100,121.5,6.0,ytm,4.241714677178441,4.938271604938271,safe,False,False
1833-07-06,state,Ohio,Ohio,S-2100,121.0,6.0,ytm,4.277381650881275,4.958677685950414,safe,False,False
1833-07-20,state,Ohio,Ohio,S-2010,110.5,5.0,ytm,4.144199377892781,4.524886877828054,safe,False,False
1833-07-20,state,Ohio,Ohio,S-2100,122.0,6.0,ytm,4.20068096054117,4.918032786885246,safe,False,False
1833-07-27,state,Ohio,Ohio,S-2010,112.0,5.0,ytm,4.028059829113566,4.464285714285714,safe,False,False
1833-08-03,state,Ohio,Ohio,S-2010,112.5,5.0,ytm,3.98910857086788,4.444444444444445,safe,False,False
1833-08-03,state,Ohio,Ohio,S-2100,123.0,6.0,ytm,4.124401126499288,4.878048780487805,safe,False,False
1833-08-10,state,Ohio,Ohio,S-2010,112.75,5.0,ytm,3.9692487207081615,4.434589800443459,safe,False,False
1833-08-10,state,Ohio,Ohio,S-2100,123.75,6.0,ytm,4.068220239361405,4.848484848484849,safe,False,False
1833-08-17,state,Ohio,Ohio,S-2010,112.5,5.0,ytm,3.9874307857234186,4.444444444444445,safe,False,False
1833-08-17,state,Ohio,Ohio,S-2100,123.75,6.0,ytm,4.066704713903151,4.848484848484849,safe,False,False
1833-08-24,state,Ohio,Ohio,S-2100,123.5,6.0,ytm,4.083410663209478,4.8582995951417,safe,False,False
1833-08-31,state,Ohio,Ohio,S-2100,123.25,6.0,ytm,4.100182583154719,4.86815415821501,safe,False,False
1833-09-07,state,Ohio,Ohio,S-2010,110.0,5.0,ytm,4.17825183764781,4.545454545454546,safe,False,False
1833-09-14,state,Ohio,Ohio,S-2010,110.0,5.0,ytm,4.1775655331845485,4.545454545454546,safe,False,False
1833-09-21,state,Ohio,Ohio,S-2010,109.0,5.0,ytm,4.255645305355857,4.587155963302752,safe,False,False
1833-09-21,state,Ohio,Ohio,S-2100,121.0,6.0,ytm,4.262457136856139,4.958677685950414,safe,False,False
1833-09-28,state,Ohio,Ohio,S-2010,109.0,5.0,ytm,4.255021748220142,4.587155963302752,safe,False,False
1833-09-28,state,Ohio,Ohio,S-2100,121.0,6.0,ytm,4.2610811729201625,4.958677685950414,safe,False,False
1833-10-05,state,Ohio,Ohio,S-2100,122.0,6.0,ytm,4.185043101091652,4.918032786885246,safe,False,False
1833-10-12,state,Ohio,Ohio,S-2010,109.0,5.0,ytm,4.253770213796862,4.587155963302752,safe,False,False
1833-10-12,state,Ohio,Ohio,S-2100,121.0,6.0,ytm,4.258319491379805,4.958677685950414,safe,False,False
1833-10-19,state,Ohio,Ohio,S-2010,110.0,5.0,ytm,4.174109657381033,4.545454545454546,safe,False,False
1833-10-19,state,Ohio,Ohio,S-2100,121.0,6.0,ytm,4.256933750701519,4.958677685950414,safe,False,False
1833-10-26,state,Ohio,Ohio,S-2100,119.0,6.0,ytm,4.407269474372137,5.042016806722689,safe,False,False
1833-11-09,state,Ohio,Ohio,S-2100,120.0,6.0,ytm,4.328395023663805,5.0,safe,False,False
1833-12-21,state,Ohio,Ohio,S-2100,115.5,6.0,ytm,4.671062668788054,5.194805194805195,safe,False,False
1834-01-18,state,Ohio,Ohio,S-2100,114.0,6.0,ytm,4.787333858335913,5.263157894736842,safe,False,False
1834-01-25,state,Ohio,Ohio,S-2100,112.0,6.0,ytm,4.949912468391363,5.357142857142857,safe,False,False
1834-02-22,state,Ohio,Ohio,S-2010,103.0,5.0,ytm,4.739720831178728,4.854368932038835,safe,False,False
1834-02-22,state,Ohio,Ohio,S-2100,112.0,6.0,ytm,4.946477900552486,5.357142857142857,safe,False,False
1834-03-08,state,Ohio,Ohio,S-2010,102.0,5.0,ytm,4.8253189804961805,4.901960784313726,safe,False,False
1834-03-22,state,Ohio,Ohio,S-2100,104.0,6.0,ytm,5.6338531248724335,5.769230769230769,safe,False,False
1834-04-12,state,Ohio,Ohio,S-2100,115.5,6.0,ytm,4.653561907101271,5.194805194805195,safe,False,False
1834-04-19,state,Ohio,Ohio,S-2010,109.0,5.0,ytm,4.23627655102,4.587155963302752,safe,False,False
1834-04-19,state,Ohio,Ohio,S-2100,115.0,6.0,ytm,4.692882164055658,5.217391304347826,safe,False,False
1834-04-26,state,Ohio,Ohio,S-2100,109.0,6.0,ytm,5.192544270274378,5.5045871559633035,safe,False,False
1834-05-03,state,Ohio,Ohio,S-2100,114.5,6.0,ytm,4.731401070093835,5.240174672489083,safe,False,False
1834-05-17,state,Ohio,Ohio,S-2010,109.5,5.0,ytm,4.192938604780294,4.5662100456621,safe,False,False
1834-05-17,state,Ohio,Ohio,S-2100,116.5,6.0,ytm,4.5673711059070286,5.150214592274678,safe,False,False
1834-05-24,state,Ohio,Ohio,S-2100,116.0,6.0,ytm,4.6064043345222085,5.172413793103448,safe,False,False
1834-06-28,state,Ohio,Ohio,S-2100,112.0,6.0,ytm,4.930602268413376,5.357142857142857,safe,False,False
1834-07-12,state,Ohio,Ohio,S-2100,113.0,6.0,ytm,4.844975728397277,5.3097345132743365,safe,False,False
1834-07-19,state,Ohio,Ohio,S-2100,116.0,6.0,ytm,4.596988485385296,5.172413793103448,safe,False,False
1834-07-26,state,Ohio,Ohio,S-2100,116.0,6.0,ytm,4.5957983524496475,5.172413793103448,safe,False,False
1834-07-30,state,Ohio,Ohio,S-2100,117.25,6.0,ytm,4.494075302301128,5.11727078891258,safe,False,False
1834-08-02,state,Ohio,Ohio,S-2100,117.0,6.0,ytm,4.513649342391158,5.128205128205128,safe,False,False
1834-09-20,state,Ohio,Ohio,S-2010,109.0,5.0,ytm,4.221146576744458,4.587155963302752,safe,False,False
1834-09-20,state,Ohio,Ohio,S-2100,120.0,6.0,ytm,4.264844793329208,5.0,safe,False,False
1834-09-27,state,Ohio,Ohio,S-2100,122.5,6.0,ytm,4.068221897515997,4.8979591836734695,safe,False,False
1834-10-11,state,Ohio,Ohio,S-2100,122.5,6.0,ytm,4.064886074568272,4.8979591836734695,safe,False,False
1834-10-18,state,Ohio,Ohio,S-2100,122.5,6.0,ytm,4.063211856623225,4.8979591836734695,safe,False,False
1834-11-08,state,Ohio,Ohio,S-2100,121.0,6.0,ytm,4.175318308168268,4.958677685950414,safe,False,False
1834-11-15,state,Ohio,Ohio,S-2100,121.0,6.0,ytm,4.173729125827228,4.958677685950414,safe,False,False
1834-11-22,state,Ohio,Ohio,S-2100,121.0,6.0,ytm,4.172135912220965,4.958677685950414,safe,False,False
1834-11-29,state,Ohio,Ohio,S-2100,122.0,6.0,ytm,4.092054681677324,4.918032786885246,safe,False,False
1834-12-06,state,Ohio,Ohio,S-2100,121.0,6.0,ytm,4.168937329700272,4.958677685950414,safe,False,False
1834-12-13,state,Ohio,Ohio,S-2100,123.0,6.0,ytm,4.010793978079269,4.878048780487805,safe,False,False
1834-12-20,state,Ohio,Ohio,S-2100,125.5,6.0,ytm,3.817110926527222,4.780876494023905,safe,False,False
1835-01-10,state,Ohio,Ohio,S-2100,122.25,6.0,ytm,4.062356693530311,4.9079754601226995,safe,False,False
1835-01-17,state,Ohio,Ohio,S-2100,122.75,6.0,ytm,4.021513567550543,4.887983706720977,safe,False,False
1835-01-24,state,Ohio,Ohio,S-2100,122.5,6.0,ytm,4.039321723944776,4.8979591836734695,safe,False,False
1835-01-31,state,Ohio,Ohio,S-2010,109.0,5.0,ytm,4.207391549830047,4.587155963302752,safe,False,False
1835-02-14,state,Ohio,Ohio,S-2100,122.5,6.0,ytm,4.034090321780388,4.8979591836734695,safe,False,False
1835-02-21,state,Ohio,Ohio,S-2100,122.5,6.0,ytm,4.032337525771489,4.8979591836734695,safe,False,False
1835-03-07,state,Ohio,Ohio,S-2100,122.5,6.0,ytm,4.028818336148895,4.8979591836734695,safe,False,False
1835-03-14,state,Ohio,Ohio,S-2100,122.0,6.0,ytm,4.066550367641546,4.918032786885246,safe,False,False
1835-03-21,state,Ohio,Ohio,S-2100,123.25,6.0,ytm,3.966312056737589,4.86815415821501,safe,False,False
1835-04-01,state,Ohio,Ohio,S-2100,122.75,6.0,ytm,4.0027603304649135,4.887983706720977,safe,False,False
1835-04-04,state,Ohio,Ohio,S-2100,123.0,6.0,ytm,3.9822975693502007,4.878048780487805,safe,False,False
1835-04-11,state,Ohio,Ohio,S-2100,123.0,6.0,ytm,3.980477142049675,4.878048780487805,safe,False,False
1835-04-18,state,Ohio,Ohio,S-2100,123.5,6.0,ytm,3.9393299584722175,4.8582995951417,safe,False,False
1835-04-25,state,Ohio,Ohio,S-2100,123.5,6.0,ytm,3.937464425777316,4.8582995951417,safe,False,False
1835-05-02,state,Ohio,Ohio,S-2100,123.0,6.0,ytm,3.974987320414384,4.878048780487805,safe,False,False
1835-05-09,state,Ohio,Ohio,S-2100,123.5,6.0,ytm,3.933718717821043,4.8582995951417,safe,False,False
1835-07-11,state,Ohio,Ohio,S-2010,111.0,5.0,ytm,4.019159897039528,4.504504504504505,safe,False,False
1835-07-11,state,Ohio,Ohio,S-2100,121.0,6.0,ytm,4.117193543308165,4.958677685950414,safe,False,False
1835-07-18,state,Ohio,Ohio,S-2010,107.5,5.0,ytm,4.3193033447936795,4.651162790697675,safe,False,False
1835-07-18,state,Ohio,Ohio,S-2100,121.5,6.0,ytm,4.074938779208911,4.938271604938271,safe,False,False
1835-08-08,state,Ohio,Ohio,S-2100,121.0,6.0,ytm,4.110205942570067,4.958677685950414,safe,False,False
1835-08-15,state,Ohio,Ohio,S-2100,120.0,6.0,ytm,4.190332796843363,5.0,safe,False,False
1835-08-29,state,Ohio,Ohio,S-2010,105.0,5.0,ytm,4.537963398339843,4.761904761904762,safe,False,False
1835-09-05,state,Ohio,Ohio,S-2010,109.0,5.0,ytm,4.1834478293314605,4.587155963302752,safe,False,False
1835-09-12,state,Ohio,Ohio,S-2100,118.0,6.0,ytm,4.350204117466309,5.084745762711865,safe,False,False
1835-10-28,state,Ohio,Ohio,S-2100,116.5,6.0,ytm,4.467745251185392,5.150214592274678,safe,False,False
1835-10-31,state,Ohio,Ohio,S-2010,106.0,5.0,ytm,4.443304422202548,4.716981132075472,safe,False,False
1835-10-31,state,Ohio,Ohio,S-2100,117.25,6.0,ytm,4.402978338547567,5.11727078891258,safe,False,False
1835-11-28,state,Ohio,Ohio,S-2100,117.5,6.0,ytm,4.3755191168984275,5.106382978723404,safe,False,False
1835-12-12,state,Ohio,Ohio,S-2010,102.0,5.0,ytm,4.8096171128604865,4.901960784313726,safe,False,False
1835-12-12,state,Ohio,Ohio,S-2100,116.0,6.0,ytm,4.5015798814006835,5.172413793103448,safe,False,False
1836-01-02,state,Ohio,Ohio,S-2010,100.0,5.0,ytm,5.0,5.0,safe,False,False
1836-01-16,state,Ohio,Ohio,S-2100,113.5,6.0,ytm,4.714728010681251,5.286343612334802,safe,False,False
1836-01-30,state,Ohio,Ohio,S-2100,111.0,6.0,ytm,4.938276782843323,5.405405405405405,safe,False,False
1836-02-27,state,Ohio,Ohio,S-2010,100.0,5.0,ytm,5.0,5.0,safe,False,False
1836-03-05,state,Ohio,Ohio,S-2010,104.0,5.0,ytm,4.618326538536207,4.807692307692308,safe,False,False
1836-03-05,state,Ohio,Ohio,S-2100,113.0,6.0,ytm,4.7509412913122295,5.3097345132743365,safe,False,False
1836-03-09,state,Ohio,Ohio,S-2010,103.0,5.0,ytm,4.712165320431342,4.854368932038835,safe,False,False
1836-03-09,state,Ohio,Ohio,S-2100,113.5,6.0,ytm,4.7052132094334,5.286343612334802,safe,False,False
1836-03-16,state,Ohio,Ohio,S-2010,102.0,5.0,ytm,4.806961148585587,4.901960784313726,safe,False,False
1836-03-16,state,Ohio,Ohio,S-2100,113.5,6.0,ytm,4.703941574222237,5.286343612334802,safe,False,False
1836-03-26,state,Ohio,Ohio,S-2100,114.5,6.0,ytm,4.612478394542423,5.240174672489083,safe,False,False
1836-03-30,state,Ohio,Ohio,S-2100,115.0,6.0,ytm,4.567164179104478,5.217391304347826,safe,False,False
1836-04-09,state,Ohio,Ohio,S-2100,114.25,6.0,ytm,4.632112995901444,5.25164113785558,safe,False,False
1836-05-07,state,Ohio,Ohio,S-2100,110.0,6.0,ytm,5.01675785614025,5.454545454545454,safe,False,False
1836-05-14,state,Ohio,Ohio,S-2100,113.0,6.0,ytm,4.738531591153346,5.3097345132743365,safe,False,False
1836-05-21,state,Ohio,Ohio,S-2100,113.5,6.0,ytm,4.6917758707324,5.286343612334802,safe,False,False
1836-07-16,state,Ohio,Ohio,S-2100,109.75,6.0,ytm,5.030502770301668,5.466970387243736,safe,False,False
1836-07-23,state,Ohio,Ohio,S-2100,109.5,6.0,ytm,5.0532739672092895,5.47945205479452,safe,False,False
1836-08-06,state,Ohio,Ohio,S-2010,102.0,5.0,ytm,4.802768879829159,4.901960784313726,safe,False,False
1836-08-06,state,Ohio,Ohio,S-2100,109.75,6.0,ytm,5.027540664656804,5.466970387243736,safe,False,False
1836-08-13,state,Ohio,Ohio,S-2100,108.0,6.0,ytm,5.194549774218419,5.555555555555555,safe,False,False
1836-08-27,state,Ohio,Ohio,S-2100,110.0,6.0,ytm,5.000732600732601,5.454545454545454,safe,False,False
1836-08-31,state,Ohio,Ohio,S-2100,110.0,6.0,ytm,5.0001466404669035,5.454545454545454,safe,False,False
1836-09-03,state,Ohio,Ohio,S-2100,109.0,6.0,ytm,5.095428400687234,5.5045871559633035,safe,False,False
1836-11-05,state,Ohio,Ohio,S-2010,92.0,5.0,ytm,5.841788067984738,5.434782608695652,safe,False,False
1836-11-12,state,Ohio,Ohio,S-2010,95.0,5.0,ytm,5.518592148437918,5.263157894736842,safe,False,False
1836-11-26,state,Ohio,Ohio,S-2100,100.0,6.0,ytm,6.0,6.0,safe,False,False
1837-01-07,state,Ohio,Ohio,S-2100,108.0,6.0,ytm,5.176734905752197,5.555555555555555,safe,False,False
1837-01-25,state,Ohio,Ohio,S-2100,104.0,6.0,ytm,5.57914529063107,5.769230769230769,safe,False,False
1837-02-04,state,Ohio,Ohio,S-2100,108.0,6.0,ytm,5.173215626121863,5.555555555555555,safe,False,False
1837-02-11,state,Ohio,Ohio,S-2100,108.0,6.0,ytm,5.172329264107467,5.555555555555555,safe,False,False
1837-04-08,state,Ohio,Ohio,S-2100,107.5,6.0,ytm,5.2154349498618,5.5813953488372094,safe,False,False
1837-04-15,state,Ohio,Ohio,S-2100,104.0,6.0,ytm,5.573922075290064,5.769230769230769,safe,False,False
1837-05-13,state,Ohio,Ohio,S-2100,97.0,6.0,ytm,6.332366344385893,6.185567010309279,safe,False,False
1837-05-17,state,Ohio,Ohio,S-2100,104.0,6.0,ytm,5.571782051936125,5.769230769230769,safe,False,False
1837-06-14,state,Ohio,Ohio,S-2100,107.0,6.0,ytm,5.258207501833725,5.607476635514018,safe,False,False
1837-08-05,state,Ohio,Ohio,S-2100,115.0,6.0,ytm,4.45683408936965,5.217391304347826,safe,False,False
1837-09-13,state,Ohio,Ohio,S-2100,113.5,6.0,ytm,4.592545990093359,5.286343612334802,safe,False,False
1837-09-23,state,Ohio,Ohio,S-2100,112.0,6.0,ytm,4.738024991687675,5.357142857142857,safe,False,False
1837-10-07,state,Ohio,Ohio,S-2100,113.0,6.0,ytm,4.636163366414643,5.3097345132743365,safe,False,False
1837-10-11,state,Ohio,Ohio,S-2100,114.0,6.0,ytm,4.537158166842838,5.263157894736842,safe,False,False
1837-11-01,state,Ohio,Ohio,S-2100,113.0,6.0,ytm,4.630551083277342,5.3097345132743365,safe,False,False
1837-11-18,state,Ohio,Ohio,S-2100,113.75,6.0,ytm,4.552566190719627,5.274725274725275,safe,False,False
1837-12-09,state,Ohio,Ohio,S-2100,113.5,6.0,ytm,4.5722460642874685,5.286343612334802,safe,False,False
1837-12-13,state,Ohio,Ohio,S-2100,113.5,6.0,ytm,4.571293440175691,5.286343612334802,safe,False,False
1837-12-16,state,Ohio,Ohio,S-2100,113.5,6.0,ytm,4.5705778351797015,5.286343612334802,safe,False,False
1838-01-05,state,Ohio,Ohio,S-2100,112.5,6.0,ytm,4.665771126902463,5.333333333333334,safe,False,False
1838-01-09,state,Ohio,Ohio,S-2100,112.5,6.0,ytm,4.664873949579832,5.333333333333334,safe,False,False
1838-01-16,state,Ohio,Ohio,S-2100,112.0,6.0,ytm,4.713741447232014,5.357142857142857,safe,False,False
1838-01-23,state,Ohio,Ohio,S-2100,112.0,6.0,ytm,4.712221967438661,5.357142857142857,safe,False,False
1838-02-24,state,Ohio,Ohio,S-2100,108.5,6.0,ytm,5.067463700557226,5.529953917050691,safe,False,False
1838-03-10,state,Ohio,Ohio,S-2100,105.0,6.0,ytm,5.440748381991352,5.714285714285714,safe,False,False
1838-03-31,state,Ohio,Ohio,S-2100,103.0,6.0,ytm,5.659919557820397,5.825242718446602,safe,False,False
1838-04-28,state,Ohio,Ohio,S-2100,106.5,6.0,ytm,5.272133168507337,5.633802816901409,safe,False,False
1838-05-12,state,Ohio,Ohio,S-2100,108.5,6.0,ytm,5.055005854206569,5.529953917050691,safe,False,False
1838-06-23,state,Ohio,Ohio,S-2100,107.0,6.0,ytm,5.210334262797343,5.607476635514018,safe,False,False
1839-01-19,state,Ohio,Ohio,S-2100,106.5,6.0,ytm,5.2362893462469735,5.633802816901409,safe,False,False
1839-08-03,state,Ohio,Ohio,S-2100,99.0,6.0,ytm,6.126650603173597,6.0606060606060606,safe,False,False
1839-11-16,state,Ohio,Ohio,S-2100,96.0,6.0,ytm,6.5254812387242,6.25,safe,False,False
1839-11-23,state,Ohio,Ohio,S-2100,91.0,6.0,ytm,7.215048243549092,6.593406593406594,safe,False,False
1839-11-30,state,Ohio,Ohio,S-2100,90.0,6.0,ytm,7.35913732771549,6.666666666666667,safe,False,False
1839-12-07,state,Ohio,Ohio,S-2100,80.0,6.0,ytm,8.873481964835962,7.5,safe,False,False
1840-01-01,state,Ohio,Ohio,S-2100,80.0,6.0,ytm,8.888584724883657,7.5,safe,False,False
1840-01-04,state,Ohio,Ohio,S-2100,85.0,6.0,ytm,8.109218807848945,7.0588235294117645,safe,False,False
1840-01-11,state,Ohio,Ohio,S-2100,89.0,6.0,ytm,7.5162629787938595,6.741573033707865,safe,False,False
1840-01-18,state,Ohio,Ohio,S-2100,89.5,6.0,ytm,7.445662112385381,6.70391061452514,safe,False,False
1840-01-25,state,Ohio,Ohio,S-2100,90.0,6.0,ytm,7.375237487491117,6.666666666666667,safe,False,False
1840-02-01,state,Ohio,Ohio,S-2100,93.0,6.0,ytm,6.949113506121199,6.451612903225806,safe,False,False
1840-02-08,state,Ohio,Ohio,S-2100,99.0,6.0,ytm,6.131695823515919,6.0606060606060606,safe,False,False
1840-02-15,state,Ohio,Ohio,S-2100,90.0,6.0,ytm,7.381403897771034,6.666666666666667,safe,False,False
1840-02-22,state,Ohio,Ohio,S-2100,95.0,6.0,ytm,6.674000811740329,6.315789473684211,safe,False,False
1840-03-21,state,Ohio,Ohio,S-2100,97.0,6.0,ytm,6.402715799971872,6.185567010309279,safe,False,False
1840-03-28,state,Ohio,Ohio,S-2100,93.0,6.0,ytm,6.960600838663369,6.451612903225806,safe,False,False
1840-04-04,state,Ohio,Ohio,S-2100,90.0,6.0,ytm,7.396075183744695,6.666666666666667,safe,False,False
1840-04-11,state,Ohio,Ohio,S-2100,96.5,6.0,ytm,6.473183584347707,6.217616580310881,safe,False,False
1840-04-25,state,Ohio,Ohio,S-2100,97.0,6.0,ytm,6.405795812254479,6.185567010309279,safe,False,False
1840-05-02,state,Ohio,Ohio,S-2100,98.5,6.0,ytm,6.201673982224372,6.091370558375635,safe,False,False
1840-05-16,state,Ohio,Ohio,S-2100,95.0,6.0,ytm,6.68642418144835,6.315789473684211,safe,False,False
1840-05-23,state,Ohio,Ohio,S-2100,96.0,6.0,ytm,6.547182975754405,6.25,safe,False,False
1840-06-06,state,Ohio,Ohio,S-2010,89.0,5.0,ytm,6.507134381848341,5.617977528089887,safe,False,False
1840-06-13,state,Ohio,Ohio,S-2100,99.5,6.0,ytm,6.067511857890643,6.030150753768844,safe,False,False
1840-06-20,state,Ohio,Ohio,S-2100,98.0,6.0,ytm,6.272518406349538,6.122448979591836,safe,False,False
1840-06-27,state,Ohio,Ohio,S-2100,98.0,6.0,ytm,6.272945280139525,6.122448979591836,safe,False,False
1840-07-01,state,Ohio,Ohio,S-2100,98.0,6.0,ytm,6.2731899810551495,6.122448979591836,safe,False,False
1840-07-04,state,Ohio,Ohio,S-2100,99.0,6.0,ytm,6.136000069551912,6.0606060606060606,safe,False,False
1840-07-11,state,Ohio,Ohio,S-2100,97.0,6.0,ytm,6.4127911155046,6.185567010309279,safe,False,False
1840-07-18,state,Ohio,Ohio,S-2100,80.0,6.0,ytm,9.016599112140511,7.5,safe,False,False
1840-07-25,state,Ohio,Ohio,S-2010,80.0,5.0,ytm,7.910260129581278,6.25,safe,False,False
1840-08-01,state,Ohio,Ohio,S-2080,96.75,6.0,ytm,6.269255907653343,6.2015503875969,safe,False,False
1840-08-22,state,Ohio,Ohio,S-2100,96.5,6.0,ytm,6.487433270296881,6.217616580310881,safe,False,False
1840-09-19,state,Ohio,Ohio,S-2010,80.0,5.0,ytm,7.949146433369377,6.25,safe,False,False
1840-09-26,state,Ohio,Ohio,S-2100,96.75,6.0,ytm,6.4556917822415665,6.2015503875969,safe,False,False
1840-09-30,state,Ohio,Ohio,S-2110,96.75,6.0,ytm,6.3157091646087915,6.2015503875969,safe,False,False
1840-10-03,state,Ohio,Ohio,S-2100,96.0,6.0,ytm,6.563910728638509,6.25,safe,False,False
1840-10-10,state,Ohio,Ohio,S-2080,97.25,6.0,ytm,6.228685944121301,6.169665809768637,safe,False,False
1840-10-18,state,Ohio,Ohio,S-2080,97.25,6.0,ytm,6.228851368420139,6.169665809768637,safe,False,False
1840-10-25,state,Ohio,Ohio,S-2080,98.0,6.0,ytm,6.165912010067854,6.122448979591836,safe,False,False
1840-10-31,state,Ohio,Ohio,S-2110,100.0,6.0,ytm,6.0,6.0,safe,False,False
1840-11-07,state,Ohio,Ohio,S-2110,97.0,6.0,ytm,6.292425419793192,6.185567010309279,safe,False,False
1840-12-05,state,Ohio,Ohio,S-2110,98.5,6.0,ytm,6.145615275327902,6.091370558375635,safe,False,False
1840-12-19,state,Ohio,Ohio,S-2010,80.0,5.0,ytm,8.015151515151516,6.25,safe,False,False
1840-12-19,state,Ohio,Ohio,S-2110,95.5,6.0,ytm,6.444328105372149,6.282722513089005,safe,False,False
1840-12-30,state,Ohio,Ohio,S-2100,88.0,6.0,ytm,7.800663721107755,6.8181818181818175,safe,False,False
1841-01-09,state,Ohio,Ohio,S-2100,96.5,6.0,ytm,6.503681768552598,6.217616580310881,safe,False,False
1841-01-16,state,Ohio,Ohio,S-2110,96.5,6.0,ytm,6.345044316169987,6.217616580310881,safe,False,False
1841-01-30,state,Ohio,Ohio,S-2100,96.75,6.0,ytm,6.469482216777703,6.2015503875969,safe,False,False
1841-02-06,state,Ohio,Ohio,S-2110,96.5,6.0,ytm,6.345963400299059,6.217616580310881,safe,False,False
1841-02-13,state,Ohio,Ohio,S-2080,93.0,6.0,ytm,6.601822187225754,6.451612903225806,safe,False,False
1841-02-20,state,Ohio,Ohio,S-2010,90.5,5.0,ytm,6.374741850503163,5.524861878453039,safe,False,False
1841-02-20,state,Ohio,Ohio,S-2100,90.0,6.0,ytm,7.50353641285791,6.666666666666667,safe,False,False
1841-02-27,state,Ohio,Ohio,S-2080,92.0,6.0,ytm,6.692276954373728,6.521739130434782,safe,False,False
1841-03-10,state,Ohio,Ohio,S-2080,90.0,6.0,ytm,6.875349485633746,6.666666666666667,safe,False,False
1841-03-31,state,Ohio,Ohio,S-2100,90.0,6.0,ytm,7.518021131628321,6.666666666666667,safe,False,False
1841-04-03,state,Ohio,Ohio,S-2100,92.5,6.0,ytm,7.1245655752698,6.486486486486487,safe,False,False
1841-04-10,state,Ohio,Ohio,S-2100,94.0,6.0,ytm,6.89424905250359,6.382978723404255,safe,False,False
1841-04-24,state,Ohio,Ohio,S-2100,91.0,6.0,ytm,7.367204742723107,6.593406593406594,safe,False,False
1841-05-01,state,Ohio,Ohio,S-2080,93.0,6.0,ytm,6.606160628600215,6.451612903225806,safe,False,False
1841-05-22,state,Ohio,Ohio,S-2100,96.0,6.0,ytm,6.596325752169909,6.25,safe,False,False
1841-06-05,state,Ohio,Ohio,S-2010,81.5,5.0,ytm,7.886994289815606,6.134969325153374,safe,False,False
1841-06-12,state,Ohio,Ohio,S-2080,97.0,6.0,ytm,6.2555193776501445,6.185567010309279,safe,False,False
1841-06-19,state,Ohio,Ohio,S-2080,93.0,6.0,ytm,6.608972838107776,6.451612903225806,safe,False,False
1841-06-19,state,Ohio,Ohio,S-2100,93.5,6.0,ytm,6.988553584836235,6.417112299465241,safe,False,False
1841-06-19,state,Ohio,Ohio,S-2110,94.0,6.0,ytm,6.611123301609988,6.382978723404255,safe,False,False
1841-06-26,state,Ohio,Ohio,S-2080,90.0,6.0,ytm,6.884285236231197,6.666666666666667,safe,False,False
1841-06-26,state,Ohio,Ohio,S-2100,93.0,6.0,ytm,7.069266167352017,6.451612903225806,safe,False,False
1841-07-03,state,Ohio,Ohio,S-2080,94.0,6.0,ytm,6.519977660178353,6.382978723404255,safe,False,False
1841-07-03,state,Ohio,Ohio,S-2110,94.75,6.0,ytm,6.533654318204134,6.33245382585752,safe,False,False
1841-07-10,state,Ohio,Ohio,S-2080,94.25,6.0,ytm,6.498002564086428,6.36604774535809,safe,False,False
1841-07-10,state,Ohio,Ohio,S-2110,94.25,6.0,ytm,6.586523577824637,6.36604774535809,safe,False,False
1841-08-07,state,Ohio,Ohio,S-2080,93.75,6.0,ytm,6.544158655346028,6.4,safe,False,False
1841-08-14,state,Ohio,Ohio,S-2080,94.0,6.0,ytm,6.52206959453857,6.382978723404255,safe,False,False
1841-08-28,state,Ohio,Ohio,S-2080,94.0,6.0,ytm,6.52277273426681,6.382978723404255,safe,False,False
1841-09-18,state,Ohio,Ohio,S-2080,93.0,6.0,ytm,6.614304986552081,6.451612903225806,safe,False,False
1841-09-18,state,Ohio,Ohio,S-2100,93.0,6.0,ytm,7.092899654405686,6.451612903225806,safe,False,False
1841-09-25,state,Ohio,Ohio,S-2100,93.0,6.0,ytm,7.094928456233057,6.451612903225806,safe,False,False
1841-10-02,state,Ohio,Ohio,S-2100,94.0,6.0,ytm,6.935410472146472,6.382978723404255,safe,False,False
1841-10-16,state,Ohio,Ohio,S-2080,90.5,6.0,ytm,6.846936758074388,6.629834254143646,safe,False,False
1841-10-16,state,Ohio,Ohio,S-2100,90.0,6.0,ytm,7.59779575648023,6.666666666666667,safe,False,False
1841-10-16,state,Ohio,Ohio,S-2110,90.25,6.0,ytm,7.028818181127662,6.64819944598338,safe,False,False
1841-11-13,state,Ohio,Ohio,S-2080,90.0,6.0,ytm,6.896302359401448,6.666666666666667,safe,False,False
1841-11-20,state,Ohio,Ohio,S-2080,88.0,6.0,ytm,7.087749877794643,6.8181818181818175,safe,False,False
1841-11-20,state,Ohio,Ohio,S-2100,88.25,6.0,ytm,7.912815673876692,6.79886685552408,safe,False,False
1841-11-27,state,Ohio,Ohio,S-2110,86.0,6.0,ytm,7.519675664836954,6.976744186046512,safe,False,False
1841-12-04,state,Ohio,Ohio,S-2080,84.0,6.0,ytm,7.483898159977873,7.142857142857142,safe,False,False
1841-12-11,state,Ohio,Ohio,S-2080,81.0,6.0,ytm,7.7925684534156545,7.4074074074074066,safe,False,False
1841-12-11,state,Ohio,Ohio,S-2110,81.0,6.0,ytm,8.123451715031626,7.4074074074074066,safe,False,False
1841-12-18,state,Ohio,Ohio,S-2080,80.0,6.0,ytm,7.898704715644607,7.5,safe,False,False
1841-12-25,state,Ohio,Ohio,S-2080,71.0,6.0,ytm,8.900023192763857,8.450704225352112,safe,False,False
1842-01-01,state,Ohio,Ohio,S-2080,71.0,6.0,ytm,8.902027658132248,8.450704225352112,safe,False,False
1842-01-15,state,Ohio,Ohio,S-2080,60.0,6.0,ytm,10.283917682926829,10.0,safe,False,False
1842-01-22,state,Ohio,Ohio,S-2080,65.0,6.0,ytm,9.637362484913226,9.230769230769232,safe,False,False
1842-01-22,state,Ohio,Ohio,S-2100,68.0,6.0,ytm,11.93923277687497,8.823529411764707,safe,False,False
1842-01-22,state,Ohio,Ohio,S-2110,69.0,6.0,ytm,9.732112560833327,8.695652173913043,safe,False,False
1842-01-29,state,Ohio,Ohio,S-2080,70.0,6.0,ytm,9.028144713430745,8.571428571428571,safe,False,False
1842-01-29,state,Ohio,Ohio,S-2110,70.0,6.0,ytm,9.593961478396668,8.571428571428571,safe,False,False
1842-02-05,state,Ohio,Ohio,S-2080,67.0,6.0,ytm,9.39315740746676,8.955223880597014,safe,False,False
1842-02-05,state,Ohio,Ohio,S-2110,67.0,6.0,ytm,10.028289226981247,8.955223880597014,safe,False,False
1842-02-12,state,Ohio,Ohio,S-2080,68.0,6.0,ytm,9.273029481235238,8.823529411764707,safe,False,False
1842-02-19,state,Ohio,Ohio,S-2080,68.0,6.0,ytm,9.275314723590586,8.823529411764707,safe,False,False
1842-02-19,state,Ohio,Ohio,S-2100,69.0,6.0,ytm,11.76460290358922,8.695652173913043,safe,False,False
1842-03-05,state,Ohio,Ohio,S-2080,61.0,6.0,ytm,10.171177109735936,9.836065573770492,safe,False,False
1842-03-12,state,Ohio,Ohio,S-2080,51.75,6.0,ytm,11.478894751879972,11.594202898550725,safe,False,False
1842-03-12,state,Ohio,Ohio,S-2100,52.0,6.0,ytm,15.98324352255112,11.538461538461538,safe,False,False
1842-03-12,state,Ohio,Ohio,S-2110,50.0,6.0,ytm,12.828475114019431,12.0,safe,False,False
1842-03-19,state,Ohio,Ohio,S-2080,58.0,6.0,ytm,10.583755306733584,10.344827586206897,safe,False,False
1842-03-19,state,Ohio,Ohio,S-2100,53.0,6.0,ytm,15.73072814363004,11.320754716981131,safe,False,False
1842-03-19,state,Ohio,Ohio,S-2110,59.0,6.0,ytm,11.287597224511815,10.16949152542373,safe,False,False
1842-03-26,state,Ohio,Ohio,S-2080,54.5,6.0,ytm,11.081798734423383,11.009174311926609,safe,False,False
1842-03-26,state,Ohio,Ohio,S-2100,52.0,6.0,ytm,16.023144542116388,11.538461538461538,safe,False,False
1842-04-02,state,Ohio,Ohio,S-2080,52.5,6.0,ytm,11.37853604509145,11.428571428571429,safe,False,False
1842-04-09,state,Ohio,Ohio,S-2010,48.0,5.0,ytm,15.845360232754002,10.416666666666668,safe,False,False
1842-04-09,state,Ohio,Ohio,S-2100,58.0,6.0,ytm,14.471124538315344,10.344827586206897,safe,False,False
1842-04-09,state,Ohio,Ohio,S-2110,57.0,6.0,ytm,11.632808580627543,10.526315789473683,safe,False,False
1842-04-16,state,Ohio,Ohio,S-2080,63.5,6.0,ytm,9.86036439135978,9.448818897637794,safe,False,False
1842-04-16,state,Ohio,Ohio,S-2110,62.5,6.0,ytm,10.750768001966083,9.6,safe,False,False
1842-04-23,state,Ohio,Ohio,S-2080,69.25,6.0,ytm,9.14395806503376,8.664259927797833,safe,False,False
1842-04-23,state,Ohio,Ohio,S-2100,69.0,6.0,ytm,11.869169702457413,8.695652173913043,safe,False,False
1842-04-23,state,Ohio,Ohio,S-2110,69.0,6.0,ytm,9.779996663389214,8.695652173913043,safe,False,False
1842-04-30,state,Ohio,Ohio,S-2010,55.0,5.0,ytm,14.01781501386763,9.090909090909092,safe,False,False
1842-04-30,state,Ohio,Ohio,S-2080,70.5,6.0,ytm,8.996163377862985,8.51063829787234,safe,False,False
1842-04-30,state,Ohio,Ohio,S-2100,69.0,6.0,ytm,11.881078388117547,8.695652173913043,safe,False,False
1842-05-07,state,Ohio,Ohio,S-2080,86.0,6.0,ytm,7.304340430641158,6.976744186046512,safe,False,False
1842-05-07,state,Ohio,Ohio,S-2100,71.0,6.0,ytm,11.448372361518963,8.450704225352112,safe,False,False
1842-05-07,state,Ohio,Ohio,S-2110,70.0,6.0,ytm,9.643779709597895,8.571428571428571,safe,False,False
1842-05-14,state,Ohio,Ohio,S-2080,73.5,6.0,ytm,8.64868746552055,8.16326530612245,safe,False,False
1842-05-14,state,Ohio,Ohio,S-2100,73.5,6.0,ytm,10.91696175692278,8.16326530612245,safe,False,False
1842-05-14,state,Ohio,Ohio,S-2110,73.0,6.0,ytm,9.225746918309074,8.21917808219178,safe,False,False
1842-05-21,state,Ohio,Ohio,S-2100,74.5,6.0,ytm,10.713932587509964,8.053691275167784,safe,False,False
1842-05-21,state,Ohio,Ohio,S-2110,74.0,6.0,ytm,9.09150793595762,8.108108108108109,safe,False,False
1842-05-28,state,Ohio,Ohio,S-2080,75.5,6.0,ytm,8.424328986021843,7.947019867549669,safe,False,False
1842-05-28,state,Ohio,Ohio,S-2100,76.0,6.0,ytm,10.407862407862408,7.894736842105263,safe,False,False
1842-06-04,state,Ohio,Ohio,S-2010,80.0,5.0,ytm,8.487877328195246,6.25,safe,False,False
1842-06-04,state,Ohio,Ohio,S-2080,78.0,6.0,ytm,8.147905071931115,7.6923076923076925,safe,False,False
1842-06-04,state,Ohio,Ohio,S-2100,78.0,6.0,ytm,10.003369162823928,7.6923076923076925,safe,False,False
1842-06-04,state,Ohio,Ohio,S-2110,78.0,6.0,ytm,8.56223278071195,7.6923076923076925,safe,False,False
1842-06-11,state,Ohio,Ohio,S-2080,80.0,6.0,ytm,7.932324964915017,7.5,safe,False,False
1842-06-11,state,Ohio,Ohio,S-2100,80.0,6.0,ytm,9.60642279367379,7.5,safe,False,False
1842-06-11,state,Ohio,Ohio,S-2110,80.0,6.0,ytm,8.305735056542812,7.5,safe,False,False
1842-06-18,state,Ohio,Ohio,S-2080,84.0,6.0,ytm,7.513336681643567,7.142857142857142,safe,False,False
1842-07-02,state,Ohio,Ohio,S-2080,79.0,6.0,ytm,8.044666517504423,7.59493670886076,safe,False,False
1842-07-09,state,Ohio,Ohio,S-2010,50.0,5.0,ytm,15.57628979143798,10.0,safe,False,False
1842-07-09,state,Ohio,Ohio,S-2110,72.5,6.0,ytm,9.32160138452301,8.275862068965518,safe,False,False
1842-07-16,state,Ohio,Ohio,S-2080,68.5,6.0,ytm,9.262808076352966,8.75912408759124,safe,False,False
1842-07-16,state,Ohio,Ohio,S-2100,70.0,6.0,ytm,11.787795088688448,8.571428571428571,safe,False,False
1842-07-23,state,Ohio,Ohio,S-2080,74.0,6.0,ytm,8.609864742718893,8.108108108108109,safe,False,False
1842-07-23,state,Ohio,Ohio,S-2100,73.5,6.0,ytm,11.019954573059897,8.16326530612245,safe,False,False
1842-07-23,state,Ohio,Ohio,S-2110,73.5,6.0,ytm,9.1888283042899,8.16326530612245,safe,False,False
1842-07-30,state,Ohio,Ohio,S-2080,74.5,6.0,ytm,8.554183723271484,8.053691275167784,safe,False,False
1842-07-30,state,Ohio,Ohio,S-2100,75.0,6.0,ytm,10.7051201011378,8.0,safe,False,False
1842-07-30,state,Ohio,Ohio,S-2110,74.0,6.0,ytm,9.122845267148191,8.108108108108109,safe,False,False
1842-08-06,state,Ohio,Ohio,S-2080,73.0,6.0,ytm,8.729851304056064,8.21917808219178,safe,False,False
1842-08-13,state,Ohio,Ohio,S-2080,72.0,6.0,ytm,8.849478117560887,8.333333333333332,safe,False,False
1842-08-20,state,Ohio,Ohio,S-2080,70.0,6.0,ytm,9.091170442637091,8.571428571428571,safe,False,False
1842-08-20,state,Ohio,Ohio,S-2100,70.0,6.0,ytm,11.849301593547118,8.571428571428571,safe,False,False
1842-08-27,state,Ohio,Ohio,S-2010,50.0,5.0,ytm,15.73894684550422,10.0,safe,False,False
1842-08-27,state,Ohio,Ohio,S-2080,71.5,6.0,ytm,8.913041677710044,8.391608391608392,safe,False,False
1842-08-27,state,Ohio,Ohio,S-2100,71.0,6.0,ytm,11.633265354145424,8.450704225352112,safe,False,False
1842-09-03,state,Ohio,Ohio,S-2080,72.75,6.0,ytm,8.767134219414501,8.24742268041237,safe,False,False
1842-09-03,state,Ohio,Ohio,S-2100,71.0,6.0,ytm,11.64533485375748,8.450704225352112,safe,False,False
1842-09-03,state,Ohio,Ohio,S-2110,72.0,6.0,ytm,9.419607880606142,8.333333333333332,safe,False,False
1842-09-10,state,Ohio,Ohio,S-2080,73.0,6.0,ytm,8.73978016029902,8.21917808219178,safe,False,False
1842-09-10,state,Ohio,Ohio,S-2100,73.25,6.0,ytm,11.150753117045252,8.19112627986348,safe,False,False
1842-09-10,state,Ohio,Ohio,S-2110,73.25,6.0,ytm,9.246712281067351,8.19112627986348,safe,False,False
1842-09-17,state,Ohio,Ohio,S-2080,72.5,6.0,ytm,8.800647182347069,8.275862068965518,safe,False,False
1842-09-17,state,Ohio,Ohio,S-2100,73.0,6.0,ytm,11.217627995719548,8.21917808219178,safe,False,False
1842-09-17,state,Ohio,Ohio,S-2110,72.625,6.0,ytm,9.338036338118686,8.261617900172118,safe,False,False
1842-09-24,state,Ohio,Ohio,S-2080,72.5,6.0,ytm,8.80269361197651,8.275862068965518,safe,False,False
1842-09-24,state,Ohio,Ohio,S-2100,72.0,6.0,ytm,11.454101288876435,8.333333333333332,safe,False,False
1842-10-01,state,Ohio,Ohio,S-2080,72.5,6.0,ytm,8.80474458850562,8.275862068965518,safe,False,False
1842-10-01,state,Ohio,Ohio,S-2100,72.5,6.0,ytm,11.352766425394323,8.275862068965518,safe,False,False
1842-10-08,state,Ohio,Ohio,S-2010,59.0,5.0,ytm,13.419055508738856,8.47457627118644,safe,False,False
1842-10-08,state,Ohio,Ohio,S-2080,71.125,6.0,ytm,8.97082058741812,8.43585237258348,safe,False,False
1842-10-08,state,Ohio,Ohio,S-2110,70.0,6.0,ytm,9.72614744221711,8.571428571428571,safe,False,False
1842-10-15,state,Ohio,Ohio,S-2080,71.0,6.0,ytm,8.988053878931462,8.450704225352112,safe,False,False
1842-10-15,state,Ohio,Ohio,S-2100,71.0,6.0,ytm,11.719098505276474,8.450704225352112,safe,False,False
1842-10-15,state,Ohio,Ohio,S-2110,71.0,6.0,ytm,9.5845965930159,8.450704225352112,safe,False,False
1842-10-22,state,Ohio,Ohio,S-2010,59.0,5.0,ytm,13.457037419947737,8.47457627118644,safe,False,False
1842-10-22,state,Ohio,Ohio,S-2080,70.5,6.0,ytm,9.050726600295125,8.51063829787234,safe,False,False
1842-10-22,state,Ohio,Ohio,S-2100,70.5,6.0,ytm,11.84754080799154,8.51063829787234,safe,False,False
1842-10-22,state,Ohio,Ohio,S-2110,71.0,6.0,ytm,9.58832545152048,8.450704225352112,safe,False,False
1842-10-29,state,Ohio,Ohio,S-2100,70.0,6.0,ytm,11.977242633031846,8.571428571428571,safe,False,False
1842-11-05,state,Ohio,Ohio,S-2080,67.5,6.0,ytm,9.426209202947916,8.88888888888889,safe,False,False
1842-11-05,state,Ohio,Ohio,S-2100,67.0,6.0,ytm,12.70782841356308,8.955223880597014,safe,False,False
1842-11-05,state,Ohio,Ohio,S-2110,68.0,6.0,ytm,10.03865021554928,8.823529411764707,safe,False,False
1842-11-12,state,Ohio,Ohio,S-2080,70.0,6.0,ytm,9.118445908480023,8.571428571428571,safe,False,False
1842-11-12,state,Ohio,Ohio,S-2100,72.0,6.0,ytm,11.538255680145584,8.333333333333332,safe,False,False
1842-11-19,state,Ohio,Ohio,S-2080,70.5,6.0,ytm,9.059740179330298,8.51063829787234,safe,False,False
1842-11-19,state,Ohio,Ohio,S-2100,71.25,6.0,ytm,11.724171813587873,8.421052631578947,safe,False,False
1842-11-19,state,Ohio,Ohio,S-2110,70.5,6.0,ytm,9.676225767889571,8.51063829787234,safe,False,False
1842-11-26,state,Ohio,Ohio,S-2080,70.75,6.0,ytm,9.031611819470218,8.480565371024735,safe,False,False
1842-11-26,state,Ohio,Ohio,S-2100,71.0,6.0,ytm,11.79525172360133,8.450704225352112,safe,False,False
1842-11-26,state,Ohio,Ohio,S-2110,70.0,6.0,ytm,9.7534674404879,8.571428571428571,safe,False,False
1842-12-03,state,Ohio,Ohio,S-2010,59.0,5.0,ytm,13.573450655926688,8.47457627118644,safe,False,False
1842-12-03,state,Ohio,Ohio,S-2080,71.25,6.0,ytm,8.973292956052264,8.421052631578947,safe,False,False
1842-12-10,state,Ohio,Ohio,S-2080,72.625,6.0,ytm,8.81062790041756,8.261617900172118,safe,False,False
1842-12-17,state,Ohio,Ohio,S-2080,68.5,6.0,ytm,9.315786312007509,8.75912408759124,safe,False,False
1842-12-17,state,Ohio,Ohio,S-2100,70.0,6.0,ytm,12.070945018754005,8.571428571428571,safe,False,False
1842-12-17,state,Ohio,Ohio,S-2110,68.0,6.0,ytm,10.064185237395398,8.823529411764707,safe,False,False
1842-12-24,state,Ohio,Ohio,S-2080,69.5,6.0,ytm,9.193960038205264,8.633093525179856,safe,False,False
1842-12-24,state,Ohio,Ohio,S-2100,71.5,6.0,ytm,11.72983479105928,8.391608391608392,safe,False,False
1842-12-24,state,Ohio,Ohio,S-2110,69.0,6.0,ytm,9.918023200840048,8.695652173913043,safe,False,False
1842-12-31,state,Ohio,Ohio,S-2080,67.0,6.0,ytm,9.5101102143539,8.955223880597014,safe,False,False
1842-12-31,state,Ohio,Ohio,S-2100,70.0,6.0,ytm,12.09837648898496,8.571428571428571,safe,False,False
1843-01-07,state,Ohio,Ohio,S-2080,67.0,6.0,ytm,9.512733359655025,8.955223880597014,safe,False,False
1843-01-07,state,Ohio,Ohio,S-2100,72.0,6.0,ytm,11.638390781544858,8.333333333333332,safe,False,False
1843-01-07,state,Ohio,Ohio,S-2110,67.0,6.0,ytm,10.229709286614456,8.955223880597014,safe,False,False
1843-01-14,state,Ohio,Ohio,S-2080,66.75,6.0,ytm,9.547304301367715,8.98876404494382,safe,False,False
1843-01-14,state,Ohio,Ohio,S-2100,70.0,6.0,ytm,12.12610987791343,8.571428571428571,safe,False,False
1843-01-14,state,Ohio,Ohio,S-2110,66.75,6.0,ytm,10.272683088234128,8.98876404494382,safe,False,False
1843-01-21,state,Ohio,Ohio,S-2080,63.0,6.0,ytm,10.04121700186458,9.523809523809524,safe,False,False
1843-01-21,state,Ohio,Ohio,S-2100,93.0,6.0,ytm,7.261953145263571,6.451612903225806,safe,False,False
1843-01-21,state,Ohio,Ohio,S-2110,62.0,6.0,ytm,11.031600551482107,9.67741935483871,safe,False,False
1843-01-28,state,Ohio,Ohio,S-2080,65.25,6.0,ytm,9.746599737366452,9.195402298850574,safe,False,False
1843-01-28,state,Ohio,Ohio,S-2100,67.0,6.0,ytm,12.891174173392344,8.955223880597014,safe,False,False
1843-01-28,state,Ohio,Ohio,S-2110,65.0,6.0,ytm,10.554967167972888,9.230769230769232,safe,False,False
1843-02-04,state,Ohio,Ohio,S-2080,66.0,6.0,ytm,9.651919418564948,9.090909090909092,safe,False,False
1843-02-04,state,Ohio,Ohio,S-2110,67.0,6.0,ytm,10.247790375972706,8.955223880597014,safe,False,False
1843-02-11,state,Ohio,Ohio,S-2080,65.75,6.0,ytm,9.68709468223087,9.125475285171104,safe,False,False
1843-02-11,state,Ohio,Ohio,S-2100,68.25,6.0,ytm,12.611205077991196,8.791208791208792,safe,False,False
1843-02-11,state,Ohio,Ohio,S-2110,66.0,6.0,ytm,10.407595967042166,9.090909090909092,safe,False,False
1843-02-18,state,Ohio,Ohio,S-2080,66.0,6.0,ytm,9.65742535146266,9.090909090909092,safe,False,False
1843-02-18,state,Ohio,Ohio,S-2100,68.0,6.0,ytm,12.688606730057506,8.823529411764707,safe,False,False
1843-02-18,state,Ohio,Ohio,S-2110,66.0,6.0,ytm,10.412330171750831,9.090909090909092,safe,False,False
1843-03-04,state,Ohio,Ohio,S-2100,69.0,6.0,ytm,12.471214618586284,8.695652173913043,safe,False,False
1843-03-11,state,Ohio,Ohio,S-2080,70.25,6.0,ytm,9.127444790426036,8.540925266903916,safe,False,False
1843-03-11,state,Ohio,Ohio,S-2100,70.5,6.0,ytm,12.118167202572346,8.51063829787234,safe,False,False
1843-03-11,state,Ohio,Ohio,S-2110,70.75,6.0,ytm,9.702255209016204,8.480565371024735,safe,False,False
1843-03-18,state,Ohio,Ohio,S-2080,70.5,6.0,ytm,9.098966076028294,8.51063829787234,safe,False,False
1843-03-25,state,Ohio,Ohio,S-2080,70.0,6.0,ytm,9.163161836722937,8.571428571428571,safe,False,False
1843-03-25,state,Ohio,Ohio,S-2100,70.0,6.0,ytm,12.269484996909032,8.571428571428571,safe,False,False
1843-03-25,state,Ohio,Ohio,S-2110,69.5,6.0,ytm,9.897371690900986,8.633093525179856,safe,False,False
1843-04-01,state,Ohio,Ohio,S-2080,68.75,6.0,ytm,9.321893555591872,8.727272727272728,safe,False,False
1843-04-01,state,Ohio,Ohio,S-2100,68.0,6.0,ytm,12.783021599397763,8.823529411764707,safe,False,False
1843-04-08,state,Ohio,Ohio,S-2080,68.75,6.0,ytm,9.324425538103547,8.727272727272728,safe,False,False
1843-04-08,state,Ohio,Ohio,S-2100,68.0,6.0,ytm,12.799070847851334,8.823529411764707,safe,False,False
1843-04-15,state,Ohio,Ohio,S-2080,67.25,6.0,ytm,9.51792803810741,8.921933085501859,safe,False,False
1843-04-15,state,Ohio,Ohio,S-2110,67.0,6.0,ytm,10.293946989741446,8.955223880597014,safe,False,False
1843-04-22,state,Ohio,Ohio,S-2080,69.5,6.0,ytm,9.23522001991078,8.633093525179856,safe,False,False
1843-04-22,state,Ohio,Ohio,S-2100,69.25,6.0,ytm,12.516108655979496,8.664259927797833,safe,False,False
1843-04-22,state,Ohio,Ohio,S-2110,69.0,6.0,ytm,9.990327351519102,8.695652173913043,safe,False,False
1843-04-29,state,Ohio,Ohio,S-2080,78.5,6.0,ytm,8.167236686170117,7.643312101910828,safe,False,False
1843-04-29,state,Ohio,Ohio,S-2100,77.0,6.0,ytm,10.67157281742309,7.792207792207792,safe,False,False
1843-04-29,state,Ohio,Ohio,S-2110,77.0,6.0,ytm,8.82984954423985,7.792207792207792,safe,False,False
1843-05-06,state,Ohio,Ohio,S-2080,80.0,6.0,ytm,8.000767039228577,7.5,safe,False,False
1843-05-13,state,Ohio,Ohio,S-2080,88.25,6.0,ytm,7.124800124825693,6.79886685552408,safe,False,False
1843-05-13,state,Ohio,Ohio,S-2100,85.0,6.0,ytm,8.928949568124827,7.0588235294117645,safe,False,False
1843-05-13,state,Ohio,Ohio,S-2110,87.0,6.0,ytm,7.517273097989786,6.896551724137931,safe,False,False
1843-05-20,state,Ohio,Ohio,S-2080,86.5,6.0,ytm,7.305453356948205,6.9364161849710975,safe,False,False
1843-05-20,state,Ohio,Ohio,S-2100,85.5,6.0,ytm,8.83050303318106,7.017543859649122,safe,False,False
1843-05-20,state,Ohio,Ohio,S-2110,86.0,6.0,ytm,7.644580379201981,6.976744186046512,safe,False,False
1843-06-03,state,Ohio,Ohio,S-2080,89.25,6.0,ytm,7.026002575695971,6.722689075630252,safe,False,False
1843-06-03,state,Ohio,Ohio,S-2100,89.0,6.0,ytm,8.117753479650318,6.741573033707865,safe,False,False
1843-06-03,state,Ohio,Ohio,S-2110,88.0,6.0,ytm,7.397726483457968,6.8181818181818175,safe,False,False
1843-06-10,state,Ohio,Ohio,S-2080,92.375,6.0,ytm,6.716477551587313,6.495263870094722,safe,False,False
1843-06-10,state,Ohio,Ohio,S-2100,92.0,6.0,ytm,7.519816437213184,6.521739130434782,safe,False,False
1843-06-10,state,Ohio,Ohio,S-2110,92.0,6.0,ytm,6.913415431560593,6.521739130434782,safe,False,False
1843-06-17,state,Ohio,Ohio,S-2080,89.5,6.0,ytm,7.00236864376803,6.70391061452514,safe,False,False
1843-06-17,state,Ohio,Ohio,S-2100,90.0,6.0,ytm,7.924465976657123,6.666666666666667,safe,False,False
1843-06-17,state,Ohio,Ohio,S-2110,88.5,6.0,ytm,7.33889893499676,6.779661016949152,safe,False,False
1843-06-24,state,Ohio,Ohio,S-2080,87.5,6.0,ytm,7.206959403479701,6.857142857142858,safe,False,False
1843-06-24,state,Ohio,Ohio,S-2100,87.0,6.0,ytm,8.548183321701625,6.896551724137931,safe,False,False
1843-06-24,state,Ohio,Ohio,S-2110,87.75,6.0,ytm,7.433507982651902,6.837606837606838,safe,False,False
1843-07-01,state,Ohio,Ohio,S-2010,80.0,5.0,ytm,8.971661054994389,6.25,safe,False,False
1843-07-01,state,Ohio,Ohio,S-2080,91.0,6.0,ytm,6.853748823118639,6.593406593406594,safe,False,False
1843-07-01,state,Ohio,Ohio,S-2100,90.0,6.0,ytm,7.9339447102605005,6.666666666666667,safe,False,False
1843-07-01,state,Ohio,Ohio,S-2110,90.0,6.0,ytm,7.157641201756307,6.666666666666667,safe,False,False
1843-07-08,state,Ohio,Ohio,S-2080,90.0,6.0,ytm,6.954344006503553,6.666666666666667,safe,False,False
1843-07-08,state,Ohio,Ohio,S-2110,89.0,6.0,ytm,7.281571985519355,6.741573033707865,safe,False,False
1843-07-15,state,Ohio,Ohio,S-2080,89.5,6.0,ytm,7.005487635271439,6.70391061452514,safe,False,False
1843-07-15,state,Ohio,Ohio,S-2100,90.0,6.0,ytm,7.943535808191095,6.666666666666667,safe,False,False
1843-07-22,state,Ohio,Ohio,S-2080,89.0,6.0,ytm,7.056978498629905,6.741573033707865,safe,False,False
1843-07-29,state,Ohio,Ohio,S-2080,89.5,6.0,ytm,7.0070580474934046,6.70391061452514,safe,False,False
1843-08-05,state,Ohio,Ohio,S-2080,90.5,6.0,ytm,6.907074001032701,6.629834254143646,safe,False,False
1843-08-05,state,Ohio,Ohio,S-2100,89.0,6.0,ytm,8.165347870602035,6.741573033707865,safe,False,False
1843-08-05,state,Ohio,Ohio,S-2110,89.5,6.0,ytm,7.225575037202468,6.70391061452514,safe,False,False
1843-08-12,state,Ohio,Ohio,S-2080,89.5,6.0,ytm,7.008635805445776,6.70391061452514,safe,False,False
1843-08-12,state,Ohio,Ohio,S-2110,88.5,6.0,ytm,7.350938640327096,6.779661016949152,safe,False,False
1843-08-19,state,Ohio,Ohio,S-2080,91.0,6.0,ytm,6.858428583812979,6.593406593406594,safe,False,False
1843-08-19,state,Ohio,Ohio,S-2100,89.0,6.0,ytm,8.176274377391696,6.741573033707865,safe,False,False
1843-08-19,state,Ohio,Ohio,S-2110,89.0,6.0,ytm,7.2902393951530735,6.741573033707865,safe,False,False
1843-08-26,state,Ohio,Ohio,S-2080,91.625,6.0,ytm,6.796835984758618,6.548431105047749,safe,False,False
1843-08-26,state,Ohio,Ohio,S-2100,89.25,6.0,ytm,8.129384366601377,6.722689075630252,safe,False,False
1843-08-26,state,Ohio,Ohio,S-2110,90.0,6.0,ytm,7.168092032341995,6.666666666666667,safe,False,False
1843-09-02,state,Ohio,Ohio,S-2080,92.0,6.0,ytm,6.7602682313495395,6.521739130434782,safe,False,False
1843-09-02,state,Ohio,Ohio,S-2110,91.0,6.0,ytm,7.04696465271126,6.593406593406594,safe,False,False
1843-09-09,state,Ohio,Ohio,S-2010,78.0,5.0,ytm,9.53326446885019,6.41025641025641,safe,False,False
1843-09-09,state,Ohio,Ohio,S-2080,92.125,6.0,ytm,6.748491882998818,6.512890094979647,safe,False,False
1843-09-09,state,Ohio,Ohio,S-2100,91.0,6.0,ytm,7.7754140121604,6.593406593406594,safe,False,False
1843-09-16,state,Ohio,Ohio,S-2010,83.0,5.0,ytm,8.416227535374135,6.024096385542169,safe,False,False
1843-09-16,state,Ohio,Ohio,S-2080,94.25,6.0,ytm,6.540966152796098,6.36604774535809,safe,False,False
1843-09-16,state,Ohio,Ohio,S-2100,93.25,6.0,ytm,7.319426242468883,6.434316353887399,safe,False,False
1843-09-16,state,Ohio,Ohio,S-2110,93.0,6.0,ytm,6.8077016282585365,6.451612903225806,safe,False,False
1843-09-23,state,Ohio,Ohio,S-2010,86.0,5.0,ytm,7.775291335922987,5.813953488372093,safe,False,False
1843-09-23,state,Ohio,Ohio,S-2080,96.0,6.0,ytm,6.373259263328481,6.25,safe,False,False
1843-09-23,state,Ohio,Ohio,S-2100,96.0,6.0,ytm,6.772892403034512,6.25,safe,False,False
1843-09-23,state,Ohio,Ohio,S-2110,93.25,6.0,ytm,6.7787349016364535,6.434316353887399,safe,False,False
1843-09-30,state,Ohio,Ohio,S-2080,95.375,6.0,ytm,6.433304657315117,6.290956749672345,safe,False,False
1843-09-30,state,Ohio,Ohio,S-2100,95.0,6.0,ytm,6.97357347247938,6.315789473684211,safe,False,False
1843-09-30,state,Ohio,Ohio,S-2110,95.0,6.0,ytm,6.572317316285145,6.315789473684211,safe,False,False
1843-10-14,state,Ohio,Ohio,S-2100,95.25,6.0,ytm,6.9285051004960945,6.299212598425196,safe,False,False
1843-10-21,state,Ohio,Ohio,S-2100,96.0,6.0,ytm,6.780936756327972,6.25,safe,False,False
1843-10-28,state,Ohio,Ohio,S-2080,94.625,6.0,ytm,6.507121007730933,6.340819022457067,safe,False,False
1843-11-04,state,Ohio,Ohio,S-2080,96.125,6.0,ytm,6.363092395681408,6.241872561768531,safe,False,False
1843-11-11,state,Ohio,Ohio,S-2080,98.25,6.0,ytm,6.162349309640012,6.106870229007633,safe,False,False
1843-11-18,state,Ohio,Ohio,S-2080,100.5,6.0,ytm,5.9540982801149305,5.970149253731343,safe,False,False
1843-12-02,state,Ohio,Ohio,S-2080,100.0,6.0,ytm,6.0,6.0,safe,False,False
1843-12-09,state,Ohio,Ohio,S-2080,102.75,6.0,ytm,5.74973986667471,5.839416058394161,safe,False,False
1843-12-16,state,Ohio,Ohio,S-2080,103.75,6.0,ytm,5.660137356309805,5.783132530120482,safe,False,False
1843-12-30,state,Ohio,Ohio,S-2080,102.0,6.0,ytm,5.816874024042843,5.88235294117647,safe,False,False
1844-01-06,state,Ohio,Ohio,S-2080,99.5,6.0,ytm,6.046392741573063,6.030150753768844,safe,False,False
1844-01-13,state,Ohio,Ohio,S-2080,99.5,6.0,ytm,6.046430376352403,6.030150753768844,safe,False,False
1844-01-20,state,Ohio,Ohio,S-2080,94.75,6.0,ytm,6.499815434115488,6.33245382585752,safe,False,False
1844-01-27,state,Ohio,Ohio,S-2080,96.0,6.0,ytm,6.378691043278777,6.25,safe,False,False
1844-02-03,state,Ohio,Ohio,S-2080,97.75,6.0,ytm,6.2113007263568525,6.138107416879795,safe,False,False
1844-02-10,state,Ohio,Ohio,S-2080,97.0,6.0,ytm,6.283037778951678,6.185567010309279,safe,False,False
1844-02-17,state,Ohio,Ohio,S-2080,98.875,6.0,ytm,6.105224456135714,6.06826801517067,safe,False,False
1844-02-24,state,Ohio,Ohio,S-2080,99.75,6.0,ytm,6.0232998502013535,6.015037593984962,safe,False,False
1844-03-02,state,Ohio,Ohio,S-2080,99.0,6.0,ytm,6.093627396884126,6.0606060606060606,safe,False,False
1844-03-09,state,Ohio,Ohio,S-2080,98.75,6.0,ytm,6.117277740030314,6.075949367088607,safe,False,False
1844-03-16,state,Ohio,Ohio,S-2080,98.0,6.0,ytm,6.188510166669293,6.122448979591836,safe,False,False
1844-03-23,state,Ohio,Ohio,S-2080,96.0,6.0,ytm,6.3811814208501865,6.25,safe,False,False
1844-03-30,state,Ohio,Ohio,S-2080,94.5,6.0,ytm,6.528602601068926,6.349206349206349,safe,False,False
1844-04-13,state,Ohio,Ohio,S-2080,95.0,6.0,ytm,6.480109335012663,6.315789473684211,safe,False,False
1844-04-20,state,Ohio,Ohio,S-2080,93.75,6.0,ytm,6.604509603159422,6.4,safe,False,False
1844-04-27,state,Ohio,Ohio,S-2080,94.25,6.0,ytm,6.55517824192523,6.36604774535809,safe,False,False
1844-05-04,state,Ohio,Ohio,S-2080,98.75,6.0,ytm,6.118056471830057,6.075949367088607,safe,False,False
1844-05-11,state,Ohio,Ohio,S-2080,98.875,6.0,ytm,6.106272559974643,6.06826801517067,safe,False,False
1844-05-18,state,Ohio,Ohio,S-2080,99.25,6.0,ytm,6.0707740778708805,6.045340050377834,safe,False,False
1844-05-25,state,Ohio,Ohio,S-2080,101.75,6.0,ytm,5.836770424081444,5.896805896805897,safe,False,False
1844-06-01,state,Ohio,Ohio,S-2080,101.75,6.0,ytm,5.836633689231871,5.896805896805897,safe,False,False
1844-06-08,state,Ohio,Ohio,S-2080,101.0,6.0,ytm,5.906220874519224,5.9405940594059405,safe,False,False
1844-06-15,state,Ohio,Ohio,S-2080,100.25,6.0,ytm,5.976447633483859,5.985037406483791,safe,False,False
1844-06-22,state,Ohio,Ohio,S-2080,97.25,6.0,ytm,6.263237752208722,6.169665809768637,safe,False,False
1844-06-29,state,Ohio,Ohio,S-2080,96.25,6.0,ytm,6.3610938680772975,6.233766233766234,safe,False,False
1844-07-06,state,Ohio,Ohio,S-2080,98.0,6.0,ytm,6.191042473524354,6.122448979591836,safe,False,False
1844-07-13,state,Ohio,Ohio,S-2080,98.0,6.0,ytm,6.191204076159828,6.122448979591836,safe,False,False
1844-07-27,state,Ohio,Ohio,S-2080,98.0,6.0,ytm,6.191528485708756,6.122448979591836,safe,False,False
1844-08-03,state,Ohio,Ohio,S-2080,98.0,6.0,ytm,6.191691295617392,6.122448979591836,safe,False,False
1844-08-10,state,Ohio,Ohio,S-2080,98.0,6.0,ytm,6.1918545109580325,6.122448979591836,safe,False,False
1844-08-17,state,Ohio,Ohio,S-2080,98.0,6.0,ytm,6.192018133246984,6.122448979591836,safe,False,False
1844-08-24,state,Ohio,Ohio,S-2080,98.0,6.0,ytm,6.192182164008127,6.122448979591836,safe,False,False
1844-08-31,state,Ohio,Ohio,S-2080,97.375,6.0,ytm,6.253254332693463,6.161745827984596,safe,False,False
1844-09-07,state,Ohio,Ohio,S-2080,98.25,6.0,ytm,6.168235106881314,6.106870229007633,safe,False,False
1844-09-14,state,Ohio,Ohio,S-2080,98.75,6.0,ytm,6.119968525316519,6.075949367088607,safe,False,False
1844-09-21,state,Ohio,Ohio,S-2080,99.375,6.0,ytm,6.0598476421613245,6.037735849056604,safe,False,False
1844-09-28,state,Ohio,Ohio,S-2080,99.375,6.0,ytm,6.059899189272955,6.037735849056604,safe,False,False
1844-10-05,state,Ohio,Ohio,S-2080,100.0,6.0,ytm,6.0,6.0,safe,False,False
1844-10-12,state,Ohio,Ohio,S-2080,100.875,6.0,ytm,5.916623541568509,5.947955390334572,safe,False,False
1844-10-19,state,Ohio,Ohio,S-2080,104.0,6.0,ytm,5.624364299033735,5.769230769230769,safe,False,False
1844-10-26,state,Ohio,Ohio,S-2080,102.5,6.0,ytm,5.763283572120362,5.853658536585367,safe,False,False
1844-11-02,state,Ohio,Ohio,S-2080,102.75,6.0,ytm,5.739707141645281,5.839416058394161,safe,False,False
1844-11-09,state,Ohio,Ohio,S-2080,101.0,6.0,ytm,5.904440912414963,5.9405940594059405,safe,False,False
1844-11-16,state,Ohio,Ohio,S-2080,100.0,6.0,ytm,6.0,6.0,safe,False,False
1844-11-23,state,Ohio,Ohio,S-2080,100.0,6.0,ytm,6.0,6.0,safe,False,False
1844-11-30,state,Ohio,Ohio,S-2080,99.75,6.0,ytm,6.024102269397546,6.015037593984962,safe,False,False
1844-12-07,state,Ohio,Ohio,S-2080,101.0,6.0,ytm,5.904106579586169,5.9405940594059405,safe,False,False
1844-12-14,state,Ohio,Ohio,S-2080,100.5,6.0,ytm,5.951891559311329,5.970149253731343,safe,False,False
1844-12-21,state,Ohio,Ohio,S-2080,98.0,6.0,ytm,6.195034697494162,6.122448979591836,safe,False,False
1844-12-28,state,Ohio,Ohio,S-2080,97.5,6.0,ytm,6.2446256794388075,6.153846153846154,safe,False,False
1845-01-01,state,Ohio,Ohio,S-2080,96.5,6.0,ytm,6.344392141780167,6.217616580310881,safe,False,False
1845-01-04,state,Ohio,Ohio,S-2080,96.75,6.0,ytm,6.3195070581887185,6.2015503875969,safe,False,False
1845-01-11,state,Ohio,Ohio,S-2080,97.5,6.0,ytm,6.245057550026391,6.153846153846154,safe,False,False
1845-01-18,state,Ohio,Ohio,S-2080,97.25,6.0,ytm,6.270143701309597,6.169665809768637,safe,False,False
1845-02-01,state,Ohio,Ohio,S-2080,97.25,6.0,ytm,6.270623031061155,6.169665809768637,safe,False,False
1845-02-08,state,Ohio,Ohio,S-2080,97.75,6.0,ytm,6.221055346917528,6.138107416879795,safe,False,False
1845-02-15,state,Ohio,Ohio,S-2080,98.75,6.0,ytm,6.1222994349693876,6.075949367088607,safe,False,False
1845-02-22,state,Ohio,Ohio,S-2080,99.0,6.0,ytm,6.097803799684008,6.0606060606060606,safe,False,False
1845-03-01,state,Ohio,Ohio,S-2080,98.25,6.0,ytm,6.171957665185803,6.106870229007633,safe,False,False
1845-03-08,state,Ohio,Ohio,S-2080,98.0,6.0,ytm,6.196947300051512,6.122448979591836,safe,False,False
1845-03-22,state,Ohio,Ohio,S-2080,98.375,6.0,ytm,6.160003950213304,6.099110546378653,safe,False,False
1845-03-29,state,Ohio,Ohio,S-2080,97.75,6.0,ytm,6.222444065013539,6.138107416879795,safe,False,False
1845-04-05,state,Ohio,Ohio,S-2080,98.0,6.0,ytm,6.197656355531541,6.122448979591836,safe,False,False
1845-04-12,state,Ohio,Ohio,S-2080,97.75,6.0,ytm,6.222845490473424,6.138107416879795,safe,False,False
1845-04-19,state,Ohio,Ohio,S-2080,96.0,6.0,ytm,6.400068407251169,6.25,safe,False,False
1845-04-26,state,Ohio,Ohio,S-2080,98.625,6.0,ytm,6.135828938627688,6.083650190114068,safe,False,False
1845-05-03,state,Ohio,Ohio,S-2080,96.75,6.0,ytm,6.324403844018701,6.2015503875969,safe,False,False
1845-05-10,state,Ohio,Ohio,S-2080,97.0,6.0,ytm,6.299341496536664,6.185567010309279,safe,False,False
1845-05-17,state,Ohio,Ohio,S-2080,99.0,6.0,ytm,6.098867606471143,6.0606060606060606,safe,False,False
1845-05-24,state,Ohio,Ohio,S-2080,98.5,6.0,ytm,6.1488105495999745,6.091370558375635,safe,False,False
1845-05-31,state,Ohio,Ohio,S-2080,98.25,6.0,ytm,6.173990036694955,6.106870229007633,safe,False,False
1845-06-07,state,Ohio,Ohio,S-2080,99.0,6.0,ytm,6.099138806228096,6.0606060606060606,safe,False,False
1845-06-14,state,Ohio,Ohio,S-2080,99.375,6.0,ytm,6.0619019022325835,6.037735849056604,safe,False,False
1845-06-21,state,Ohio,Ohio,S-2080,95.75,6.0,ytm,6.429121661768199,6.266318537859007,safe,False,False
1845-06-28,state,Ohio,Ohio,S-2080,96.0,6.0,ytm,6.403735078937236,6.25,safe,False,False
1845-07-05,state,Ohio,Ohio,S-2080,96.25,6.0,ytm,6.378367775730716,6.233766233766234,safe,False,False
1845-07-12,state,Ohio,Ohio,S-2080,96.25,6.0,ytm,6.378717005140366,6.233766233766234,safe,False,False
1845-07-19,state,Ohio,Ohio,S-2080,96.625,6.0,ytm,6.34050978899349,6.2095730918499354,safe,False,False
1845-07-26,state,Ohio,Ohio,S-2080,95.75,6.0,ytm,6.431105704102931,6.266318537859007,safe,False,False
1845-08-02,state,Ohio,Ohio,S-2080,96.0,6.0,ytm,6.405604977033548,6.25,safe,False,False
1845-08-09,state,Ohio,Ohio,S-2080,97.0,6.0,ytm,6.30294084141545,6.185567010309279,safe,False,False
1845-08-16,state,Ohio,Ohio,S-2080,95.5,6.0,ytm,6.458324099513867,6.282722513089005,safe,False,False
1845-08-23,state,Ohio,Ohio,S-2080,94.75,6.0,ytm,6.537271277205124,6.33245382585752,safe,False,False
1845-08-30,state,Ohio,Ohio,S-2080,95.0,6.0,ytm,6.5115083503473805,6.315789473684211,safe,False,False
1845-09-06,state,Ohio,Ohio,S-2080,95.5,6.0,ytm,6.459609864396336,6.282722513089005,safe,False,False
1845-09-13,state,Ohio,Ohio,S-2080,97.75,6.0,ytm,6.227403202745418,6.138107416879795,safe,False,False
1845-09-20,state,Ohio,Ohio,S-2080,97.5,6.0,ytm,6.2532276539566665,6.153846153846154,safe,False,False
1845-09-27,state,Ohio,Ohio,S-2080,97.625,6.0,ytm,6.240640287227295,6.1459667093469905,safe,False,False
1845-10-04,state,Ohio,Ohio,S-2080,97.5,6.0,ytm,6.253704758150468,6.153846153846154,safe,False,False
1845-10-11,state,Ohio,Ohio,S-2080,97.75,6.0,ytm,6.228260909242453,6.138107416879795,safe,False,False
1845-10-18,state,Ohio,Ohio,S-2080,97.625,6.0,ytm,6.24132247969698,6.1459667093469905,safe,False,False
1845-10-25,state,Ohio,Ohio,S-2080,97.75,6.0,ytm,6.2286932390083285,6.138107416879795,safe,False,False
1845-11-01,state,Ohio,Ohio,S-2080,97.5,6.0,ytm,6.254666712334799,6.153846153846154,safe,False,False
1845-11-08,state,Ohio,Ohio,S-2080,97.0,6.0,ytm,6.306666967940827,6.185567010309279,safe,False,False
1845-11-15,state,Ohio,Ohio,S-2080,97.5,6.0,ytm,6.255151604356785,6.153846153846154,safe,False,False
1845-11-22,state,Ohio,Ohio,S-2080,97.5,6.0,ytm,6.255395038407024,6.153846153846154,safe,False,False
1845-11-29,state,Ohio,Ohio,S-2080,98.0,6.0,ytm,6.203994865090863,6.122448979591836,safe,False,False
1845-12-06,state,Ohio,Ohio,S-2080,97.75,6.0,ytm,6.230004361678338,6.138107416879795,safe,False,False
1845-12-13,state,Ohio,Ohio,S-2080,96.0,6.0,ytm,6.412943197544021,6.25,safe,False,False
1845-12-20,state,Ohio,Ohio,S-2080,92.75,6.0,ytm,6.761810762076492,6.46900269541779,safe,False,False
1845-12-27,state,Ohio,Ohio,S-2080,91.0,6.0,ytm,6.9552794878562265,6.593406593406594,safe,False,False
1845-12-31,state,Ohio,Ohio,S-2080,92.0,6.0,ytm,6.845179898318341,6.521739130434782,safe,False,False
1846-01-03,state,Ohio,Ohio,S-2080,92.5,6.0,ytm,6.790624753841346,6.486486486486487,safe,False,False
1846-01-10,state,Ohio,Ohio,S-2080,92.0,6.0,ytm,6.846346003134797,6.521739130434782,safe,False,False
1846-01-17,state,Ohio,Ohio,S-2080,91.75,6.0,ytm,6.874777939013132,6.539509536784741,safe,False,False
1846-01-24,state,Ohio,Ohio,S-2080,91.0,6.0,ytm,6.9589792118824505,6.593406593406594,safe,False,False
1846-01-31,state,Ohio,Ohio,S-2080,92.75,6.0,ytm,6.76624071540827,6.46900269541779,safe,False,False
1846-02-07,state,Ohio,Ohio,S-2080,93.25,6.0,ytm,6.712242988081804,6.434316353887399,safe,False,False
1846-02-14,state,Ohio,Ohio,S-2080,93.0,6.0,ytm,6.740299923235515,6.451612903225806,safe,False,False
1846-02-21,state,Ohio,Ohio,S-2080,94.0,6.0,ytm,6.631888296464053,6.382978723404255,safe,False,False
1846-02-28,state,Ohio,Ohio,S-2080,94.25,6.0,ytm,6.605371798250137,6.36604774535809,safe,False,False
1846-03-07,state,Ohio,Ohio,S-2080,95.5,6.0,ytm,6.471201275935165,6.282722513089005,safe,False,False
1846-03-14,state,Ohio,Ohio,S-2080,95.25,6.0,ytm,6.498504833984883,6.299212598425196,safe,False,False
1846-03-21,state,Ohio,Ohio,S-2080,95.5,6.0,ytm,6.472127639468495,6.282722513089005,safe,False,False
1846-03-28,state,Ohio,Ohio,S-2080,94.75,6.0,ytm,6.553481546248461,6.33245382585752,safe,False,False
1846-04-04,state,Ohio,Ohio,S-2080,95.125,6.0,ytm,6.513465676052994,6.307490144546649,safe,False,False
1846-04-11,state,Ohio,Ohio,S-2080,90.75,6.0,ytm,6.997599164845059,6.6115702479338845,safe,False,False
1846-04-18,state,Ohio,Ohio,S-2080,90.0,6.0,ytm,7.0838152112202195,6.666666666666667,safe,False,False
1846-04-25,state,Ohio,Ohio,S-2080,93.25,6.0,ytm,6.719985653016761,6.434316353887399,safe,False,False
1846-05-02,state,Ohio,Ohio,S-2080,94.0,6.0,ytm,6.638146808088818,6.382978723404255,safe,False,False
1846-05-09,state,Ohio,Ohio,S-2080,95.0,6.0,ytm,6.529588766298897,6.315789473684211,safe,False,False
1846-05-16,state,Ohio,Ohio,S-2080,92.75,6.0,ytm,6.777642639286011,6.46900269541779,safe,False,False
1846-05-23,state,Ohio,Ohio,S-2080,92.5,6.0,ytm,6.806307753803227,6.486486486486487,safe,False,False
1846-05-30,state,Ohio,Ohio,S-2080,92.5,6.0,ytm,6.807115125003923,6.486486486486487,safe,False,False
1846-06-06,state,Ohio,Ohio,S-2080,93.5,6.0,ytm,6.696582860663723,6.417112299465241,safe,False,False
1846-06-13,state,Ohio,Ohio,S-2080,95.5,6.0,ytm,6.477795861427575,6.282722513089005,safe,False,False
1846-06-20,state,Ohio,Ohio,S-2080,93.0,6.0,ytm,6.753623431471103,6.451612903225806,safe,False,False
1846-06-27,state,Ohio,Ohio,S-2080,93.0,6.0,ytm,6.754383570846734,6.451612903225806,safe,False,False
1846-07-04,state,Ohio,Ohio,S-2080,92.75,6.0,ytm,6.7831297814175295,6.46900269541779,safe,False,False
1846-07-11,state,Ohio,Ohio,S-2080,92.0,6.0,ytm,6.868396993092239,6.521739130434782,safe,False,False
1846-07-18,state,Ohio,Ohio,S-2080,92.25,6.0,ytm,6.841017717319266,6.504065040650407,safe,False,False
1846-07-25,state,Ohio,Ohio,S-2080,93.75,6.0,ytm,6.673673002602729,6.4,safe,False,False
1846-08-01,state,Ohio,Ohio,S-2080,93.0,6.0,ytm,6.758216838479616,6.451612903225806,safe,False,False
1846-08-08,state,Ohio,Ohio,S-2080,93.25,6.0,ytm,6.730936474210574,6.434316353887399,safe,False,False
1846-08-15,state,Ohio,Ohio,S-2080,93.5,6.0,ytm,6.703673565209392,6.417112299465241,safe,False,False
1846-08-22,state,Ohio,Ohio,S-2080,93.75,6.0,ytm,6.676427815970386,6.4,safe,False,False
1846-08-29,state,Ohio,Ohio,S-2080,93.25,6.0,ytm,6.733183269004248,6.434316353887399,safe,False,False
1846-09-05,state,Ohio,Ohio,S-2080,93.25,6.0,ytm,6.733936510114005,6.434316353887399,safe,False,False
1846-09-12,state,Ohio,Ohio,S-2080,93.875,6.0,ytm,6.6645157463686795,6.391478029294275,safe,False,False
1846-09-19,state,Ohio,Ohio,S-2080,93.75,6.0,ytm,6.679214424381033,6.4,safe,False,False
1846-09-26,state,Ohio,Ohio,S-2080,93.75,6.0,ytm,6.679916109058224,6.4,safe,False,False
1846-10-03,state,Ohio,Ohio,S-2080,93.75,6.0,ytm,6.680619824240888,6.4,safe,False,False
1846-10-10,state,Ohio,Ohio,S-2080,93.5,6.0,ytm,6.709494078135555,6.417112299465241,safe,False,False
1846-10-17,state,Ohio,Ohio,S-2080,93.875,6.0,ytm,6.667961770772187,6.391478029294275,safe,False,False
1846-10-24,state,Ohio,Ohio,S-2080,94.0,6.0,ytm,6.65458888087508,6.382978723404255,safe,False,False
1846-11-07,state,Ohio,Ohio,S-2080,93.25,6.0,ytm,6.740814481246763,6.434316353887399,safe,False,False
1846-11-14,state,Ohio,Ohio,S-2080,92.25,6.0,ytm,6.855883912796858,6.504065040650407,safe,False,False
1846-11-21,state,Ohio,Ohio,S-2080,92.5,6.0,ytm,6.828066483526913,6.486486486486487,safe,False,False
1846-11-28,state,Ohio,Ohio,S-2080,92.75,6.0,ytm,6.800265912867156,6.46900269541779,safe,False,False
1846-12-05,state,Ohio,Ohio,S-2080,93.125,6.0,ytm,6.758196512987342,6.442953020134229,safe,False,False
1846-12-12,state,Ohio,Ohio,S-2080,94.5,6.0,ytm,6.6029043235969,6.349206349206349,safe,False,False
1846-12-18,state,Ohio,Ohio,S-2080,90.0,6.0,ytm,7.123168062954529,6.666666666666667,safe,False,False
1846-12-30,state,Ohio,Ohio,S-2080,91.5,6.0,ytm,6.948935000687095,6.557377049180328,safe,False,False
1847-01-02,state,Ohio,Ohio,S-2080,91.5,6.0,ytm,6.949366399336451,6.557377049180328,safe,False,False
1847-01-09,state,Ohio,Ohio,S-2080,92.0,6.0,ytm,6.89214135021097,6.521739130434782,safe,False,False
1847-01-16,state,Ohio,Ohio,S-2080,92.0,6.0,ytm,6.893091062750899,6.521739130434782,safe,False,False
1847-01-23,state,Ohio,Ohio,S-2080,92.0,6.0,ytm,6.8940435886584845,6.521739130434782,safe,False,False
1847-01-30,state,Ohio,Ohio,S-2080,94.75,6.0,ytm,6.57904937867594,6.33245382585752,safe,False,False
1847-02-13,state,Ohio,Ohio,S-2080,95.0,6.0,ytm,6.55194964440448,6.315789473684211,safe,False,False
1847-02-27,state,Ohio,Ohio,S-2080,95.0,6.0,ytm,6.5531377597035245,6.315789473684211,safe,False,False
1847-03-06,state,Ohio,Ohio,S-2080,94.75,6.0,ytm,6.582167573439858,6.33245382585752,safe,False,False
1847-03-13,state,Ohio,Ohio,S-2080,95.0,6.0,ytm,6.554332987944276,6.315789473684211,safe,False,False
1847-03-20,state,Ohio,Ohio,S-2080,95.0,6.0,ytm,6.554933289408664,6.315789473684211,safe,False,False
1847-03-27,state,Ohio,Ohio,S-2080,95.125,6.0,ytm,6.541300021170657,6.307490144546649,safe,False,False
1847-04-03,state,Ohio,Ohio,S-2080,95.25,6.0,ytm,6.527655860184536,6.299212598425196,safe,False,False
1847-04-10,state,Ohio,Ohio,S-2080,96.25,6.0,ytm,6.414899170152337,6.233766233766234,safe,False,False
1847-04-21,state,Ohio,Ohio,S-2080,98.0,6.0,ytm,6.219700236517831,6.122448979591836,safe,False,False
1847-04-24,state,Ohio,Ohio,S-2080,98.75,6.0,ytm,6.136858602511652,6.075949367088607,safe,False,False
1847-05-01,state,Ohio,Ohio,S-2080,97.5,6.0,ytm,6.275751342953733,6.153846153846154,safe,False,False
1847-05-08,state,Ohio,Ohio,S-2080,98.75,6.0,ytm,6.137158909490309,6.075949367088607,safe,False,False
1847-05-15,state,Ohio,Ohio,S-2080,99.75,6.0,ytm,6.027324467678226,6.015037593984962,safe,False,False
1847-05-22,state,Ohio,Ohio,S-2080,100.75,6.0,ytm,5.918345059943164,5.955334987593052,safe,False,False
1847-05-29,state,Ohio,Ohio,S-2080,101.25,6.0,ytm,5.86409667836889,5.9259259259259265,safe,False,False
1847-06-05,state,Ohio,Ohio,S-2080,101.0,6.0,ytm,5.891021704020719,5.9405940594059405,safe,False,False
1847-06-12,state,Ohio,Ohio,S-2080,101.5,6.0,ytm,5.836757463377049,5.911330049261084,safe,False,False
1847-06-19,state,Ohio,Ohio,S-2080,99.75,6.0,ytm,6.0274759260388,6.015037593984962,safe,False,False
1847-07-03,state,Ohio,Ohio,S-2080,100.25,6.0,ytm,5.972531597277773,5.985037406483791,safe,False,False
1847-07-10,state,Ohio,Ohio,S-2080,100.75,6.0,ytm,5.9177082211998995,5.955334987593052,safe,False,False
1847-07-17,state,Ohio,Ohio,S-2080,100.25,6.0,ytm,5.972470140735419,5.985037406483791,safe,False,False
1847-07-24,state,Ohio,Ohio,S-2080,100.5,6.0,ytm,5.944947270907239,5.970149253731343,safe,False,False
1847-07-31,state,Ohio,Ohio,S-2080,101.0,6.0,ytm,5.890045036005777,5.9405940594059405,safe,False,False
1847-08-07,state,Ohio,Ohio,S-2080,101.0,6.0,ytm,5.889921254653883,5.9405940594059405,safe,False,False
1847-08-14,state,Ohio,Ohio,S-2080,100.25,6.0,ytm,5.972346086295514,5.985037406483791,safe,False,False
1847-09-04,state,Ohio,Ohio,S-2080,100.25,6.0,ytm,5.972252032804397,5.985037406483791,safe,False,False
1847-09-11,state,Ohio,Ohio,S-2080,100.25,6.0,ytm,5.972220486349793,5.985037406483791,safe,False,False
1847-09-18,state,Ohio,Ohio,S-2080,100.375,6.0,ytm,5.958309286398164,5.9775840597758405,safe,False,False
1847-10-02,state,Ohio,Ohio,S-2080,100.25,6.0,ytm,5.972125254696716,5.985037406483791,safe,False,False
1847-10-09,state,Ohio,Ohio,S-2080,98.75,6.0,ytm,6.140586523393777,6.075949367088607,safe,False,False
1847-10-16,state,Ohio,Ohio,S-2080,100.0,6.0,ytm,6.0,6.0,safe,False,False
1847-10-23,state,Ohio,Ohio,S-2080,99.0,6.0,ytm,6.112586286473914,6.0606060606060606,safe,False,False
1847-10-30,state,Ohio,Ohio,S-2080,98.0,6.0,ytm,6.226570700254911,6.122448979591836,safe,False,False
1847-11-06,state,Ohio,Ohio,S-2080,98.5,6.0,ytm,6.169695786658556,6.091370558375635,safe,False,False
1847-11-13,state,Ohio,Ohio,S-2080,98.0,6.0,ytm,6.227094956788098,6.122448979591836,safe,False,False
1847-11-20,state,Ohio,Ohio,S-2080,98.0,6.0,ytm,6.227358329053245,6.122448979591836,safe,False,False
1847-12-04,state,Ohio,Ohio,S-2080,99.25,6.0,ytm,6.084921721019682,6.045340050377834,safe,False,False
1847-12-11,state,Ohio,Ohio,S-2080,99.5,6.0,ytm,6.056609507419776,6.030150753768844,safe,False,False
1847-12-25,state,Ohio,Ohio,S-2080,97.5,6.0,ytm,6.286583431850293,6.153846153846154,safe,False,False
1848-01-01,state,Ohio,Ohio,S-2080,95.0,6.0,ytm,6.581196581196582,6.315789473684211,safe,False,False
1848-01-08,state,Ohio,Ohio,S-2080,96.5,6.0,ytm,6.404206846504877,6.217616580310881,safe,False,False
1848-01-15,state,Ohio,Ohio,S-2080,95.0,6.0,ytm,6.582565980597567,6.315789473684211,safe,False,False
1848-01-22,state,Ohio,Ohio,S-2080,95.25,6.0,ytm,6.553381813954881,6.299212598425196,safe,False,False
1848-01-29,state,Ohio,Ohio,S-2080,96.0,6.0,ytm,6.4647719018721155,6.25,safe,False,False
1848-02-05,state,Ohio,Ohio,S-2080,95.5,6.0,ytm,6.52482724220443,6.282722513089005,safe,False,False
1848-02-12,state,Ohio,Ohio,S-2080,96.75,6.0,ytm,6.377081267908278,6.2015503875969,safe,False,False
1848-02-19,state,Ohio,Ohio,S-2080,98.5,6.0,ytm,6.172708558303567,6.091370558375635,safe,False,False
1848-03-04,state,Ohio,Ohio,S-2080,99.0,6.0,ytm,6.115124232272473,6.0606060606060606,safe,False,False
1848-03-11,state,Ohio,Ohio,S-2080,98.75,6.0,ytm,6.144258910096286,6.075949367088607,safe,False,False
1848-03-18,state,Ohio,Ohio,S-2080,98.0,6.0,ytm,6.231966670889104,6.122448979591836,safe,False,False
1848-03-25,state,Ohio,Ohio,S-2080,96.25,6.0,ytm,6.439343766806975,6.233766233766234,safe,False,False
1848-04-01,state,Ohio,Ohio,S-2080,97.0,6.0,ytm,6.350558943329816,6.185567010309279,safe,False,False
1848-04-15,state,Ohio,Ohio,S-2080,98.75,6.0,ytm,6.14513041714079,6.075949367088607,safe,False,False
1848-04-22,state,Ohio,Ohio,S-2080,98.0,6.0,ytm,6.233370937187374,6.122448979591836,safe,False,False
1848-04-29,state,Ohio,Ohio,S-2080,98.5,6.0,ytm,6.174799504728239,6.091370558375635,safe,False,False
1848-05-06,state,Ohio,Ohio,S-2080,99.0,6.0,ytm,6.116381767895148,6.0606060606060606,safe,False,False
1848-05-13,state,Ohio,Ohio,S-2080,100.25,6.0,ytm,5.971050892267019,5.985037406483791,safe,False,False
1848-05-20,state,Ohio,Ohio,S-2080,100.0,6.0,ytm,6.0,6.0,safe,False,False
1848-05-27,state,Ohio,Ohio,S-2080,100.25,6.0,ytm,5.970979971918953,5.985037406483791,safe,False,False
1848-06-03,state,Ohio,Ohio,S-2080,100.25,6.0,ytm,5.970944335659876,5.985037406483791,safe,False,False
1848-06-10,state,Ohio,Ohio,S-2080,101.5,6.0,ytm,5.826534294543646,5.911330049261084,safe,False,False
1848-06-17,state,Ohio,Ohio,S-2080,98.75,6.0,ytm,6.146735602855928,6.075949367088607,safe,False,False
1848-06-24,state,Ohio,Ohio,S-2080,100.0,6.0,ytm,6.0,6.0,safe,False,False
1848-07-01,state,Ohio,Ohio,S-2080,99.75,6.0,ytm,6.029272486823717,6.015037593984962,safe,False,False
1848-07-08,state,Ohio,Ohio,S-2080,99.0,6.0,ytm,6.11767708355799,6.0606060606060606,safe,False,False
1848-07-15,state,Ohio,Ohio,S-2080,99.5,6.0,ytm,6.058764058462372,6.030150753768844,safe,False,False
1848-07-22,state,Ohio,Ohio,S-2010,99.0,5.0,ytm,5.720363179534034,5.05050505050505,safe,False,False
1848-07-22,state,Ohio,Ohio,S-2080,99.5,6.0,ytm,6.058837284599058,6.030150753768844,safe,False,False
1848-07-29,state,Ohio,Ohio,S-2080,99.75,6.0,ytm,6.029418512896693,6.015037593984962,safe,False,False
1848-08-05,state,Ohio,Ohio,S-2080,99.0,6.0,ytm,6.118265354617543,6.0606060606060606,safe,False,False
1848-08-12,state,Ohio,Ohio,S-2080,99.5,6.0,ytm,6.059058441969314,6.030150753768844,safe,False,False
1848-08-26,state,Ohio,Ohio,S-2080,99.75,6.0,ytm,6.0295665118189055,6.015037593984962,safe,False,False
1848-09-02,state,Ohio,Ohio,S-2080,99.5,6.0,ytm,6.059281844049466,6.030150753768844,safe,False,False
1848-09-09,state,Ohio,Ohio,S-2080,99.0,6.0,ytm,6.1190119077595675,6.0606060606060606,safe,False,False
1848-09-16,state,Ohio,Ohio,S-2080,99.75,6.0,ytm,6.02967882986614,6.015037593984962,safe,False,False
1848-09-23,state,Ohio,Ohio,S-2080,99.5,6.0,ytm,6.059507525188974,6.030150753768844,safe,False,False
1848-09-30,state,Ohio,Ohio,S-2080,99.25,6.0,ytm,6.089487036239914,6.045340050377834,safe,False,False
1848-10-07,state,Ohio,Ohio,S-2080,99.625,6.0,ytm,6.044716429217529,6.022584692597239,safe,False,False
1848-10-14,state,Ohio,Ohio,S-2080,99.75,6.0,ytm,6.029830378793805,6.015037593984962,safe,False,False
1848-10-21,state,Ohio,Ohio,S-2080,100.0,6.0,ytm,6.0,6.0,safe,False,False
1848-10-28,state,Ohio,Ohio,S-2080,100.25,6.0,ytm,5.9701677410830785,5.985037406483791,safe,False,False
1848-11-04,state,Ohio,Ohio,S-2080,100.25,6.0,ytm,5.970129362836332,5.985037406483791,safe,False,False
1848-11-11,state,Ohio,Ohio,S-2080,100.75,6.0,ytm,5.910496038087261,5.955334987593052,safe,False,False
1848-11-18,state,Ohio,Ohio,S-2080,100.25,6.0,ytm,5.970052209424257,5.985037406483791,safe,False,False
1848-11-25,state,Ohio,Ohio,S-2080,101.75,6.0,ytm,5.791654669398071,5.896805896805897,safe,False,False
1848-12-02,state,Ohio,Ohio,S-2080,102.0,6.0,ytm,5.761877151391937,5.88235294117647,safe,False,False
1848-12-09,state,Ohio,Ohio,S-2080,103.25,6.0,ytm,5.6149300354389675,5.811138014527845,safe,False,False
1848-12-16,state,Ohio,Ohio,S-2080,98.0,6.0,ytm,6.243566335309455,6.122448979591836,safe,False,False
1848-12-30,state,Ohio,Ohio,S-2080,101.0,6.0,ytm,5.8797205809717275,5.9405940594059405,safe,False,False
1850-01-05,state,Ohio,Ohio,S-2080,104.75,6.0,ytm,5.396253052503052,5.727923627684964,safe,False,False
1850-01-05,state,Ohio,Ohio,S-2110,103.0,6.0,ytm,5.41770560927649,5.825242718446602,safe,False,False
1850-01-12,state,Ohio,Ohio,S-2080,105.0,6.0,ytm,5.364312940025857,5.714285714285714,safe,False,False
1850-01-12,state,Ohio,Ohio,S-2110,103.0,6.0,ytm,5.416120576671036,5.825242718446602,safe,False,False
1850-01-19,state,Ohio,Ohio,S-2080,105.25,6.0,ytm,5.332353057501992,5.7007125890736345,safe,False,False
1850-01-26,state,Ohio,Ohio,S-2080,105.0,6.0,ytm,5.362424095704977,5.714285714285714,safe,False,False
1850-01-26,state,Ohio,Ohio,S-2110,104.0,6.0,ytm,5.221063494649937,5.769230769230769,safe,False,False
1850-02-02,state,Ohio,Ohio,S-2080,105.5,6.0,ytm,5.299330564181151,5.687203791469194,safe,False,False
1850-02-02,state,Ohio,Ohio,S-2110,104.5,6.0,ytm,5.123432812664561,5.741626794258373,safe,False,False
1850-02-09,state,Ohio,Ohio,S-2080,105.75,6.0,ytm,5.267279390374774,5.673758865248227,safe,False,False
1850-02-16,state,Ohio,Ohio,S-2080,106.625,6.0,ytm,5.158095048281097,5.627198124267292,safe,False,False
1850-02-16,state,Ohio,Ohio,S-2110,104.5,6.0,ytm,5.11857335818216,5.741626794258373,safe,False,False
1850-02-23,state,Ohio,Ohio,S-2080,107.0,6.0,ytm,5.110719161119635,5.607476635514018,safe,False,False
1850-03-02,state,Ohio,Ohio,S-2080,107.0,6.0,ytm,5.109381556437817,5.607476635514018,safe,False,False
1850-03-02,state,Ohio,Ohio,S-2110,106.0,6.0,ytm,4.826805410650909,5.660377358490567,safe,False,False
1850-03-09,state,Ohio,Ohio,S-2080,108.125,6.0,ytm,4.970284091623004,5.5491329479768785,safe,False,False
1850-03-09,state,Ohio,Ohio,S-2110,106.0,6.0,ytm,4.823514892216554,5.660377358490567,safe,False,False
1850-03-16,state,Ohio,Ohio,S-2080,108.0,6.0,ytm,4.983983316850841,5.555555555555555,safe,False,False
1850-03-16,state,Ohio,Ohio,S-2110,106.5,6.0,ytm,4.724980870870081,5.633802816901409,safe,False,False
1850-03-23,state,Ohio,Ohio,S-2080,107.5,6.0,ytm,5.043742598509412,5.5813953488372094,safe,False,False
1850-03-30,state,Ohio,Ohio,S-2080,107.5,6.0,ytm,5.042290373615675,5.5813953488372094,safe,False,False
1850-04-13,state,Ohio,Ohio,S-2080,109.75,6.0,ytm,4.764575534254394,5.466970387243736,safe,False,False
1850-04-13,state,Ohio,Ohio,S-2110,106.0,6.0,ytm,4.806731515520503,5.660377358490567,safe,False,False
1850-04-24,state,Ohio,Ohio,S-2080,110.0,6.0,ytm,4.731360755661405,5.454545454545454,safe,False,False
1850-04-24,state,Ohio,Ohio,S-2110,104.0,6.0,ytm,5.19305893676046,5.769230769230769,safe,False,False
1850-05-01,state,Ohio,Ohio,S-2080,110.0,6.0,ytm,4.729412716388934,5.454545454545454,safe,False,False
1850-05-04,state,Ohio,Ohio,S-2080,110.375,6.0,ytm,4.683248399181926,5.436013590033975,safe,False,False
1850-05-08,state,Ohio,Ohio,S-2080,111.0,6.0,ytm,4.606836744983362,5.405405405405405,safe,False,False
1850-05-15,state,Ohio,Ohio,S-2080,111.5,6.0,ytm,4.544712300267318,5.381165919282512,safe,False,False
1850-05-22,state,Ohio,Ohio,S-2110,108.5,6.0,ytm,4.302684681523074,5.529953917050691,safe,False,False
1850-06-01,state,Ohio,Ohio,S-2080,112.75,6.0,ytm,4.389966136920424,5.321507760532151,safe,False,False
1850-06-01,state,Ohio,Ohio,S-2110,110.0,6.0,ytm,4.009103641456583,5.454545454545454,safe,False,False
1850-06-08,state,Ohio,Ohio,S-2080,112.0,6.0,ytm,4.47694700348846,5.357142857142857,safe,False,False
1850-06-08,state,Ohio,Ohio,S-2110,109.75,6.0,ytm,4.05083113138577,5.466970387243736,safe,False,False
1850-06-15,state,Ohio,Ohio,S-2080,113.0,6.0,ytm,4.355210702124995,5.3097345132743365,safe,False,False
1850-07-03,state,Ohio,Ohio,S-2110,107.0,6.0,ytm,4.566877417864773,5.607476635514018,safe,False,False
1850-07-06,state,Ohio,Ohio,S-2080,110.5,6.0,ytm,4.64940727227372,5.429864253393665,safe,False,False
1850-07-06,state,Ohio,Ohio,S-2110,106.5,6.0,ytm,4.664307753618376,5.633802816901409,safe,False,False
1850-07-27,state,Ohio,Ohio,S-2080,107.0,6.0,ytm,5.080036179297869,5.607476635514018,safe,False,False
1850-07-27,state,Ohio,Ohio,S-2110,105.0,6.0,ytm,4.955620574350905,5.714285714285714,safe,False,False
1850-08-10,state,Ohio,Ohio,S-2080,104.0,6.0,ytm,5.464879044010493,5.769230769230769,safe,False,False
1850-08-17,state,Ohio,Ohio,S-2080,108.0,6.0,ytm,4.948665528396837,5.555555555555555,safe,False,False
1850-08-17,state,Ohio,Ohio,S-2110,104.0,6.0,ytm,5.152677474453867,5.769230769230769,safe,False,False
1850-09-04,state,Ohio,Ohio,S-2080,108.5,6.0,ytm,4.881039384581588,5.529953917050691,safe,False,False
1850-09-04,state,Ohio,Ohio,S-2110,106.0,6.0,ytm,4.731325030573789,5.660377358490567,safe,False,False
1850-09-07,state,Ohio,Ohio,S-2080,108.5,6.0,ytm,4.880268573856753,5.529953917050691,safe,False,False
1850-09-28,state,Ohio,Ohio,S-2080,108.0,6.0,ytm,4.938475185370513,5.555555555555555,safe,False,False
1850-09-28,state,Ohio,Ohio,S-2110,106.75,6.0,ytm,4.562598706966281,5.620608899297424,safe,False,False
1850-10-05,state,Ohio,Ohio,S-2080,109.5,6.0,ytm,4.7464333068151685,5.47945205479452,safe,False,False
1850-10-05,state,Ohio,Ohio,S-2110,106.0,6.0,ytm,4.713607450467175,5.660377358490567,safe,False,False
1850-10-12,state,Ohio,Ohio,S-2080,109.5,6.0,ytm,4.74439339225279,5.47945205479452,safe,False,False
1850-10-16,state,Ohio,Ohio,S-2080,111.0,6.0,ytm,4.555130712140253,5.405405405405405,safe,False,False
1850-10-26,state,Ohio,Ohio,S-2080,110.0,6.0,ytm,4.677144560865491,5.454545454545454,safe,False,False
1850-10-30,state,Ohio,Ohio,S-2080,110.75,6.0,ytm,4.581664630583735,5.417607223476298,safe,False,False
1850-11-13,state,Ohio,Ohio,S-2080,111.0,6.0,ytm,4.545628899723822,5.405405405405405,safe,False,False
1850-11-16,state,Ohio,Ohio,S-2080,110.125,6.0,ytm,4.654793260408729,5.448354143019296,safe,False,False
1850-11-23,state,Ohio,Ohio,S-2080,110.5,6.0,ytm,4.605155094176308,5.429864253393665,safe,False,False
1850-12-01,state,Ohio,Ohio,S-2080,110.75,6.0,ytm,4.570937343809995,5.417607223476298,safe,False,False
1851-01-15,state,Ohio,Ohio,S-2080,110.0,6.0,ytm,4.651477456243726,5.454545454545454,safe,False,False
1851-01-22,state,Ohio,Ohio,S-2080,110.0,6.0,ytm,4.649199545096667,5.454545454545454,safe,False,False
1851-01-22,state,Ohio,Ohio,S-2110,106.5,6.0,ytm,4.537235148531454,5.633802816901409,safe,False,False
1851-01-29,state,Ohio,Ohio,S-2080,109.5,6.0,ytm,4.711498395118054,5.47945205479452,safe,False,False
1851-02-05,state,Ohio,Ohio,S-2080,109.0,6.0,ytm,4.774316283832695,5.5045871559633035,safe,False,False
1851-02-08,state,Ohio,Ohio,S-2110,105.5,6.0,ytm,4.745954375479678,5.687203791469194,safe,False,False
1851-02-19,state,Ohio,Ohio,S-2080,108.0,6.0,ytm,4.9015299092507245,5.555555555555555,safe,False,False
1851-02-19,state,Ohio,Ohio,S-2110,105.5,6.0,ytm,4.739185619986117,5.687203791469194,safe,False,False
1851-02-26,state,Ohio,Ohio,S-2080,108.0,6.0,ytm,4.8996500249982144,5.555555555555555,safe,False,False
1851-02-26,state,Ohio,Ohio,S-2110,109.0,6.0,ytm,3.964398670018652,5.5045871559633035,safe,False,False
1851-03-05,state,Ohio,Ohio,S-2080,108.25,6.0,ytm,4.8646816046517865,5.542725173210162,safe,False,False
1851-03-05,state,Ohio,Ohio,S-2110,106.0,6.0,ytm,4.618396488774099,5.660377358490567,safe,False,False
1851-03-26,state,Ohio,Ohio,S-2080,107.5,6.0,ytm,4.958792397187878,5.5813953488372094,safe,False,False
1851-04-02,state,Ohio,Ohio,S-2080,107.5,6.0,ytm,4.956986896270941,5.5813953488372094,safe,False,False
1851-04-21,state,Ohio,Ohio,S-2080,107.5,6.0,ytm,4.952046144919621,5.5813953488372094,safe,False,False
1851-04-23,state,Ohio,Ohio,S-2080,108.5,6.0,ytm,4.817424800317227,5.529953917050691,safe,False,False
1851-04-23,state,Ohio,Ohio,S-2110,106.0,6.0,ytm,4.583895050469577,5.660377358490567,safe,False,False
1851-04-26,state,Ohio,Ohio,S-2080,107.5,6.0,ytm,4.950736109633996,5.5813953488372094,safe,False,False
1851-04-30,state,Ohio,Ohio,S-2080,108.5,6.0,ytm,4.815352263643631,5.529953917050691,safe,False,False
1851-05-07,state,Ohio,Ohio,S-2080,108.875,6.0,ytm,4.763139406035292,5.510907003444316,safe,False,False
1851-05-07,state,Ohio,Ohio,S-2110,106.5,6.0,ytm,4.4585529126905,5.633802816901409,safe,False,False
1851-05-10,state,Ohio,Ohio,S-2080,108.875,6.0,ytm,4.762206609869438,5.510907003444316,safe,False,False
1851-05-10,state,Ohio,Ohio,S-2110,106.5,6.0,ytm,4.4561617781557255,5.633802816901409,safe,False,False
1851-05-21,state,Ohio,Ohio,S-2080,109.75,6.0,ytm,4.642084918834103,5.466970387243736,safe,False,False
1851-05-21,state,Ohio,Ohio,S-2110,107.0,6.0,ytm,4.331923599291694,5.607476635514018,safe,False,False
1851-05-24,state,Ohio,Ohio,S-2080,110.0,6.0,ytm,4.607869865503454,5.454545454545454,safe,False,False
1851-05-24,state,Ohio,Ohio,S-2110,107.0,6.0,ytm,4.329311874068907,5.607476635514018,safe,False,False
1851-06-07,state,Ohio,Ohio,S-2080,110.0,6.0,ytm,4.60292104062072,5.454545454545454,safe,False,False
1851-06-07,state,Ohio,Ohio,S-2110,107.0,6.0,ytm,4.316999678710675,5.607476635514018,safe,False,False
1851-06-21,state,Ohio,Ohio,S-2080,108.75,6.0,ytm,4.76584059096185,5.517241379310345,safe,False,False
1851-06-28,state,Ohio,Ohio,S-2110,105.0,6.0,ytm,4.772525455837083,5.714285714285714,safe,False,False
1851-07-16,state,Ohio,Ohio,S-2080,108.25,6.0,ytm,4.826058537293921,5.542725173210162,safe,False,False
1851-07-19,state,Ohio,Ohio,S-2110,104.5,6.0,ytm,4.879982207341575,5.741626794258373,safe,False,False
1851-07-30,state,Ohio,Ohio,S-2110,105.0,6.0,ytm,4.751116879980681,5.714285714285714,safe,False,False
1851-08-06,state,Ohio,Ohio,S-2080,108.5,6.0,ytm,4.785344362946125,5.529953917050691,safe,False,False
1851-08-16,state,Ohio,Ohio,S-2080,108.75,6.0,ytm,4.747857226723024,5.517241379310345,safe,False,False
1851-08-30,state,Ohio,Ohio,S-2080,109.5,6.0,ytm,4.640422041035076,5.47945205479452,safe,False,False
1851-09-06,state,Ohio,Ohio,S-2080,110.25,6.0,ytm,4.535626627915576,5.442176870748299,safe,False,False
1851-09-13,state,Ohio,Ohio,S-2080,107.25,6.0,ytm,4.947289228526596,5.594405594405594,safe,False,False
1851-09-13,state,Ohio,Ohio,S-2110,105.0,6.0,ytm,4.719535483069662,5.714285714285714,safe,False,False
1851-09-24,state,Ohio,Ohio,S-2110,105.0,6.0,ytm,4.711538461538463,5.714285714285714,safe,False,False
1851-09-27,state,Ohio,Ohio,S-2080,107.0,6.0,ytm,4.978582610616494,5.607476635514018,safe,False,False
1851-10-08,state,Ohio,Ohio,S-2110,104.0,6.0,ytm,4.955863328513812,5.769230769230769,safe,False,False
1851-10-11,state,Ohio,Ohio,S-2080,107.0,6.0,ytm,4.974767942260561,5.607476635514018,safe,False,False
1851-10-22,state,Ohio,Ohio,S-2080,107.25,6.0,ytm,4.936306951846226,5.594405594405594,safe,False,False
1851-10-22,state,Ohio,Ohio,S-2110,104.0,6.0,ytm,4.947396713254493,5.769230769230769,safe,False,False
1851-11-08,state,Ohio,Ohio,S-2080,109.0,6.0,ytm,4.684606034881926,5.5045871559633035,safe,False,False
1851-11-08,state,Ohio,Ohio,S-2110,106.0,6.0,ytm,4.420840142266655,5.660377358490567,safe,False,False
1851-11-22,state,Ohio,Ohio,S-2080,109.5,6.0,ytm,4.609581347828259,5.47945205479452,safe,False,False
1851-11-22,state,Ohio,Ohio,S-2110,106.0,6.0,ytm,4.407741117572104,5.660377358490567,safe,False,False
1851-12-03,state,Ohio,Ohio,S-2080,109.75,6.0,ytm,4.570418948506981,5.466970387243736,safe,False,False
1851-12-03,state,Ohio,Ohio,S-2110,102.0,6.0,ytm,5.4551797461625355,5.88235294117647,safe,False,False
1851-12-06,state,Ohio,Ohio,S-2080,109.75,6.0,ytm,4.569247974020891,5.466970387243736,safe,False,False
1851-12-06,state,Ohio,Ohio,S-2110,102.5,6.0,ytm,5.319435104236718,5.853658536585367,safe,False,False
1851-12-17,state,Ohio,Ohio,S-2080,108.5,6.0,ytm,4.741416264332762,5.529953917050691,safe,False,False
1851-12-17,state,Ohio,Ohio,S-2110,104.5,6.0,ytm,4.778907507901485,5.741626794258373,safe,False,False
1851-12-31,state,Ohio,Ohio,S-2080,108.5,6.0,ytm,4.736559708784461,5.529953917050691,safe,False,False
1851-12-31,state,Ohio,Ohio,S-2110,104.5,6.0,ytm,4.768478722585867,5.741626794258373,safe,False,False
1852-01-03,state,Ohio,Ohio,S-2110,104.0,6.0,ytm,4.900616860863606,5.769230769230769,safe,False,False
1852-01-10,state,Ohio,Ohio,S-2080,109.5,6.0,ytm,4.590769548407395,5.47945205479452,safe,False,False
1852-01-17,state,Ohio,Ohio,S-2080,108.75,6.0,ytm,4.694829199137857,5.517241379310345,safe,False,False
1852-01-24,state,Ohio,Ohio,S-2080,108.0,6.0,ytm,4.800063682436914,5.555555555555555,safe,False,False
1852-01-24,state,Ohio,Ohio,S-2110,104.5,6.0,ytm,4.750128370359539,5.741626794258373,safe,False,False
1852-01-31,state,Ohio,Ohio,S-2080,108.0,6.0,ytm,4.797717842323652,5.555555555555555,safe,False,False
1852-01-31,state,Ohio,Ohio,S-2110,104.75,6.0,ytm,4.676537066474173,5.727923627684964,safe,False,False
1852-02-07,state,Ohio,Ohio,S-2080,108.5,6.0,ytm,4.723140032168373,5.529953917050691,safe,False,False
1852-02-07,state,Ohio,Ohio,S-2110,105.0,6.0,ytm,4.602459577966566,5.714285714285714,safe,False,False
1852-02-11,state,Ohio,Ohio,S-2110,104.75,6.0,ytm,4.667363153278646,5.727923627684964,safe,False,False
1852-02-21,state,Ohio,Ohio,S-2080,106.25,6.0,ytm,5.047148602007536,5.647058823529412,safe,False,False
1852-02-21,state,Ohio,Ohio,S-2110,103.0,6.0,ytm,5.145687034902002,5.825242718446602,safe,False,False
1852-02-25,state,Ohio,Ohio,S-2080,107.0,6.0,ytm,4.935472619462853,5.607476635514018,safe,False,False
1852-02-25,state,Ohio,Ohio,S-2110,104.5,6.0,ytm,4.724686725072775,5.741626794258373,safe,False,False
1852-03-06,state,Ohio,Ohio,S-2080,109.0,6.0,ytm,4.640578918898098,5.5045871559633035,safe,False,False
1852-03-10,state,Ohio,Ohio,S-2110,105.75,6.0,ytm,4.365729878074329,5.673758865248227,safe,False,False
1852-03-24,state,Ohio,Ohio,S-2080,109.0,6.0,ytm,4.633597988374504,5.5045871559633035,safe,False,False
1852-04-03,state,Ohio,Ohio,S-2080,109.0,6.0,ytm,4.62968130825473,5.5045871559633035,safe,False,False
1852-04-03,state,Ohio,Ohio,S-2110,106.0,6.0,ytm,4.269928461931528,5.660377358490567,safe,False,False
1852-04-07,state,Ohio,Ohio,S-2080,109.0,6.0,ytm,4.628106872168353,5.5045871559633035,safe,False,False
1852-04-17,state,Ohio,Ohio,S-2080,109.25,6.0,ytm,4.587622630938966,5.491990846681922,safe,False,False
1852-04-21,state,Ohio,Ohio,S-2080,109.125,6.0,ytm,4.604264733181466,5.498281786941581,safe,False,False
1852-04-21,state,Ohio,Ohio,S-2110,106.0,6.0,ytm,4.249190938511327,5.660377358490567,safe,False,False
1852-05-01,state,Ohio,Ohio,S-2110,105.125,6.0,ytm,4.488048787142896,5.707491082045184,safe,False,False
1852-05-05,state,Ohio,Ohio,S-2080,108.75,6.0,ytm,4.653767188540332,5.517241379310345,safe,False,False
1852-05-15,state,Ohio,Ohio,S-2080,108.875,6.0,ytm,4.6313707074201265,5.510907003444316,safe,False,False
1852-05-22,state,Ohio,Ohio,S-2080,108.75,6.0,ytm,4.647072760952914,5.517241379310345,safe,False,False
1852-05-22,state,Ohio,Ohio,S-2110,105.5,6.0,ytm,4.357149576930101,5.687203791469194,safe,False,False
1852-05-29,state,Ohio,Ohio,S-2080,109.25,6.0,ytm,4.570247923202101,5.491990846681922,safe,False,False
1852-05-29,state,Ohio,Ohio,S-2110,105.75,6.0,ytm,4.276303603710399,5.673758865248227,safe,False,False
1852-06-12,state,Ohio,Ohio,S-2080,105.5,6.0,ytm,5.130786305204203,5.687203791469194,safe,False,False
1852-06-12,state,Ohio,Ohio,S-2110,103.0,6.0,ytm,5.079622306390278,5.825242718446602,safe,False,False
1852-06-16,state,Ohio,Ohio,S-2110,103.0,6.0,ytm,5.07705133964261,5.825242718446602,safe,False,False
1852-06-26,state,Ohio,Ohio,S-2080,107.25,6.0,ytm,4.85916931980726,5.594405594405594,safe,False,False
1852-06-26,state,Ohio,Ohio,S-2110,103.5,6.0,ytm,4.918310408964614,5.797101449275362,safe,False,False
1852-07-24,state,Ohio,Ohio,S-2080,108.875,6.0,ytm,4.602677866402708,5.510907003444316,safe,False,False
1852-07-24,state,Ohio,Ohio,S-2110,104.5,6.0,ytm,4.58814803855917,5.741626794258373,safe,False,False
1852-08-07,state,Ohio,Ohio,S-2080,108.375,6.0,ytm,4.6726392790254385,5.536332179930796,safe,False,False
1852-08-07,state,Ohio,Ohio,S-2110,105.25,6.0,ytm,4.342089004218963,5.7007125890736345,safe,False,False
1852-08-11,state,Ohio,Ohio,S-2080,109.0,6.0,ytm,4.576123355983343,5.5045871559633035,safe,False,False
1852-08-11,state,Ohio,Ohio,S-2110,108.0,6.0,ytm,3.4997514601714923,5.555555555555555,safe,False,False
1852-08-21,state,Ohio,Ohio,S-2080,109.25,6.0,ytm,4.533870234634399,5.491990846681922,safe,False,False
1852-08-21,state,Ohio,Ohio,S-2110,105.5,6.0,ytm,4.247307353955158,5.687203791469194,safe,False,False
1852-09-04,state,Ohio,Ohio,S-2080,109.25,6.0,ytm,4.5275851673198675,5.491990846681922,safe,False,False
1852-09-04,state,Ohio,Ohio,S-2110,105.0,6.0,ytm,4.386024832241732,5.714285714285714,safe,False,False
1852-09-08,state,Ohio,Ohio,S-2080,109.25,6.0,ytm,4.525777332265176,5.491990846681922,safe,False,False
1852-09-18,state,Ohio,Ohio,S-2080,109.75,6.0,ytm,4.445016279379139,5.466970387243736,safe,False,False
1852-09-22,state,Ohio,Ohio,S-2080,110.0,6.0,ytm,4.4050755416957905,5.454545454545454,safe,False,False
1852-09-22,state,Ohio,Ohio,S-2110,105.5,6.0,ytm,4.204709127749433,5.687203791469194,safe,False,False
1852-10-02,state,Ohio,Ohio,S-2080,110.25,6.0,ytm,4.36208266644266,5.442176870748299,safe,False,False
1852-10-06,state,Ohio,Ohio,S-2110,106.25,6.0,ytm,3.9453930164590063,5.647058823529412,safe,False,False
1852-10-23,state,Ohio,Ohio,S-2080,109.875,6.0,ytm,4.408802886061273,5.460750853242321,safe,False,False
1852-10-30,state,Ohio,Ohio,S-2080,110.375,6.0,ytm,4.328542482979516,5.436013590033975,safe,False,False
1852-10-30,state,Ohio,Ohio,S-2110,106.25,6.0,ytm,3.906578740775632,5.647058823529412,safe,False,False
1852-11-03,state,Ohio,Ohio,S-2080,110.0,6.0,ytm,4.384048074296641,5.454545454545454,safe,False,False
1852-11-13,state,Ohio,Ohio,S-2080,111.0,6.0,ytm,4.2252867707925885,5.405405405405405,safe,False,False
1852-11-13,state,Ohio,Ohio,S-2110,106.0,6.0,ytm,3.965391404711792,5.660377358490567,safe,False,False
1852-11-20,state,Ohio,Ohio,S-2080,111.0,6.0,ytm,4.221347810382759,5.405405405405405,safe,False,False
1852-11-20,state,Ohio,Ohio,S-2110,106.75,6.0,ytm,3.706533772768024,5.620608899297424,safe,False,False
1852-11-27,state,Ohio,Ohio,S-2080,111.5,6.0,ytm,4.140765497589857,5.381165919282512,safe,False,False
1852-11-27,state,Ohio,Ohio,S-2110,107.0,6.0,ytm,3.611004232397076,5.607476635514018,safe,False,False
1852-12-01,state,Ohio,Ohio,S-2080,111.5,6.0,ytm,4.1383951947407525,5.381165919282512,safe,False,False
1852-12-01,state,Ohio,Ohio,S-2110,107.5,6.0,ytm,3.438228937062638,5.5813953488372094,safe,False,False
1852-12-15,state,Ohio,Ohio,S-2080,112.0,6.0,ytm,4.053340568604301,5.357142857142857,safe,False,False
1852-12-15,state,Ohio,Ohio,S-2110,107.75,6.0,ytm,3.325552554346414,5.56844547563805,safe,False,False
1852-12-25,state,Ohio,Ohio,S-2110,109.0,6.0,ytm,2.8870952335466615,5.5045871559633035,safe,False,False
1852-12-29,state,Ohio,Ohio,S-2080,109.0,6.0,ytm,4.512359979133595,5.5045871559633035,safe,False,False
1853-01-08,state,Ohio,Ohio,S-2080,107.75,6.0,ytm,4.707091193120259,5.56844547563805,safe,False,False
1853-01-08,state,Ohio,Ohio,S-2110,105.0,6.0,ytm,4.216059899569584,5.714285714285714,safe,False,False
1853-01-12,state,Ohio,Ohio,S-2080,110.0,6.0,ytm,4.347460005613247,5.454545454545454,safe,False,False
1853-01-12,state,Ohio,Ohio,S-2110,114.0,6.0,ytm,1.1988309135427808,5.263157894736842,safe,False,False
1853-01-15,state,Ohio,Ohio,S-2110,106.0,6.0,ytm,3.8570004400815496,5.660377358490567,safe,False,False
1853-01-22,state,Ohio,Ohio,S-2080,109.0,6.0,ytm,4.500721950114663,5.5045871559633035,safe,False,False
1853-01-22,state,Ohio,Ohio,S-2110,104.5,6.0,ytm,4.371269344770594,5.741626794258373,safe,False,False
1853-01-26,state,Ohio,Ohio,S-2080,109.0,6.0,ytm,4.498760820372832,5.5045871559633035,safe,False,False
1853-02-05,state,Ohio,Ohio,S-2080,109.0,6.0,ytm,4.49383076890958,5.5045871559633035,safe,False,False
1853-02-05,state,Ohio,Ohio,S-2110,104.5,6.0,ytm,4.351501591548646,5.741626794258373,safe,False,False
1853-02-09,state,Ohio,Ohio,S-2080,109.5,6.0,ytm,4.411860920916763,5.47945205479452,safe,False,False
1853-02-09,state,Ohio,Ohio,S-2110,104.0,6.0,ytm,4.525958110516934,5.769230769230769,safe,False,False
1853-02-23,state,Ohio,Ohio,S-2080,108.125,6.0,ytm,4.626412269240875,5.5491329479768785,safe,False,False
1853-03-09,state,Ohio,Ohio,S-2080,109.0,6.0,ytm,4.4777883933325775,5.5045871559633035,safe,False,False
1853-03-19,state,Ohio,Ohio,S-2080,109.0,6.0,ytm,4.472690215031141,5.5045871559633035,safe,False,False
1853-03-23,state,Ohio,Ohio,S-2080,109.0,6.0,ytm,4.470639408438451,5.5045871559633035,safe,False,False
1853-03-23,state,Ohio,Ohio,S-2110,104.5,6.0,ytm,4.282707136760174,5.741626794258373,safe,False,False
1853-03-26,state,Ohio,Ohio,S-2080,108.0,6.0,ytm,4.632654966392831,5.555555555555555,safe,False,False
1853-03-26,state,Ohio,Ohio,S-2110,100.5,6.0,ytm,5.804849893071476,5.970149253731343,safe,False,False
1853-04-02,state,Ohio,Ohio,S-2080,108.125,6.0,ytm,4.608848199111891,5.5491329479768785,safe,False,False
1853-04-20,state,Ohio,Ohio,S-2080,108.0,6.0,ytm,4.621043035427997,5.555555555555555,safe,False,False
1853-04-30,state,Ohio,Ohio,S-2080,108.0,6.0,ytm,4.616331555190809,5.555555555555555,safe,False,False
1853-05-04,state,Ohio,Ohio,S-2110,103.0,6.0,ytm,4.800675059295749,5.825242718446602,safe,False,False
1853-05-07,state,Ohio,Ohio,S-2110,103.0,6.0,ytm,4.797236498955299,5.825242718446602,safe,False,False
1853-05-21,state,Ohio,Ohio,S-2080,108.0,6.0,ytm,4.60631049414162,5.555555555555555,safe,False,False
1853-06-04,state,Ohio,Ohio,S-2080,109.0,6.0,ytm,4.432012397961826,5.5045871559633035,safe,False,False
1853-06-04,state,Ohio,Ohio,S-2110,105.25,6.0,ytm,3.8608601780312495,5.7007125890736345,safe,False,False
1853-06-11,state,Ohio,Ohio,S-2080,109.0,6.0,ytm,4.428184714966387,5.5045871559633035,safe,False,False
1853-06-15,state,Ohio,Ohio,S-2080,109.0,6.0,ytm,4.425987404921566,5.5045871559633035,safe,False,False
1853-06-15,state,Ohio,Ohio,S-2110,105.0,6.0,ytm,3.9378442171518486,5.714285714285714,safe,False,False
1853-06-25,state,Ohio,Ohio,S-2080,106.5,6.0,ytm,4.845411566344945,5.633802816901409,safe,False,False
1853-07-02,state,Ohio,Ohio,S-2080,107.0,6.0,ytm,4.756541274434392,5.607476635514018,safe,False,False
1853-07-02,state,Ohio,Ohio,S-2110,107.0,6.0,ytm,3.0914170516056325,5.607476635514018,safe,False,False
1853-07-09,state,Ohio,Ohio,S-2080,107.5,6.0,ytm,4.667643959869897,5.5813953488372094,safe,False,False
1853-07-09,state,Ohio,Ohio,S-2110,104.5,6.0,ytm,4.093735326025357,5.741626794258373,safe,False,False
1853-07-16,state,Ohio,Ohio,S-2080,107.75,6.0,ytm,4.621474025576699,5.56844547563805,safe,False,False
1853-07-16,state,Ohio,Ohio,S-2110,104.0,6.0,ytm,4.289079369233789,5.769230769230769,safe,False,False
1853-07-23,state,Ohio,Ohio,S-2080,107.75,6.0,ytm,4.618038881157935,5.56844547563805,safe,False,False
1853-07-23,state,Ohio,Ohio,S-2110,105.0,6.0,ytm,3.856228808924861,5.714285714285714,safe,False,False
1853-07-27,state,Ohio,Ohio,S-2080,107.25,6.0,ytm,4.7022293705044005,5.594405594405594,safe,False,False
1853-07-27,state,Ohio,Ohio,S-2110,104.5,6.0,ytm,4.057771096279653,5.741626794258373,safe,False,False
1853-07-30,state,Ohio,Ohio,S-2080,107.5,6.0,ytm,4.657658768064586,5.5813953488372094,safe,False,False
1853-07-30,state,Ohio,Ohio,S-2110,104.5,6.0,ytm,4.05163482657163,5.741626794258373,safe,False,False
1853-08-10,state,Ohio,Ohio,S-2080,106.0,6.0,ytm,4.914035051246336,5.660377358490567,safe,False,False
1853-08-13,state,Ohio,Ohio,S-2080,107.0,6.0,ytm,4.7378004822631565,5.607476635514018,safe,False,False
1853-08-13,state,Ohio,Ohio,S-2110,105.0,6.0,ytm,3.808070342471507,5.714285714285714,safe,False,False
1853-09-03,state,Ohio,Ohio,S-2080,107.0,6.0,ytm,4.728174640503202,5.607476635514018,safe,False,False
1853-09-21,state,Ohio,Ohio,S-2080,107.0,6.0,ytm,4.719783588362818,5.607476635514018,safe,False,False
1853-11-02,state,Ohio,Ohio,S-2080,104.0,6.0,ytm,5.246034442208691,5.769230769230769,safe,False,False
1853-11-05,state,Ohio,Ohio,S-2080,106.0,6.0,ytm,4.878770341706112,5.660377358490567,safe,False,False
1853-11-16,state,Ohio,Ohio,S-2080,107.25,6.0,ytm,4.64776246405313,5.594405594405594,safe,False,False
1853-11-16,state,Ohio,Ohio,S-2110,104.0,6.0,ytm,4.036537295330503,5.769230769230769,safe,False,False
1853-11-30,state,Ohio,Ohio,S-2080,108.0,6.0,ytm,4.505346205751064,5.555555555555555,safe,False,False
1853-11-30,state,Ohio,Ohio,S-2110,104.0,6.0,ytm,4.00262467191601,5.769230769230769,safe,False,False
1853-12-10,state,Ohio,Ohio,S-2110,104.0,6.0,ytm,3.977628285356696,5.769230769230769,safe,False,False
1853-12-14,state,Ohio,Ohio,S-2080,108.5,6.0,ytm,4.4072483072844575,5.529953917050691,safe,False,False
1853-12-14,state,Ohio,Ohio,S-2110,104.5,6.0,ytm,3.7189636912778,5.741626794258373,safe,False,False
