date,level,entity,state,code,price,coupon,yield_measure_used,yield,current_yield,bucket,excluded_near_maturity,excluded_past_maturity
1842-12-31,city,Pittsburgh,Pittsburgh,C-1394,80.0,6.0,current_yield,7.5,7.5,no_default_confirmed,False,False
1843-01-07,city,Pittsburgh,Pittsburgh,C-1394,80.0,6.0,current_yield,7.5,7.5,no_default_confirmed,False,False
1843-01-14,city,Pittsburgh,Pittsburgh,C-1394,80.0,6.0,current_yield,7.5,7.5,no_default_confirmed,False,False
1843-01-21,city,Pittsburgh,Pittsburgh,C-1394,80.0,6.0,current_yield,7.5,7.5,no_default_confirmed,False,False
1843-01-28,city,Pittsburgh,Pittsburgh,C-1394,75.0,6.0,current_yield,8.0,8.0,no_default_confirmed,False,False
1843-02-11,city,Pittsburgh,Pittsburgh,C-1394,84.0,6.0,current_yield,7.142857142857142,7.142857142857142,no_default_confirmed,False,False
1843-02-18,city,Pittsburgh,Pittsburgh,C-1394,84.0,6.0,current_yield,7.142857142857142,7.142857142857142,no_default_confirmed,False,False
1843-02-25,city,Pittsburgh,Pittsburgh,C-1394,84.0,6.0,current_yield,7.142857142857142,7.142857142857142,no_default_confirmed,False,False
1843-03-04,city,Pittsburgh,Pittsburgh,C-1394,84.0,6.0,current_yield,7.142857142857142,7.142857142857142,no_default_confirmed,False,False
1843-03-11,city,Pittsburgh,Pittsburgh,C-1394,84.0,6.0,current_yield,7.142857142857142,7.142857142857142,no_default_confirmed,False,False
1843-03-18,city,Pittsburgh,Pittsburgh,C-1394,84.0,6.0,current_yield,7.142857142857142,7.142857142857142,no_default_confirmed,False,False
1843-03-26,city,Pittsburgh,Pittsburgh,C-1394,84.0,6.0,current_yield,7.142857142857142,7.142857142857142,no_default_confirmed,False,False
1843-04-01,city,Pittsburgh,Pittsburgh,C-1394,85.0,6.0,current_yield,7.0588235294117645,7.0588235294117645,no_default_confirmed,False,False
1843-04-08,city,Pittsburgh,Pittsburgh,C-1394,85.0,6.0,current_yield,7.0588235294117645,7.0588235294117645,no_default_confirmed,False,False
1843-04-15,city,Pittsburgh,Pittsburgh,C-1394,85.0,6.0,current_yield,7.0588235294117645,7.0588235294117645,no_default_confirmed,False,False
1843-04-22,city,Pittsburgh,Pittsburgh,C-1394,85.0,6.0,current_yield,7.0588235294117645,7.0588235294117645,no_default_confirmed,False,False
1843-06-03,city,Pittsburgh,Pittsburgh,C-1394,90.0,6.0,current_yield,6.666666666666667,6.666666666666667,no_default_confirmed,False,False
1843-06-10,city,Pittsburgh,Pittsburgh,C-1394,89.0,6.0,current_yield,6.741573033707865,6.741573033707865,no_default_confirmed,False,False
1843-06-17,city,Pittsburgh,Pittsburgh,C-1394,92.5,6.0,current_yield,6.486486486486487,6.486486486486487,no_default_confirmed,False,False
1843-06-24,city,Pittsburgh,Pittsburgh,C-1394,93.0,6.0,current_yield,6.451612903225806,6.451612903225806,no_default_confirmed,False,False
1843-07-01,city,Pittsburgh,Pittsburgh,C-1394,95.0,6.0,current_yield,6.315789473684211,6.315789473684211,no_default_confirmed,False,False
1843-07-08,city,Pittsburgh,Pittsburgh,C-1394,95.0,6.0,current_yield,6.315789473684211,6.315789473684211,no_default_confirmed,False,False
1843-07-15,city,Pittsburgh,Pittsburgh,C-1394,95.0,6.0,current_yield,6.315789473684211,6.315789473684211,no_default_confirmed,False,False
1843-07-22,city,Pittsburgh,Pittsburgh,C-1394,95.0,6.0,current_yield,6.315789473684211,6.315789473684211,no_default_confirmed,False,False
1843-07-29,city,Pittsburgh,Pittsburgh,C-1394,95.0,6.0,current_yield,6.315789473684211,6.315789473684211,no_default_confirmed,False,False
1843-08-05,city,Pittsburgh,Pittsburgh,C-1394,95.0,6.0,current_yield,6.315789473684211,6.315789473684211,no_default_confirmed,False,False
1843-08-12,city,Pittsburgh,Pittsburgh,C-1394,95.0,6.0,current_yield,6.315789473684211,6.315789473684211,no_default_confirmed,False,False
1843-08-19,city,Pittsburgh,Pittsburgh,C-1394,96.0,6.0,current_yield,6.25,6.25,no_default_confirmed,False,False
1843-08-26,city,Pittsburgh,Pittsburgh,C-1394,96.0,6.0,current_yield,6.25,6.25,no_default_confirmed,False,False
1843-09-01,city,Pittsburgh,Pittsburgh,C-1394,96.0,6.0,current_yield,6.25,6.25,no_default_confirmed,False,False
1843-09-09,city,Pittsburgh,Pittsburgh,C-1394,97.0,6.0,current_yield,6.185567010309279,6.185567010309279,no_default_confirmed,False,False
1843-09-16,city,Pittsburgh,Pittsburgh,C-1394,97.0,6.0,current_yield,6.185567010309279,6.185567010309279,no_default_confirmed,False,False
1843-09-23,city,Pittsburgh,Pittsburgh,C-1394,97.0,6.0,current_yield,6.185567010309279,6.185567010309279,no_default_confirmed,False,False
1843-09-30,city,Pittsburgh,Pittsburgh,C-1394,97.0,6.0,current_yield,6.185567010309279,6.185567010309279,no_default_confirmed,False,False
1843-10-07,city,Pittsburgh,Pittsburgh,C-1394,97.0,6.0,current_yield,6.185567010309279,6.185567010309279,no_default_confirmed,False,False
1843-10-21,city,Pittsburgh,Pittsburgh,C-1394,97.0,6.0,current_yield,6.185567010309279,6.185567010309279,no_default_confirmed,False,False
1843-10-28,city,Pittsburgh,Pittsburgh,C-1394,97.0,6.0,current_yield,6.185567010309279,6.185567010309279,no_default_confirmed,False,False
1843-11-04,city,Pittsburgh,Pittsburgh,C-1394,97.0,6.0,current_yield,6.185567010309279,6.185567010309279,no_default_confirmed,False,False
1843-11-18,city,Pittsburgh,Pittsburgh,C-1394,97.0,6.0,current_yield,6.185567010309279,6.185567010309279,no_default_confirmed,False,False
1843-12-09,city,Pittsburgh,Pittsburgh,C-1394,97.0,6.0,current_yield,6.185567010309279,6.185567010309279,no_default_confirmed,False,False
1843-12-16,city,Pittsburgh,Pittsburgh,C-1394,97.0,6.0,current_yield,6.185567010309279,6.185567010309279,no_default_confirmed,False,False
1843-12-23,city,Pittsburgh,Pittsburgh,C-1394,100.5,6.0,current_yield,5.970149253731343,5.970149253731343,no_default_confirmed,False,False
1843-12-30,city,Pittsburgh,Pittsburgh,C-1394,100.5,6.0,current_yield,5.970149253731343,5.970149253731343,no_default_confirmed,False,False
1844-01-06,city,Pittsburgh,Pittsburgh,C-1394,100.5,6.0,current_yield,5.970149253731343,5.970149253731343,no_default_confirmed,False,False
1844-01-13,city,Pittsburgh,Pittsburgh,C-1394,100.5,6.0,current_yield,5.970149253731343,5.970149253731343,no_default_confirmed,False,False
1844-01-20,city,Pittsburgh,Pittsburgh,C-1394,100.5,6.0,current_yield,5.970149253731343,5.970149253731343,no_default_confirmed,False,False
1844-01-27,city,Pittsburgh,Pittsburgh,C-1394,100.5,6.0,current_yield,5.970149253731343,5.970149253731343,no_default_confirmed,False,False
1844-02-03,city,Pittsburgh,Pittsburgh,C-1394,100.5,6.0,current_yield,5.970149253731343,5.970149253731343,no_default_confirmed,False,False
1844-02-10,city,Pittsburgh,Pittsburgh,C-1394,100.5,6.0,current_yield,5.970149253731343,5.970149253731343,no_default_confirmed,False,False
1844-02-17,city,Pittsburgh,Pittsburgh,C-1394,100.5,6.0,current_yield,5.970149253731343,5.970149253731343,no_default_confirmed,False,False
1844-02-24,city,Pittsburgh,Pittsburgh,C-1394,101.0,6.0,current_yield,5.9405940594059405,5.9405940594059405,no_default_confirmed,False,False
1844-03-02,city,Pittsburgh,Pittsburgh,C-1394,101.0,6.0,current_yield,5.9405940594059405,5.9405940594059405,no_default_confirmed,False,False
1844-03-09,city,Pittsburgh,Pittsburgh,C-1394,101.0,6.0,current_yield,5.9405940594059405,5.9405940594059405,no_default_confirmed,False,False
1844-03-23,city,Pittsburgh,Pittsburgh,C-1394,101.0,6.0,current_yield,5.9405940594059405,5.9405940594059405,no_default_confirmed,False,False
1844-03-30,city,Pittsburgh,Pittsburgh,C-1394,102.0,6.0,current_yield,5.88235294117647,5.88235294117647,no_default_confirmed,False,False
1844-04-06,city,Pittsburgh,Pittsburgh,C-1394,102.0,6.0,current_yield,5.88235294117647,5.88235294117647,no_default_confirmed,False,False
1844-04-20,city,Pittsburgh,Pittsburgh,C-1394,102.0,6.0,current_yield,5.88235294117647,5.88235294117647,no_default_confirmed,False,False
1844-04-27,city,Pittsburgh,Pittsburgh,C-1394,102.0,6.0,current_yield,5.88235294117647,5.88235294117647,no_default_confirmed,False,False
1844-05-11,city,Pittsburgh,Pittsburgh,C-1394,102.0,6.0,current_yield,5.88235294117647,5.88235294117647,no_default_confirmed,False,False
1844-05-18,city,Pittsburgh,Pittsburgh,C-1394,102.0,6.0,current_yield,5.88235294117647,5.88235294117647,no_default_confirmed,False,False
1844-05-25,city,Pittsburgh,Pittsburgh,C-1394,102.0,6.0,current_yield,5.88235294117647,5.88235294117647,no_default_confirmed,False,False
1844-06-01,city,Pittsburgh,Pittsburgh,C-1394,102.0,6.0,current_yield,5.88235294117647,5.88235294117647,no_default_confirmed,False,False
1844-06-08,city,Pittsburgh,Pittsburgh,C-1394,102.0,6.0,current_yield,5.88235294117647,5.88235294117647,no_default_confirmed,False,False
1844-06-15,city,Pittsburgh,Pittsburgh,C-1394,102.0,6.0,current_yield,5.88235294117647,5.88235294117647,no_default_confirmed,False,False
1844-06-22,city,Pittsburgh,Pittsburgh,C-1394,102.0,6.0,current_yield,5.88235294117647,5.88235294117647,no_default_confirmed,False,False
1844-06-29,city,Pittsburgh,Pittsburgh,C-1394,102.0,6.0,current_yield,5.88235294117647,5.88235294117647,no_default_confirmed,False,False
1844-07-06,city,Pittsburgh,Pittsburgh,C-1394,102.0,6.0,current_yield,5.88235294117647,5.88235294117647,no_default_confirmed,False,False
1844-07-13,city,Pittsburgh,Pittsburgh,C-1394,102.0,6.0,current_yield,5.88235294117647,5.88235294117647,no_default_confirmed,False,False
1844-07-20,city,Pittsburgh,Pittsburgh,C-1394,102.0,6.0,current_yield,5.88235294117647,5.88235294117647,no_default_confirmed,False,False
1844-07-27,city,Pittsburgh,Pittsburgh,C-1394,102.0,6.0,current_yield,5.88235294117647,5.88235294117647,no_default_confirmed,False,False
1844-08-03,city,Pittsburgh,Pittsburgh,C-1394,102.0,6.0,current_yield,5.88235294117647,5.88235294117647,no_default_confirmed,False,False
1844-08-10,city,Pittsburgh,Pittsburgh,C-1394,101.0,6.0,current_yield,5.9405940594059405,5.9405940594059405,no_default_confirmed,False,False
1844-08-17,city,Pittsburgh,Pittsburgh,C-1394,101.0,6.0,current_yield,5.9405940594059405,5.9405940594059405,no_default_confirmed,False,False
1844-08-24,city,Pittsburgh,Pittsburgh,C-1394,101.0,6.0,current_yield,5.9405940594059405,5.9405940594059405,no_default_confirmed,False,False
1844-08-31,city,Pittsburgh,Pittsburgh,C-1394,101.0,6.0,current_yield,5.9405940594059405,5.9405940594059405,no_default_confirmed,False,False
1844-09-07,city,Pittsburgh,Pittsburgh,C-1394,101.0,6.0,current_yield,5.9405940594059405,5.9405940594059405,no_default_confirmed,False,False
1844-09-14,city,Pittsburgh,Pittsburgh,C-1394,101.0,6.0,current_yield,5.9405940594059405,5.9405940594059405,no_default_confirmed,False,False
1844-09-21,city,Pittsburgh,Pittsburgh,C-1394,101.0,6.0,current_yield,5.9405940594059405,5.9405940594059405,no_default_confirmed,False,False
1844-09-28,city,Pittsburgh,Pittsburgh,C-1394,100.25,6.0,current_yield,5.985037406483791,5.985037406483791,no_default_confirmed,False,False
1844-10-06,city,Pittsburgh,Pittsburgh,C-1394,100.25,6.0,current_yield,5.985037406483791,5.985037406483791,no_default_confirmed,False,False
1844-10-12,city,Pittsburgh,Pittsburgh,C-1394,100.25,6.0,current_yield,5.985037406483791,5.985037406483791,no_default_confirmed,False,False
1844-10-19,city,Pittsburgh,Pittsburgh,C-1394,100.25,6.0,current_yield,5.985037406483791,5.985037406483791,no_default_confirmed,False,False
1844-10-26,city,Pittsburgh,Pittsburgh,C-1394,100.25,6.0,current_yield,5.985037406483791,5.985037406483791,no_default_confirmed,False,False
1844-11-02,city,Pittsburgh,Pittsburgh,C-1394,100.25,6.0,current_yield,5.985037406483791,5.985037406483791,no_default_confirmed,False,False
1844-11-09,city,Pittsburgh,Pittsburgh,C-1394,100.25,6.0,current_yield,5.985037406483791,5.985037406483791,no_default_confirmed,False,False
1844-11-23,city,Pittsburgh,Pittsburgh,C-1394,100.25,6.0,current_yield,5.985037406483791,5.985037406483791,no_default_confirmed,False,False
1844-11-30,city,Pittsburgh,Pittsburgh,C-1394,100.5,6.0,current_yield,5.970149253731343,5.970149253731343,no_default_confirmed,False,False
1844-12-07,city,Pittsburgh,Pittsburgh,C-1394,100.5,6.0,current_yield,5.970149253731343,5.970149253731343,no_default_confirmed,False,False
1844-12-14,city,Pittsburgh,Pittsburgh,C-1394,100.0,6.0,current_yield,6.0,6.0,no_default_confirmed,False,False
1844-12-21,city,Pittsburgh,Pittsburgh,C-1394,100.0,6.0,current_yield,6.0,6.0,no_default_confirmed,False,False
1844-12-28,city,Pittsburgh,Pittsburgh,C-1394,100.0,6.0,current_yield,6.0,6.0,no_default_confirmed,False,False
1845-01-04,city,Pittsburgh,Pittsburgh,C-1394,100.0,6.0,current_yield,6.0,6.0,no_default_confirmed,False,False
1845-01-11,city,Pittsburgh,Pittsburgh,C-1394,98.0,6.0,current_yield,6.122448979591836,6.122448979591836,no_default_confirmed,False,False
1845-01-18,city,Pittsburgh,Pittsburgh,C-1394,98.0,6.0,current_yield,6.122448979591836,6.122448979591836,no_default_confirmed,False,False
1845-01-25,city,Pittsburgh,Pittsburgh,C-1394,98.0,6.0,current_yield,6.122448979591836,6.122448979591836,no_default_confirmed,False,False
1845-02-08,city,Pittsburgh,Pittsburgh,C-1394,98.0,6.0,current_yield,6.122448979591836,6.122448979591836,no_default_confirmed,False,False
1845-02-15,city,Pittsburgh,Pittsburgh,C-1394,98.0,6.0,current_yield,6.122448979591836,6.122448979591836,no_default_confirmed,False,False
1845-02-22,city,Pittsburgh,Pittsburgh,C-1394,98.0,6.0,current_yield,6.122448979591836,6.122448979591836,no_default_confirmed,False,False
1845-03-01,city,Pittsburgh,Pittsburgh,C-1394,98.0,6.0,current_yield,6.122448979591836,6.122448979591836,no_default_confirmed,False,False
1845-03-08,city,Pittsburgh,Pittsburgh,C-1394,98.0,6.0,current_yield,6.122448979591836,6.122448979591836,no_default_confirmed,False,False
1845-03-15,city,Pittsburgh,Pittsburgh,C-1394,100.0,6.0,current_yield,6.0,6.0,no_default_confirmed,False,False
1845-03-22,city,Pittsburgh,Pittsburgh,C-1394,100.0,6.0,current_yield,6.0,6.0,no_default_confirmed,False,False
1845-03-29,city,Pittsburgh,Pittsburgh,C-1394,100.0,6.0,current_yield,6.0,6.0,no_default_confirmed,False,False
1845-04-05,city,Pittsburgh,Pittsburgh,C-1394,100.0,6.0,current_yield,6.0,6.0,no_default_confirmed,False,False
1845-04-12,city,Pittsburgh,Pittsburgh,C-1394,98.0,6.0,current_yield,6.122448979591836,6.122448979591836,no_default_confirmed,False,False
1845-04-19,city,Pittsburgh,Pittsburgh,C-1394,98.0,6.0,current_yield,6.122448979591836,6.122448979591836,no_default_confirmed,False,False
1845-05-03,city,Pittsburgh,Pittsburgh,C-1394,95.0,6.0,current_yield,6.315789473684211,6.315789473684211,no_default_confirmed,False,False
1845-05-10,city,Pittsburgh,Pittsburgh,C-1394,95.0,6.0,current_yield,6.315789473684211,6.315789473684211,no_default_confirmed,False,False
1845-05-17,city,Pittsburgh,Pittsburgh,C-1394,94.0,6.0,current_yield,6.382978723404255,6.382978723404255,no_default_confirmed,False,False
1845-05-24,city,Pittsburgh,Pittsburgh,C-1394,94.0,6.0,current_yield,6.382978723404255,6.382978723404255,no_default_confirmed,False,False
1845-05-31,city,Pittsburgh,Pittsburgh,C-1394,94.5,6.0,current_yield,6.349206349206349,6.349206349206349,no_default_confirmed,False,False
1845-06-07,city,Pittsburgh,Pittsburgh,C-1394,94.5,6.0,current_yield,6.349206349206349,6.349206349206349,no_default_confirmed,False,False
1845-06-28,city,Pittsburgh,Pittsburgh,C-1394,94.5,6.0,current_yield,6.349206349206349,6.349206349206349,no_default_confirmed,False,False
1845-07-05,city,Pittsburgh,Pittsburgh,C-1394,94.5,6.0,current_yield,6.349206349206349,6.349206349206349,no_default_confirmed,False,False
1845-07-12,city,Pittsburgh,Pittsburgh,C-1394,95.5,6.0,current_yield,6.282722513089005,6.282722513089005,no_default_confirmed,False,False
1845-07-19,city,Pittsburgh,Pittsburgh,C-1394,97.0,6.0,current_yield,6.185567010309279,6.185567010309279,no_default_confirmed,False,False
1845-07-26,city,Pittsburgh,Pittsburgh,C-1394,97.0,6.0,current_yield,6.185567010309279,6.185567010309279,no_default_confirmed,False,False
1845-08-02,city,Pittsburgh,Pittsburgh,C-1394,97.0,6.0,current_yield,6.185567010309279,6.185567010309279,no_default_confirmed,False,False
1845-08-09,city,Pittsburgh,Pittsburgh,C-1394,97.0,6.0,current_yield,6.185567010309279,6.185567010309279,no_default_confirmed,False,False
1845-08-16,city,Pittsburgh,Pittsburgh,C-1394,97.0,6.0,current_yield,6.185567010309279,6.185567010309279,no_default_confirmed,False,False
1845-08-23,city,Pittsburgh,Pittsburgh,C-1394,97.0,6.0,current_yield,6.185567010309279,6.185567010309279,no_default_confirmed,False,False
1845-08-30,city,Pittsburgh,Pittsburgh,C-1394,97.0,6.0,current_yield,6.185567010309279,6.185567010309279,no_default_confirmed,False,False
1845-09-06,city,Pittsburgh,Pittsburgh,C-1394,97.0,6.0,current_yield,6.185567010309279,6.185567010309279,no_default_confirmed,False,False
1845-09-13,city,Pittsburgh,Pittsburgh,C-1394,97.0,6.0,current_yield,6.185567010309279,6.185567010309279,no_default_confirmed,False,False
1845-09-20,city,Pittsburgh,Pittsburgh,C-1394,97.0,6.0,current_yield,6.185567010309279,6.185567010309279,no_default_confirmed,False,False
1845-09-27,city,Pittsburgh,Pittsburgh,C-1394,97.0,6.0,current_yield,6.185567010309279,6.185567010309279,no_default_confirmed,False,False
1845-10-04,city,Pittsburgh,Pittsburgh,C-1394,97.0,6.0,current_yield,6.185567010309279,6.185567010309279,no_default_confirmed,False,False
1845-10-11,city,Pittsburgh,Pittsburgh,C-1394,97.0,6.0,current_yield,6.185567010309279,6.185567010309279,no_default_confirmed,False,False
1845-10-18,city,Pittsburgh,Pittsburgh,C-1394,97.0,6.0,current_yield,6.185567010309279,6.185567010309279,no_default_confirmed,False,False
1845-10-25,city,Pittsburgh,Pittsburgh,C-1394,97.0,6.0,current_yield,6.185567010309279,6.185567010309279,no_default_confirmed,False,False
1845-11-01,city,Pittsburgh,Pittsburgh,C-1394,97.0,6.0,current_yield,6.185567010309279,6.185567010309279,no_default_confirmed,False,False
1845-11-08,city,Pittsburgh,Pittsburgh,C-1394,97.0,6.0,current_yield,6.185567010309279,6.185567010309279,no_default_confirmed,False,False
1845-11-22,city,Pittsburgh,Pittsburgh,C-1394,97.0,6.0,current_yield,6.185567010309279,6.185567010309279,no_default_confirmed,False,False
1845-12-27,city,Pittsburgh,Pittsburgh,C-1394,97.0,6.0,current_yield,6.185567010309279,6.185567010309279,no_default_confirmed,False,False
1846-01-03,city,Pittsburgh,Pittsburgh,C-1394,97.0,6.0,current_yield,6.185567010309279,6.185567010309279,no_default_confirmed,False,False
1846-01-10,city,Pittsburgh,Pittsburgh,C-1394,95.0,6.0,current_yield,6.315789473684211,6.315789473684211,no_default_confirmed,False,False
1846-01-17,city,Pittsburgh,Pittsburgh,C-1394,95.0,6.0,current_yield,6.315789473684211,6.315789473684211,no_default_confirmed,False,False
1846-01-24,city,Pittsburgh,Pittsburgh,C-1394,95.0,6.0,current_yield,6.315789473684211,6.315789473684211,no_default_confirmed,False,False
1846-02-07,city,Pittsburgh,Pittsburgh,C-1394,96.0,6.0,current_yield,6.25,6.25,no_default_confirmed,False,False
1846-02-14,city,Pittsburgh,Pittsburgh,C-1394,95.0,6.0,current_yield,6.315789473684211,6.315789473684211,no_default_confirmed,False,False
1846-03-21,city,Pittsburgh,Pittsburgh,C-1394,95.0,6.0,current_yield,6.315789473684211,6.315789473684211,no_default_confirmed,False,False
1846-03-28,city,Pittsburgh,Pittsburgh,C-1394,95.0,6.0,current_yield,6.315789473684211,6.315789473684211,no_default_confirmed,False,False
1846-04-04,city,Pittsburgh,Pittsburgh,C-1394,95.0,6.0,current_yield,6.315789473684211,6.315789473684211,no_default_confirmed,False,False
1846-04-11,city,Pittsburgh,Pittsburgh,C-1394,95.0,6.0,current_yield,6.315789473684211,6.315789473684211,no_default_confirmed,False,False
1846-04-18,city,Pittsburgh,Pittsburgh,C-1394,95.0,6.0,current_yield,6.315789473684211,6.315789473684211,no_default_confirmed,False,False
1846-04-25,city,Pittsburgh,Pittsburgh,C-1394,93.0,6.0,current_yield,6.451612903225806,6.451612903225806,no_default_confirmed,False,False
1846-05-02,city,Pittsburgh,Pittsburgh,C-1394,93.0,6.0,current_yield,6.451612903225806,6.451612903225806,no_default_confirmed,False,False
1846-05-09,city,Pittsburgh,Pittsburgh,C-1394,93.0,6.0,current_yield,6.451612903225806,6.451612903225806,no_default_confirmed,False,False
1846-05-16,city,Pittsburgh,Pittsburgh,C-1394,92.0,6.0,current_yield,6.521739130434782,6.521739130434782,no_default_confirmed,False,False
1846-05-23,city,Pittsburgh,Pittsburgh,C-1394,92.0,6.0,current_yield,6.521739130434782,6.521739130434782,no_default_confirmed,False,False
1846-06-13,city,Pittsburgh,Pittsburgh,C-1394,92.0,6.0,current_yield,6.521739130434782,6.521739130434782,no_default_confirmed,False,False
1846-06-20,city,Pittsburgh,Pittsburgh,C-1394,92.0,6.0,current_yield,6.521739130434782,6.521739130434782,no_default_confirmed,False,False
1846-06-27,city,Pittsburgh,Pittsburgh,C-1394,92.0,6.0,current_yield,6.521739130434782,6.521739130434782,no_default_confirmed,False,False
1846-07-11,city,Pittsburgh,Pittsburgh,C-1394,92.0,6.0,current_yield,6.521739130434782,6.521739130434782,no_default_confirmed,False,False
1846-07-18,city,Pittsburgh,Pittsburgh,C-1394,92.0,6.0,current_yield,6.521739130434782,6.521739130434782,no_default_confirmed,False,False
1846-07-25,city,Pittsburgh,Pittsburgh,C-1394,92.0,6.0,current_yield,6.521739130434782,6.521739130434782,no_default_confirmed,False,False
1846-08-15,city,Pittsburgh,Pittsburgh,C-1394,92.0,6.0,current_yield,6.521739130434782,6.521739130434782,no_default_confirmed,False,False
1846-08-29,city,Pittsburgh,Pittsburgh,C-1394,90.0,6.0,current_yield,6.666666666666667,6.666666666666667,no_default_confirmed,False,False
1846-09-05,city,Pittsburgh,Pittsburgh,C-1394,90.0,6.0,current_yield,6.666666666666667,6.666666666666667,no_default_confirmed,False,False
1846-09-19,city,Pittsburgh,Pittsburgh,C-1394,90.0,6.0,current_yield,6.666666666666667,6.666666666666667,no_default_confirmed,False,False
1846-09-26,city,Pittsburgh,Pittsburgh,C-1394,91.0,6.0,current_yield,6.593406593406594,6.593406593406594,no_default_confirmed,False,False
1846-10-03,city,Pittsburgh,Pittsburgh,C-1394,91.0,6.0,current_yield,6.593406593406594,6.593406593406594,no_default_confirmed,False,False
1846-10-10,city,Pittsburgh,Pittsburgh,C-1394,91.0,6.0,current_yield,6.593406593406594,6.593406593406594,no_default_confirmed,False,False
1846-10-17,city,Pittsburgh,Pittsburgh,C-1394,91.0,6.0,current_yield,6.593406593406594,6.593406593406594,no_default_confirmed,False,False
1846-12-05,city,Pittsburgh,Pittsburgh,C-1394,91.0,6.0,current_yield,6.593406593406594,6.593406593406594,no_default_confirmed,False,False
1846-12-12,city,Pittsburgh,Pittsburgh,C-1394,92.0,6.0,current_yield,6.521739130434782,6.521739130434782,no_default_confirmed,False,False
1846-12-19,city,Pittsburgh,Pittsburgh,C-1394,92.0,6.0,current_yield,6.521739130434782,6.521739130434782,no_default_confirmed,False,False
1846-12-26,city,Pittsburgh,Pittsburgh,C-1394,92.0,6.0,current_yield,6.521739130434782,6.521739130434782,no_default_confirmed,False,False
1847-01-02,city,Pittsburgh,Pittsburgh,C-1394,92.0,6.0,current_yield,6.521739130434782,6.521739130434782,no_default_confirmed,False,False
1847-01-16,city,Pittsburgh,Pittsburgh,C-1394,90.0,6.0,current_yield,6.666666666666667,6.666666666666667,no_default_confirmed,False,False
1847-01-23,city,Pittsburgh,Pittsburgh,C-1394,90.0,6.0,current_yield,6.666666666666667,6.666666666666667,no_default_confirmed,False,False
1847-02-13,city,Pittsburgh,Pittsburgh,C-1394,90.0,6.0,current_yield,6.666666666666667,6.666666666666667,no_default_confirmed,False,False
1847-02-20,city,Pittsburgh,Pittsburgh,C-1394,90.0,6.0,current_yield,6.666666666666667,6.666666666666667,no_default_confirmed,False,False
1847-02-27,city,Pittsburgh,Pittsburgh,C-1394,90.0,6.0,current_yield,6.666666666666667,6.666666666666667,no_default_confirmed,False,False
1847-03-06,city,Pittsburgh,Pittsburgh,C-1394,90.0,6.0,current_yield,6.666666666666667,6.666666666666667,no_default_confirmed,False,False
1847-03-13,city,Pittsburgh,Pittsburgh,C-1394,90.0,6.0,current_yield,6.666666666666667,6.666666666666667,no_default_confirmed,False,False
1847-03-20,city,Pittsburgh,Pittsburgh,C-1394,90.0,6.0,current_yield,6.666666666666667,6.666666666666667,no_default_confirmed,False,False
1847-03-27,city,Pittsburgh,Pittsburgh,C-1394,90.0,6.0,current_yield,6.666666666666667,6.666666666666667,no_default_confirmed,False,False
1847-04-03,city,Pittsburgh,Pittsburgh,C-1394,90.0,6.0,current_yield,6.666666666666667,6.666666666666667,no_default_confirmed,False,False
1847-04-10,city,Pittsburgh,Pittsburgh,C-1394,90.0,6.0,current_yield,6.666666666666667,6.666666666666667,no_default_confirmed,False,False
1847-04-17,city,Pittsburgh,Pittsburgh,C-1394,87.0,6.0,current_yield,6.896551724137931,6.896551724137931,no_default_confirmed,False,False
1847-04-24,city,Pittsburgh,Pittsburgh,C-1394,87.0,6.0,current_yield,6.896551724137931,6.896551724137931,no_default_confirmed,False,False
1847-05-01,city,Pittsburgh,Pittsburgh,C-1394,91.0,6.0,current_yield,6.593406593406594,6.593406593406594,no_default_confirmed,False,False
1847-05-08,city,Pittsburgh,Pittsburgh,C-1394,91.0,6.0,current_yield,6.593406593406594,6.593406593406594,no_default_confirmed,False,False
1847-05-15,city,Pittsburgh,Pittsburgh,C-1394,91.0,6.0,current_yield,6.593406593406594,6.593406593406594,no_default_confirmed,False,False
1847-05-22,city,Pittsburgh,Pittsburgh,C-1394,91.0,6.0,current_yield,6.593406593406594,6.593406593406594,no_default_confirmed,False,False
1847-05-29,city,Pittsburgh,Pittsburgh,C-1394,91.0,6.0,current_yield,6.593406593406594,6.593406593406594,no_default_confirmed,False,False
1847-06-05,city,Pittsburgh,Pittsburgh,C-1394,91.0,6.0,current_yield,6.593406593406594,6.593406593406594,no_default_confirmed,False,False
1847-06-12,city,Pittsburgh,Pittsburgh,C-1394,91.0,6.0,current_yield,6.593406593406594,6.593406593406594,no_default_confirmed,False,False
1847-06-19,city,Pittsburgh,Pittsburgh,C-1394,90.0,6.0,current_yield,6.666666666666667,6.666666666666667,no_default_confirmed,False,False
1847-06-26,city,Pittsburgh,Pittsburgh,C-1394,90.0,6.0,current_yield,6.666666666666667,6.666666666666667,no_default_confirmed,False,False
1847-07-03,city,Pittsburgh,Pittsburgh,C-1394,90.0,6.0,current_yield,6.666666666666667,6.666666666666667,no_default_confirmed,False,False
1847-07-10,city,Pittsburgh,Pittsburgh,C-1394,90.0,6.0,current_yield,6.666666666666667,6.666666666666667,no_default_confirmed,False,False
1847-07-17,city,Pittsburgh,Pittsburgh,C-1394,90.0,6.0,current_yield,6.666666666666667,6.666666666666667,no_default_confirmed,False,False
1847-07-24,city,Pittsburgh,Pittsburgh,C-1394,90.0,6.0,current_yield,6.666666666666667,6.666666666666667,no_default_confirmed,False,False
1847-07-31,city,Pittsburgh,Pittsburgh,C-1394,90.0,6.0,current_yield,6.666666666666667,6.666666666666667,no_default_confirmed,False,False
1847-08-07,city,Pittsburgh,Pittsburgh,C-1394,93.0,6.0,current_yield,6.451612903225806,6.451612903225806,no_default_confirmed,False,False
1847-08-14,city,Pittsburgh,Pittsburgh,C-1394,93.0,6.0,current_yield,6.451612903225806,6.451612903225806,no_default_confirmed,False,False
1847-08-21,city,Pittsburgh,Pittsburgh,C-1394,93.0,6.0,current_yield,6.451612903225806,6.451612903225806,no_default_confirmed,False,False
1847-08-28,city,Pittsburgh,Pittsburgh,C-1394,93.0,6.0,current_yield,6.451612903225806,6.451612903225806,no_default_confirmed,False,False
1847-09-04,city,Pittsburgh,Pittsburgh,C-1394,93.0,6.0,current_yield,6.451612903225806,6.451612903225806,no_default_confirmed,False,False
1847-09-11,city,Pittsburgh,Pittsburgh,C-1394,93.0,6.0,current_yield,6.451612903225806,6.451612903225806,no_default_confirmed,False,False
1847-09-18,city,Pittsburgh,Pittsburgh,C-1394,93.0,6.0,current_yield,6.451612903225806,6.451612903225806,no_default_confirmed,False,False
1847-09-25,city,Pittsburgh,Pittsburgh,C-1394,93.5,6.0,current_yield,6.417112299465241,6.417112299465241,no_default_confirmed,False,False
1847-10-02,city,Pittsburgh,Pittsburgh,C-1394,93.5,6.0,current_yield,6.417112299465241,6.417112299465241,no_default_confirmed,False,False
1847-10-09,city,Pittsburgh,Pittsburgh,C-1394,93.5,6.0,current_yield,6.417112299465241,6.417112299465241,no_default_confirmed,False,False
1847-10-16,city,Pittsburgh,Pittsburgh,C-1394,91.0,6.0,current_yield,6.593406593406594,6.593406593406594,no_default_confirmed,False,False
1847-10-23,city,Pittsburgh,Pittsburgh,C-1394,91.0,6.0,current_yield,6.593406593406594,6.593406593406594,no_default_confirmed,False,False
1847-10-30,city,Pittsburgh,Pittsburgh,C-1394,88.0,6.0,current_yield,6.8181818181818175,6.8181818181818175,no_default_confirmed,False,False
1847-11-06,city,Pittsburgh,Pittsburgh,C-1394,88.0,6.0,current_yield,6.8181818181818175,6.8181818181818175,no_default_confirmed,False,False
1847-11-13,city,Pittsburgh,Pittsburgh,C-1394,88.0,6.0,current_yield,6.8181818181818175,6.8181818181818175,no_default_confirmed,False,False
1847-11-20,city,Pittsburgh,Pittsburgh,C-1394,88.0,6.0,current_yield,6.8181818181818175,6.8181818181818175,no_default_confirmed,False,False
1847-11-27,city,Pittsburgh,Pittsburgh,C-1394,87.0,6.0,current_yield,6.896551724137931,6.896551724137931,no_default_confirmed,False,False
1847-12-04,city,Pittsburgh,Pittsburgh,C-1394,87.0,6.0,current_yield,6.896551724137931,6.896551724137931,no_default_confirmed,False,False
1847-12-11,city,Pittsburgh,Pittsburgh,C-1394,88.0,6.0,current_yield,6.8181818181818175,6.8181818181818175,no_default_confirmed,False,False
1847-12-18,city,Pittsburgh,Pittsburgh,C-1394,87.0,6.0,current_yield,6.896551724137931,6.896551724137931,no_default_confirmed,False,False
1847-12-25,city,Pittsburgh,Pittsburgh,C-1394,87.0,6.0,current_yield,6.896551724137931,6.896551724137931,no_default_confirmed,False,False
1848-01-01,city,Pittsburgh,Pittsburgh,C-1394,87.0,6.0,current_yield,6.896551724137931,6.896551724137931,no_default_confirmed,False,False
1848-01-08,city,Pittsburgh,Pittsburgh,C-1394,87.0,6.0,current_yield,6.896551724137931,6.896551724137931,no_default_confirmed,False,False
1848-01-15,city,Pittsburgh,Pittsburgh,C-1394,87.0,6.0,current_yield,6.896551724137931,6.896551724137931,no_default_confirmed,False,False
1848-01-22,city,Pittsburgh,Pittsburgh,C-1394,87.0,6.0,current_yield,6.896551724137931,6.896551724137931,no_default_confirmed,False,False
1848-01-29,city,Pittsburgh,Pittsburgh,C-1394,87.0,6.0,current_yield,6.896551724137931,6.896551724137931,no_default_confirmed,False,False
1848-02-05,city,Pittsburgh,Pittsburgh,C-1394,87.5,6.0,current_yield,6.857142857142858,6.857142857142858,no_default_confirmed,False,False
1848-02-12,city,Pittsburgh,Pittsburgh,C-1394,88.5,6.0,current_yield,6.779661016949152,6.779661016949152,no_default_confirmed,False,False
1848-02-19,city,Pittsburgh,Pittsburgh,C-1394,87.0,6.0,current_yield,6.896551724137931,6.896551724137931,no_default_confirmed,False,False
1848-02-26,city,Pittsburgh,Pittsburgh,C-1394,87.0,6.0,current_yield,6.896551724137931,6.896551724137931,no_default_confirmed,False,False
1848-03-04,city,Pittsburgh,Pittsburgh,C-1394,90.0,6.0,current_yield,6.666666666666667,6.666666666666667,no_default_confirmed,False,False
1848-03-11,city,Pittsburgh,Pittsburgh,C-1394,91.0,6.0,current_yield,6.593406593406594,6.593406593406594,no_default_confirmed,False,False
1848-03-18,city,Pittsburgh,Pittsburgh,C-1394,91.0,6.0,current_yield,6.593406593406594,6.593406593406594,no_default_confirmed,False,False
1848-03-25,city,Pittsburgh,Pittsburgh,C-1394,91.0,6.0,current_yield,6.593406593406594,6.593406593406594,no_default_confirmed,False,False
1848-04-01,city,Pittsburgh,Pittsburgh,C-1394,88.0,6.0,current_yield,6.8181818181818175,6.8181818181818175,no_default_confirmed,False,False
1848-04-08,city,Pittsburgh,Pittsburgh,C-1394,83.0,6.0,current_yield,7.228915662650602,7.228915662650602,no_default_confirmed,False,False
1848-04-15,city,Pittsburgh,Pittsburgh,C-1394,83.0,6.0,current_yield,7.228915662650602,7.228915662650602,no_default_confirmed,False,False
1848-04-22,city,Pittsburgh,Pittsburgh,C-1394,87.0,6.0,current_yield,6.896551724137931,6.896551724137931,no_default_confirmed,False,False
1848-04-29,city,Pittsburgh,Pittsburgh,C-1394,87.0,6.0,current_yield,6.896551724137931,6.896551724137931,no_default_confirmed,False,False
1848-05-06,city,Pittsburgh,Pittsburgh,C-1394,89.0,6.0,current_yield,6.741573033707865,6.741573033707865,no_default_confirmed,False,False
1848-05-13,city,Pittsburgh,Pittsburgh,C-1394,89.0,6.0,current_yield,6.741573033707865,6.741573033707865,no_default_confirmed,False,False
1848-05-20,city,Pittsburgh,Pittsburgh,C-1394,83.0,6.0,current_yield,7.228915662650602,7.228915662650602,no_default_confirmed,False,False
1848-05-27,city,Pittsburgh,Pittsburgh,C-1394,85.0,6.0,current_yield,7.0588235294117645,7.0588235294117645,no_default_confirmed,False,False
1848-06-03,city,Pittsburgh,Pittsburgh,C-1394,88.0,6.0,current_yield,6.8181818181818175,6.8181818181818175,no_default_confirmed,False,False
1848-06-10,city,Pittsburgh,Pittsburgh,C-1394,86.0,6.0,current_yield,6.976744186046512,6.976744186046512,no_default_confirmed,False,False
1848-06-17,city,Pittsburgh,Pittsburgh,C-1394,86.0,6.0,current_yield,6.976744186046512,6.976744186046512,no_default_confirmed,False,False
1848-06-24,city,Pittsburgh,Pittsburgh,C-1394,88.0,6.0,current_yield,6.8181818181818175,6.8181818181818175,no_default_confirmed,False,False
1848-07-01,city,Pittsburgh,Pittsburgh,C-1394,88.0,6.0,current_yield,6.8181818181818175,6.8181818181818175,no_default_confirmed,False,False
1848-07-08,city,Pittsburgh,Pittsburgh,C-1394,88.0,6.0,current_yield,6.8181818181818175,6.8181818181818175,no_default_confirmed,False,False
1848-07-15,city,Pittsburgh,Pittsburgh,C-1394,88.0,6.0,current_yield,6.8181818181818175,6.8181818181818175,no_default_confirmed,False,False
1848-07-22,city,Pittsburgh,Pittsburgh,C-1394,88.0,6.0,current_yield,6.8181818181818175,6.8181818181818175,no_default_confirmed,False,False
1848-07-29,city,Pittsburgh,Pittsburgh,C-1394,88.0,6.0,current_yield,6.8181818181818175,6.8181818181818175,no_default_confirmed,False,False
1848-08-05,city,Pittsburgh,Pittsburgh,C-1394,88.0,6.0,current_yield,6.8181818181818175,6.8181818181818175,no_default_confirmed,False,False
1848-08-12,city,Pittsburgh,Pittsburgh,C-1394,88.0,6.0,current_yield,6.8181818181818175,6.8181818181818175,no_default_confirmed,False,False
1848-08-19,city,Pittsburgh,Pittsburgh,C-1394,88.0,6.0,current_yield,6.8181818181818175,6.8181818181818175,no_default_confirmed,False,False
1848-08-26,city,Pittsburgh,Pittsburgh,C-1394,88.0,6.0,current_yield,6.8181818181818175,6.8181818181818175,no_default_confirmed,False,False
1848-09-02,city,Pittsburgh,Pittsburgh,C-1394,88.0,6.0,current_yield,6.8181818181818175,6.8181818181818175,no_default_confirmed,False,False
1848-09-09,city,Pittsburgh,Pittsburgh,C-1394,88.0,6.0,current_yield,6.8181818181818175,6.8181818181818175,no_default_confirmed,False,False
1848-09-16,city,Pittsburgh,Pittsburgh,C-1394,88.0,6.0,current_yield,6.8181818181818175,6.8181818181818175,no_default_confirmed,False,False
1848-09-23,city,Pittsburgh,Pittsburgh,C-1394,88.0,6.0,current_yield,6.8181818181818175,6.8181818181818175,no_default_confirmed,False,False
1848-09-30,city,Pittsburgh,Pittsburgh,C-1394,88.0,6.0,current_yield,6.8181818181818175,6.8181818181818175,no_default_confirmed,False,False
1848-10-07,city,Pittsburgh,Pittsburgh,C-1394,88.0,6.0,current_yield,6.8181818181818175,6.8181818181818175,no_default_confirmed,False,False
1848-10-14,city,Pittsburgh,Pittsburgh,C-1394,88.0,6.0,current_yield,6.8181818181818175,6.8181818181818175,no_default_confirmed,False,False
1848-10-21,city,Pittsburgh,Pittsburgh,C-1394,88.0,6.0,current_yield,6.8181818181818175,6.8181818181818175,no_default_confirmed,False,False
1848-10-28,city,Pittsburgh,Pittsburgh,C-1394,88.0,6.0,current_yield,6.8181818181818175,6.8181818181818175,no_default_confirmed,False,False
1848-11-04,city,Pittsburgh,Pittsburgh,C-1394,88.0,6.0,current_yield,6.8181818181818175,6.8181818181818175,no_default_confirmed,False,False
1848-11-11,city,Pittsburgh,Pittsburgh,C-1394,85.0,6.0,current_yield,7.0588235294117645,7.0588235294117645,no_default_confirmed,False,False
1848-11-18,city,Pittsburgh,Pittsburgh,C-1394,85.0,6.0,current_yield,7.0588235294117645,7.0588235294117645,no_default_confirmed,False,False
1848-11-25,city,Pittsburgh,Pittsburgh,C-1394,85.0,6.0,current_yield,7.0588235294117645,7.0588235294117645,no_default_confirmed,False,False
1848-12-02,city,Pittsburgh,Pittsburgh,C-1394,88.0,6.0,current_yield,6.8181818181818175,6.8181818181818175,no_default_confirmed,False,False
1848-12-09,city,Pittsburgh,Pittsburgh,C-1394,88.0,6.0,current_yield,6.8181818181818175,6.8181818181818175,no_default_confirmed,False,False
1849-02-10,city,Pittsburgh,Pittsburgh,C-1394,93.0,6.0,current_yield,6.451612903225806,6.451612903225806,no_default_confirmed,False,False
1849-02-17,city,Pittsburgh,Pittsburgh,C-1394,93.5,6.0,current_yield,6.417112299465241,6.417112299465241,no_default_confirmed,False,False
1849-02-24,city,Pittsburgh,Pittsburgh,C-1394,93.5,6.0,current_yield,6.417112299465241,6.417112299465241,no_default_confirmed,False,False
1849-03-03,city,Pittsburgh,Pittsburgh,C-1394,93.5,6.0,current_yield,6.417112299465241,6.417112299465241,no_default_confirmed,False,False
1849-03-10,city,Pittsburgh,Pittsburgh,C-1394,93.5,6.0,current_yield,6.417112299465241,6.417112299465241,no_default_confirmed,False,False
1849-03-17,city,Pittsburgh,Pittsburgh,C-1394,93.5,6.0,current_yield,6.417112299465241,6.417112299465241,no_default_confirmed,False,False
1849-03-24,city,Pittsburgh,Pittsburgh,C-1394,93.5,6.0,current_yield,6.417112299465241,6.417112299465241,no_default_confirmed,False,False
1849-03-31,city,Pittsburgh,Pittsburgh,C-1394,93.5,6.0,current_yield,6.417112299465241,6.417112299465241,no_default_confirmed,False,False
1849-04-07,city,Pittsburgh,Pittsburgh,C-1394,93.5,6.0,current_yield,6.417112299465241,6.417112299465241,no_default_confirmed,False,False
1849-04-14,city,Pittsburgh,Pittsburgh,C-1394,93.5,6.0,current_yield,6.417112299465241,6.417112299465241,no_default_confirmed,False,False
1849-04-21,city,Pittsburgh,Pittsburgh,C-1394,93.5,6.0,current_yield,6.417112299465241,6.417112299465241,no_default_confirmed,False,False
1849-04-28,city,Pittsburgh,Pittsburgh,C-1394,93.5,6.0,current_yield,6.417112299465241,6.417112299465241,no_default_confirmed,False,False
1849-05-05,city,Pittsburgh,Pittsburgh,C-1394,93.5,6.0,current_yield,6.417112299465241,6.417112299465241,no_default_confirmed,False,False
1849-05-12,city,Pittsburgh,Pittsburgh,C-1394,93.5,6.0,current_yield,6.417112299465241,6.417112299465241,no_default_confirmed,False,False
1849-05-19,city,Pittsburgh,Pittsburgh,C-1394,93.5,6.0,current_yield,6.417112299465241,6.417112299465241,no_default_confirmed,False,False
1849-05-26,city,Pittsburgh,Pittsburgh,C-1394,93.5,6.0,current_yield,6.417112299465241,6.417112299465241,no_default_confirmed,False,False
1849-06-02,city,Pittsburgh,Pittsburgh,C-1394,93.5,6.0,current_yield,6.417112299465241,6.417112299465241,no_default_confirmed,False,False
1849-07-07,city,Pittsburgh,Pittsburgh,C-1394,95.0,6.0,current_yield,6.315789473684211,6.315789473684211,no_default_confirmed,False,False
1849-07-14,city,Pittsburgh,Pittsburgh,C-1394,95.0,6.0,current_yield,6.315789473684211,6.315789473684211,no_default_confirmed,False,False
1849-07-21,city,Pittsburgh,Pittsburgh,C-1394,95.0,6.0,current_yield,6.315789473684211,6.315789473684211,no_default_confirmed,False,False
1849-07-28,city,Pittsburgh,Pittsburgh,C-1394,90.0,6.0,current_yield,6.666666666666667,6.666666666666667,no_default_confirmed,False,False
1849-08-04,city,Pittsburgh,Pittsburgh,C-1394,90.0,6.0,current_yield,6.666666666666667,6.666666666666667,no_default_confirmed,False,False
1849-08-11,city,Pittsburgh,Pittsburgh,C-1394,90.0,6.0,current_yield,6.666666666666667,6.666666666666667,no_default_confirmed,False,False
1849-08-18,city,Pittsburgh,Pittsburgh,C-1394,90.0,6.0,current_yield,6.666666666666667,6.666666666666667,no_default_confirmed,False,False
1849-08-25,city,Pittsburgh,Pittsburgh,C-1394,90.0,6.0,current_yield,6.666666666666667,6.666666666666667,no_default_confirmed,False,False
1849-09-01,city,Pittsburgh,Pittsburgh,C-1394,90.0,6.0,current_yield,6.666666666666667,6.666666666666667,no_default_confirmed,False,False
1849-09-08,city,Pittsburgh,Pittsburgh,C-1394,90.0,6.0,current_yield,6.666666666666667,6.666666666666667,no_default_confirmed,False,False
1849-09-15,city,Pittsburgh,Pittsburgh,C-1394,90.0,6.0,current_yield,6.666666666666667,6.666666666666667,no_default_confirmed,False,False
1849-09-22,city,Pittsburgh,Pittsburgh,C-1394,90.0,6.0,current_yield,6.666666666666667,6.666666666666667,no_default_confirmed,False,False
1849-10-27,city,Pittsburgh,Pittsburgh,C-1394,91.5,6.0,current_yield,6.557377049180328,6.557377049180328,no_default_confirmed,False,False
1849-11-10,city,Pittsburgh,Pittsburgh,C-1394,91.0,6.0,current_yield,6.593406593406594,6.593406593406594,no_default_confirmed,False,False
1849-12-22,city,Pittsburgh,Pittsburgh,C-1394,90.0,6.0,current_yield,6.666666666666667,6.666666666666667,no_default_confirmed,False,False
1849-12-29,city,Pittsburgh,Pittsburgh,C-1394,90.0,6.0,current_yield,6.666666666666667,6.666666666666667,no_default_confirmed,False,False
1850-01-05,city,Pittsburgh,Pittsburgh,C-1394,90.0,6.0,current_yield,6.666666666666667,6.666666666666667,no_default_confirmed,False,False
1850-01-12,city,Pittsburgh,Pittsburgh,C-1394,90.0,6.0,current_yield,6.666666666666667,6.666666666666667,no_default_confirmed,False,False
1850-01-19,city,Pittsburgh,Pittsburgh,C-1394,90.0,6.0,current_yield,6.666666666666667,6.666666666666667,no_default_confirmed,False,False
1850-01-26,city,Pittsburgh,Pittsburgh,C-1394,90.0,6.0,current_yield,6.666666666666667,6.666666666666667,no_default_confirmed,False,False
1850-02-02,city,Pittsburgh,Pittsburgh,C-1394,90.0,6.0,current_yield,6.666666666666667,6.666666666666667,no_default_confirmed,False,False
1850-02-09,city,Pittsburgh,Pittsburgh,C-1394,90.0,6.0,current_yield,6.666666666666667,6.666666666666667,no_default_confirmed,False,False
1850-02-16,city,Pittsburgh,Pittsburgh,C-1394,90.0,6.0,current_yield,6.666666666666667,6.666666666666667,no_default_confirmed,False,False
1850-02-23,city,Pittsburgh,Pittsburgh,C-1394,90.0,6.0,current_yield,6.666666666666667,6.666666666666667,no_default_confirmed,False,False
1850-03-02,city,Pittsburgh,Pittsburgh,C-1394,90.0,6.0,current_yield,6.666666666666667,6.666666666666667,no_default_confirmed,False,False
1850-03-16,city,Pittsburgh,Pittsburgh,C-1394,90.25,6.0,current_yield,6.64819944598338,6.64819944598338,no_default_confirmed,False,False
1850-03-23,city,Pittsburgh,Pittsburgh,C-1394,90.25,6.0,current_yield,6.64819944598338,6.64819944598338,no_default_confirmed,False,False
1850-03-30,city,Pittsburgh,Pittsburgh,C-1394,90.25,6.0,current_yield,6.64819944598338,6.64819944598338,no_default_confirmed,False,False
1850-04-06,city,Pittsburgh,Pittsburgh,C-1394,90.25,6.0,current_yield,6.64819944598338,6.64819944598338,no_default_confirmed,False,False
1850-04-13,city,Pittsburgh,Pittsburgh,C-1394,90.25,6.0,current_yield,6.64819944598338,6.64819944598338,no_default_confirmed,False,False
1850-04-20,city,Pittsburgh,Pittsburgh,C-1394,90.25,6.0,current_yield,6.64819944598338,6.64819944598338,no_default_confirmed,False,False
1850-04-27,city,Pittsburgh,Pittsburgh,C-1394,90.25,6.0,current_yield,6.64819944598338,6.64819944598338,no_default_confirmed,False,False
1850-05-04,city,Pittsburgh,Pittsburgh,C-1394,90.25,6.0,current_yield,6.64819944598338,6.64819944598338,no_default_confirmed,False,False
1850-05-11,city,Pittsburgh,Pittsburgh,C-1394,90.25,6.0,current_yield,6.64819944598338,6.64819944598338,no_default_confirmed,False,False
1850-05-18,city,Pittsburgh,Pittsburgh,C-1394,90.25,6.0,current_yield,6.64819944598338,6.64819944598338,no_default_confirmed,False,False
1850-05-25,city,Pittsburgh,Pittsburgh,C-1394,91.5,6.0,current_yield,6.557377049180328,6.557377049180328,no_default_confirmed,False,False
1850-06-01,city,Pittsburgh,Pittsburgh,C-1394,91.5,6.0,current_yield,6.557377049180328,6.557377049180328,no_default_confirmed,False,False
1850-06-08,city,Pittsburgh,Pittsburgh,C-1394,94.0,6.0,current_yield,6.382978723404255,6.382978723404255,no_default_confirmed,False,False
1850-06-15,city,Pittsburgh,Pittsburgh,C-1394,93.75,6.0,current_yield,6.4,6.4,no_default_confirmed,False,False
1850-06-22,city,Pittsburgh,Pittsburgh,C-1394,93.75,6.0,current_yield,6.4,6.4,no_default_confirmed,False,False
1850-06-29,city,Pittsburgh,Pittsburgh,C-1394,93.75,6.0,current_yield,6.4,6.4,no_default_confirmed,False,False
1850-07-06,city,Pittsburgh,Pittsburgh,C-1394,93.75,6.0,current_yield,6.4,6.4,no_default_confirmed,False,False
1850-07-13,city,Pittsburgh,Pittsburgh,C-1394,93.75,6.0,current_yield,6.4,6.4,no_default_confirmed,False,False
1850-07-20,city,Pittsburgh,Pittsburgh,C-1394,93.75,6.0,current_yield,6.4,6.4,no_default_confirmed,False,False
1850-07-27,city,Pittsburgh,Pittsburgh,C-1394,93.75,6.0,current_yield,6.4,6.4,no_default_confirmed,False,False
1850-08-03,city,Pittsburgh,Pittsburgh,C-1394,93.75,6.0,current_yield,6.4,6.4,no_default_confirmed,False,False
1850-08-10,city,Pittsburgh,Pittsburgh,C-1394,93.75,6.0,current_yield,6.4,6.4,no_default_confirmed,False,False
1850-08-17,city,Pittsburgh,Pittsburgh,C-1394,93.75,6.0,current_yield,6.4,6.4,no_default_confirmed,False,False
1850-08-24,city,Pittsburgh,Pittsburgh,C-1394,92.0,6.0,current_yield,6.521739130434782,6.521739130434782,no_default_confirmed,False,False
1850-08-31,city,Pittsburgh,Pittsburgh,C-1394,91.0,6.0,current_yield,6.593406593406594,6.593406593406594,no_default_confirmed,False,False
1850-09-07,city,Pittsburgh,Pittsburgh,C-1394,91.0,6.0,current_yield,6.593406593406594,6.593406593406594,no_default_confirmed,False,False
1850-09-14,city,Pittsburgh,Pittsburgh,C-1394,92.0,6.0,current_yield,6.521739130434782,6.521739130434782,no_default_confirmed,False,False
1850-09-21,city,Pittsburgh,Pittsburgh,C-1394,91.0,6.0,current_yield,6.593406593406594,6.593406593406594,no_default_confirmed,False,False
1850-09-28,city,Pittsburgh,Pittsburgh,C-1394,91.0,6.0,current_yield,6.593406593406594,6.593406593406594,no_default_confirmed,False,False
1850-10-05,city,Pittsburgh,Pittsburgh,C-1394,91.0,6.0,current_yield,6.593406593406594,6.593406593406594,no_default_confirmed,False,False
1850-10-12,city,Pittsburgh,Pittsburgh,C-1394,90.0,6.0,current_yield,6.666666666666667,6.666666666666667,no_default_confirmed,False,False
1850-10-19,city,Pittsburgh,Pittsburgh,C-1394,92.0,6.0,current_yield,6.521739130434782,6.521739130434782,no_default_confirmed,False,False
1850-10-26,city,Pittsburgh,Pittsburgh,C-1394,92.0,6.0,current_yield,6.521739130434782,6.521739130434782,no_default_confirmed,False,False
1850-11-02,city,Pittsburgh,Pittsburgh,C-1394,92.0,6.0,current_yield,6.521739130434782,6.521739130434782,no_default_confirmed,False,False
1850-11-09,city,Pittsburgh,Pittsburgh,C-1394,92.0,6.0,current_yield,6.521739130434782,6.521739130434782,no_default_confirmed,False,False
1850-11-16,city,Pittsburgh,Pittsburgh,C-1394,92.0,6.0,current_yield,6.521739130434782,6.521739130434782,no_default_confirmed,False,False
1850-11-23,city,Pittsburgh,Pittsburgh,C-1394,92.0,6.0,current_yield,6.521739130434782,6.521739130434782,no_default_confirmed,False,False
1850-11-30,city,Pittsburgh,Pittsburgh,C-1394,94.0,6.0,current_yield,6.382978723404255,6.382978723404255,no_default_confirmed,False,False
1850-12-07,city,Pittsburgh,Pittsburgh,C-1394,93.5,6.0,current_yield,6.417112299465241,6.417112299465241,no_default_confirmed,False,False
1850-12-14,city,Pittsburgh,Pittsburgh,C-1394,93.5,6.0,current_yield,6.417112299465241,6.417112299465241,no_default_confirmed,False,False
1850-12-28,city,Pittsburgh,Pittsburgh,C-1394,93.5,6.0,current_yield,6.417112299465241,6.417112299465241,no_default_confirmed,False,False
1831-07-23,state,Pennsylvania,Pennsylvania,S-2240,108.5,5.0,ytm,3.9329579814409343,4.6082949308755765,defaulted,False,False
1831-07-23,state,Pennsylvania,Pennsylvania,S-2250,110.25,5.0,ytm,4.0812433120973175,4.535147392290249,defaulted,False,False
1831-07-23,state,Pennsylvania,Pennsylvania,S-2270,111.5,5.0,ytm,4.138554561433613,4.484304932735426,defaulted,False,False
1831-07-30,state,Pennsylvania,Pennsylvania,S-2240,108.5,5.0,ytm,3.931202989975141,4.6082949308755765,defaulted,False,False
1831-07-30,state,Pennsylvania,Pennsylvania,S-2250,110.5,5.0,ytm,4.059034851362494,4.524886877828054,defaulted,False,False
1831-07-30,state,Pennsylvania,Pennsylvania,S-2270,111.5,5.0,ytm,4.137941330410743,4.484304932735426,defaulted,False,False
1831-08-07,state,Pennsylvania,Pennsylvania,S-2240,108.5,5.0,ytm,3.929188526907731,4.6082949308755765,defaulted,False,False
1831-08-07,state,Pennsylvania,Pennsylvania,S-2250,110.5,5.0,ytm,4.057983250567412,4.524886877828054,defaulted,False,False
1831-08-07,state,Pennsylvania,Pennsylvania,S-2270,111.5,5.0,ytm,4.137238931056627,4.484304932735426,defaulted,False,False
1831-08-13,state,Pennsylvania,Pennsylvania,S-2240,109.0,5.0,ytm,3.8673096484948952,4.587155963302752,defaulted,False,False
1831-08-13,state,Pennsylvania,Pennsylvania,S-2250,110.5,5.0,ytm,4.057192448770654,4.524886877828054,defaulted,False,False
1831-08-13,state,Pennsylvania,Pennsylvania,S-2270,111.5,5.0,ytm,4.136711033388387,4.484304932735426,defaulted,False,False
1831-08-20,state,Pennsylvania,Pennsylvania,S-2240,109.0,5.0,ytm,3.86543306888442,4.587155963302752,defaulted,False,False
1831-08-20,state,Pennsylvania,Pennsylvania,S-2250,110.5,5.0,ytm,4.0562675612652805,4.524886877828054,defaulted,False,False
1831-08-20,state,Pennsylvania,Pennsylvania,S-2270,111.5,5.0,ytm,4.136093959386267,4.484304932735426,defaulted,False,False
1831-08-27,state,Pennsylvania,Pennsylvania,S-2240,109.0,5.0,ytm,3.8635487961218096,4.587155963302752,defaulted,False,False
1831-08-27,state,Pennsylvania,Pennsylvania,S-2250,110.5,5.0,ytm,4.0553402031579076,4.524886877828054,defaulted,False,False
1831-08-27,state,Pennsylvania,Pennsylvania,S-2270,111.5,5.0,ytm,4.135475596360565,4.484304932735426,defaulted,False,False
1831-09-03,state,Pennsylvania,Pennsylvania,S-2240,109.0,5.0,ytm,3.861656782802075,4.587155963302752,defaulted,False,False
1831-09-03,state,Pennsylvania,Pennsylvania,S-2250,110.5,5.0,ytm,4.054410364535919,4.524886877828054,defaulted,False,False
1831-09-03,state,Pennsylvania,Pennsylvania,S-2270,111.5,5.0,ytm,4.134855940268045,4.484304932735426,defaulted,False,False
1831-09-10,state,Pennsylvania,Pennsylvania,S-2240,109.0,5.0,ytm,3.859756981129952,4.587155963302752,defaulted,False,False
1831-09-10,state,Pennsylvania,Pennsylvania,S-2250,110.5,5.0,ytm,4.053478035433595,4.524886877828054,defaulted,False,False
1831-09-10,state,Pennsylvania,Pennsylvania,S-2270,111.5,5.0,ytm,4.134234987048537,4.484304932735426,defaulted,False,False
1831-09-17,state,Pennsylvania,Pennsylvania,S-2240,109.0,5.0,ytm,3.85784934291587,4.587155963302752,defaulted,False,False
1831-09-17,state,Pennsylvania,Pennsylvania,S-2250,110.5,5.0,ytm,4.052543205831763,4.524886877828054,defaulted,False,False
1831-09-17,state,Pennsylvania,Pennsylvania,S-2270,111.5,5.0,ytm,4.133612732624856,4.484304932735426,defaulted,False,False
1831-09-24,state,Pennsylvania,Pennsylvania,S-2240,109.0,5.0,ytm,3.855933819571878,4.587155963302752,defaulted,False,False
1831-09-24,state,Pennsylvania,Pennsylvania,S-2250,110.5,5.0,ytm,4.051605865657435,4.524886877828054,defaulted,False,False
1831-09-24,state,Pennsylvania,Pennsylvania,S-2270,111.5,5.0,ytm,4.1329891729027155,4.484304932735426,defaulted,False,False
1831-09-28,state,Pennsylvania,Pennsylvania,S-2240,107.5,5.0,ytm,4.038797816153767,4.651162790697675,defaulted,False,False
1831-09-28,state,Pennsylvania,Pennsylvania,S-2250,110.5,5.0,ytm,4.05106911160977,4.524886877828054,defaulted,False,False
1831-09-28,state,Pennsylvania,Pennsylvania,S-2270,111.0,5.0,ytm,4.1683778963598765,4.504504504504505,defaulted,False,False
1831-10-08,state,Pennsylvania,Pennsylvania,S-2240,107.5,5.0,ytm,4.036483913715936,4.651162790697675,defaulted,False,False
1831-10-08,state,Pennsylvania,Pennsylvania,S-2250,110.5,5.0,ytm,4.049723613028085,4.524886877828054,defaulted,False,False
1831-10-08,state,Pennsylvania,Pennsylvania,S-2270,111.0,5.0,ytm,4.16752060116989,4.504504504504505,defaulted,False,False
1831-10-15,state,Pennsylvania,Pennsylvania,S-2240,107.5,5.0,ytm,4.034856001546292,4.651162790697675,defaulted,False,False
1831-10-15,state,Pennsylvania,Pennsylvania,S-2250,110.5,5.0,ytm,4.048778680154742,4.524886877828054,defaulted,False,False
1831-10-15,state,Pennsylvania,Pennsylvania,S-2270,111.0,5.0,ytm,4.1669189611214845,4.504504504504505,defaulted,False,False
1831-10-22,state,Pennsylvania,Pennsylvania,S-2240,107.5,5.0,ytm,4.033221304389932,4.651162790697675,defaulted,False,False
1831-10-22,state,Pennsylvania,Pennsylvania,S-2250,110.5,5.0,ytm,4.0478311958715185,4.524886877828054,defaulted,False,False
1831-10-22,state,Pennsylvania,Pennsylvania,S-2270,111.0,5.0,ytm,4.16631605370012,4.504504504504505,defaulted,False,False
1831-10-29,state,Pennsylvania,Pennsylvania,S-2240,107.5,5.0,ytm,4.0315797797394834,4.651162790697675,defaulted,False,False
1831-10-29,state,Pennsylvania,Pennsylvania,S-2250,110.5,5.0,ytm,4.046881149830868,4.524886877828054,defaulted,False,False
1831-10-29,state,Pennsylvania,Pennsylvania,S-2270,111.0,5.0,ytm,4.165711874896936,4.504504504504505,defaulted,False,False
1831-11-05,state,Pennsylvania,Pennsylvania,S-2240,107.5,5.0,ytm,4.029931384731752,4.651162790697675,defaulted,False,False
1831-11-05,state,Pennsylvania,Pennsylvania,S-2250,109.0,5.0,ytm,4.176355253210998,4.587155963302752,defaulted,False,False
1831-11-05,state,Pennsylvania,Pennsylvania,S-2270,111.0,5.0,ytm,4.165106420686146,4.504504504504505,defaulted,False,False
1831-11-12,state,Pennsylvania,Pennsylvania,S-2240,107.5,5.0,ytm,4.028276076144001,4.651162790697675,defaulted,False,False
1831-11-12,state,Pennsylvania,Pennsylvania,S-2250,109.0,5.0,ytm,4.175530633498753,4.587155963302752,defaulted,False,False
1831-11-12,state,Pennsylvania,Pennsylvania,S-2270,111.0,5.0,ytm,4.164499687024948,4.504504504504505,defaulted,False,False
1831-11-19,state,Pennsylvania,Pennsylvania,S-2240,107.5,5.0,ytm,4.026613810390164,4.651162790697675,defaulted,False,False
1831-11-19,state,Pennsylvania,Pennsylvania,S-2250,109.0,5.0,ytm,4.174703775144668,4.587155963302752,defaulted,False,False
1831-11-19,state,Pennsylvania,Pennsylvania,S-2270,111.0,5.0,ytm,4.163891669853437,4.504504504504505,defaulted,False,False
1831-11-26,state,Pennsylvania,Pennsylvania,S-2240,107.5,5.0,ytm,4.024944543517028,4.651162790697675,defaulted,False,False
1831-11-26,state,Pennsylvania,Pennsylvania,S-2250,108.0,5.0,ytm,4.262135922330097,4.62962962962963,defaulted,False,False
1831-11-26,state,Pennsylvania,Pennsylvania,S-2270,111.0,5.0,ytm,4.163282365094511,4.504504504504505,defaulted,False,False
1831-12-03,state,Pennsylvania,Pennsylvania,S-2240,107.5,5.0,ytm,4.023268231200352,4.651162790697675,defaulted,False,False
1831-12-03,state,Pennsylvania,Pennsylvania,S-2250,108.0,5.0,ytm,4.261393380098415,4.62962962962963,defaulted,False,False
1831-12-03,state,Pennsylvania,Pennsylvania,S-2270,111.0,5.0,ytm,4.162671768653782,4.504504504504505,defaulted,False,False
1831-12-10,state,Pennsylvania,Pennsylvania,S-2240,107.5,5.0,ytm,4.021584828740946,4.651162790697675,defaulted,False,False
1831-12-10,state,Pennsylvania,Pennsylvania,S-2250,108.0,5.0,ytm,4.2606488138030185,4.62962962962963,defaulted,False,False
1831-12-10,state,Pennsylvania,Pennsylvania,S-2270,111.0,5.0,ytm,4.162059876419484,4.504504504504505,defaulted,False,False
1831-12-17,state,Pennsylvania,Pennsylvania,S-2240,107.5,5.0,ytm,4.0198942910607,4.651162790697675,defaulted,False,False
1831-12-17,state,Pennsylvania,Pennsylvania,S-2250,108.0,5.0,ytm,4.259902215156651,4.62962962962963,defaulted,False,False
1831-12-17,state,Pennsylvania,Pennsylvania,S-2270,111.0,5.0,ytm,4.1614466842623825,4.504504504504505,defaulted,False,False
1831-12-24,state,Pennsylvania,Pennsylvania,S-2240,107.5,5.0,ytm,4.018196572698561,4.651162790697675,defaulted,False,False
1831-12-24,state,Pennsylvania,Pennsylvania,S-2250,108.0,5.0,ytm,4.25915357582675,4.62962962962963,defaulted,False,False
1831-12-24,state,Pennsylvania,Pennsylvania,S-2270,111.0,5.0,ytm,4.160832188035677,4.504504504504505,defaulted,False,False
1831-12-31,state,Pennsylvania,Pennsylvania,S-2240,107.5,5.0,ytm,4.016491627806452,4.651162790697675,defaulted,False,False
1831-12-31,state,Pennsylvania,Pennsylvania,S-2250,108.0,5.0,ytm,4.258402887435145,4.62962962962963,defaulted,False,False
1831-12-31,state,Pennsylvania,Pennsylvania,S-2270,111.0,5.0,ytm,4.160216383574912,4.504504504504505,defaulted,False,False
1832-01-07,state,Pennsylvania,Pennsylvania,S-2240,107.5,5.0,ytm,4.0147794101451515,4.651162790697675,defaulted,False,False
1832-01-07,state,Pennsylvania,Pennsylvania,S-2250,109.0,5.0,ytm,4.16885231160053,4.587155963302752,defaulted,False,False
1832-01-07,state,Pennsylvania,Pennsylvania,S-2270,111.0,5.0,ytm,4.159599266697882,4.504504504504505,defaulted,False,False
1832-01-14,state,Pennsylvania,Pennsylvania,S-2240,107.5,5.0,ytm,4.013059873080106,4.651162790697675,defaulted,False,False
1832-01-14,state,Pennsylvania,Pennsylvania,S-2250,109.0,5.0,ytm,4.168007211270142,4.587155963302752,defaulted,False,False
1832-01-14,state,Pennsylvania,Pennsylvania,S-2270,111.0,5.0,ytm,4.158980833204534,4.504504504504505,defaulted,False,False
1832-01-21,state,Pennsylvania,Pennsylvania,S-2240,107.5,5.0,ytm,4.011332969577207,4.651162790697675,defaulted,False,False
1832-01-21,state,Pennsylvania,Pennsylvania,S-2250,109.0,5.0,ytm,4.167159788324006,4.587155963302752,defaulted,False,False
1832-01-21,state,Pennsylvania,Pennsylvania,S-2270,111.0,5.0,ytm,4.158361078876875,4.504504504504505,defaulted,False,False
1832-01-28,state,Pennsylvania,Pennsylvania,S-2240,107.5,5.0,ytm,4.00959865219849,4.651162790697675,defaulted,False,False
1832-01-28,state,Pennsylvania,Pennsylvania,S-2250,109.0,5.0,ytm,4.166310033173969,4.587155963302752,defaulted,False,False
1832-01-28,state,Pennsylvania,Pennsylvania,S-2270,113.0,5.0,ytm,4.013948279372837,4.424778761061947,defaulted,False,False
1832-02-04,state,Pennsylvania,Pennsylvania,S-2240,107.5,5.0,ytm,4.0078568730978,4.651162790697675,defaulted,False,False
1832-02-04,state,Pennsylvania,Pennsylvania,S-2250,109.0,5.0,ytm,4.16545793617903,4.587155963302752,defaulted,False,False
1832-02-04,state,Pennsylvania,Pennsylvania,S-2270,112.0,5.0,ytm,4.084829219466183,4.464285714285714,defaulted,False,False
1832-02-11,state,Pennsylvania,Pennsylvania,S-2240,109.0,5.0,ytm,3.815888939808996,4.587155963302752,defaulted,False,False
1832-02-11,state,Pennsylvania,Pennsylvania,S-2250,109.0,5.0,ytm,4.1646034876449765,4.587155963302752,defaulted,False,False
1832-02-11,state,Pennsylvania,Pennsylvania,S-2270,112.0,5.0,ytm,4.084151982951297,4.464285714285714,defaulted,False,False
1832-02-18,state,Pennsylvania,Pennsylvania,S-2240,110.25,5.0,ytm,3.657077112784603,4.535147392290249,defaulted,False,False
1832-02-18,state,Pennsylvania,Pennsylvania,S-2250,111.0,5.0,ytm,3.9876006383977938,4.504504504504505,defaulted,False,False
1832-02-18,state,Pennsylvania,Pennsylvania,S-2270,112.0,5.0,ytm,4.083473293807146,4.464285714285714,defaulted,False,False
1832-02-25,state,Pennsylvania,Pennsylvania,S-2240,110.25,5.0,ytm,3.6546972308826233,4.535147392290249,defaulted,False,False
1832-02-25,state,Pennsylvania,Pennsylvania,S-2250,111.5,5.0,ytm,3.942999789248102,4.484304932735426,defaulted,False,False
1832-02-25,state,Pennsylvania,Pennsylvania,S-2270,112.5,5.0,ytm,4.046824251172861,4.444444444444445,defaulted,False,False
1832-03-03,state,Pennsylvania,Pennsylvania,S-2240,110.25,5.0,ytm,3.652307020912872,4.535147392290249,defaulted,False,False
1832-03-03,state,Pennsylvania,Pennsylvania,S-2250,112.0,5.0,ytm,3.898512078160713,4.464285714285714,defaulted,False,False
1832-03-03,state,Pennsylvania,Pennsylvania,S-2270,113.0,5.0,ytm,4.010289280593742,4.424778761061947,defaulted,False,False
1832-03-10,state,Pennsylvania,Pennsylvania,S-2240,110.25,5.0,ytm,3.649906415497461,4.535147392290249,defaulted,False,False
1832-03-10,state,Pennsylvania,Pennsylvania,S-2250,112.0,5.0,ytm,3.8973764422088006,4.464285714285714,defaulted,False,False
1832-03-10,state,Pennsylvania,Pennsylvania,S-2270,113.0,5.0,ytm,4.009552756646446,4.424778761061947,defaulted,False,False
1832-03-17,state,Pennsylvania,Pennsylvania,S-2240,110.25,5.0,ytm,3.647495346671149,4.535147392290249,defaulted,False,False
1832-03-17,state,Pennsylvania,Pennsylvania,S-2250,111.5,5.0,ytm,3.939727104736861,4.484304932735426,defaulted,False,False
1832-03-17,state,Pennsylvania,Pennsylvania,S-2270,112.5,5.0,ytm,4.044694658906801,4.444444444444445,defaulted,False,False
1832-03-24,state,Pennsylvania,Pennsylvania,S-2240,110.25,5.0,ytm,3.645073745874925,4.535147392290249,defaulted,False,False
1832-03-24,state,Pennsylvania,Pennsylvania,S-2250,111.5,5.0,ytm,3.9386301385311775,4.484304932735426,defaulted,False,False
1832-03-24,state,Pennsylvania,Pennsylvania,S-2270,112.5,5.0,ytm,4.043981733173861,4.444444444444445,defaulted,False,False
1832-03-31,state,Pennsylvania,Pennsylvania,S-2240,110.5,5.0,ytm,3.611186623468647,4.524886877828054,defaulted,False,False
1832-03-31,state,Pennsylvania,Pennsylvania,S-2250,111.5,5.0,ytm,3.937530115492915,4.484304932735426,defaulted,False,False
1832-03-31,state,Pennsylvania,Pennsylvania,S-2270,112.5,5.0,ytm,4.043267268356842,4.444444444444445,defaulted,False,False
1832-04-07,state,Pennsylvania,Pennsylvania,S-2240,110.5,5.0,ytm,3.6086871404209138,4.524886877828054,defaulted,False,False
1832-04-07,state,Pennsylvania,Pennsylvania,S-2250,111.5,5.0,ytm,3.936427022826881,4.484304932735426,defaulted,False,False
1832-04-07,state,Pennsylvania,Pennsylvania,S-2270,112.5,5.0,ytm,4.042551259466429,4.444444444444445,defaulted,False,False
1832-04-21,state,Pennsylvania,Pennsylvania,S-2240,110.5,5.0,ytm,3.603655131112352,4.524886877828054,defaulted,False,False
1832-04-21,state,Pennsylvania,Pennsylvania,S-2250,111.5,5.0,ytm,3.9342115770726687,4.484304932735426,defaulted,False,False
1832-04-21,state,Pennsylvania,Pennsylvania,S-2270,112.5,5.0,ytm,4.041114589400116,4.444444444444445,defaulted,False,False
1832-04-28,state,Pennsylvania,Pennsylvania,S-2240,110.5,5.0,ytm,3.601122458919352,4.524886877828054,defaulted,False,False
1832-04-28,state,Pennsylvania,Pennsylvania,S-2250,111.5,5.0,ytm,3.933099198034551,4.484304932735426,defaulted,False,False
1832-04-28,state,Pennsylvania,Pennsylvania,S-2270,112.5,5.0,ytm,4.0403939181371795,4.444444444444445,defaulted,False,False
1832-05-05,state,Pennsylvania,Pennsylvania,S-2240,110.5,5.0,ytm,3.5985785766692224,4.524886877828054,defaulted,False,False
1832-05-05,state,Pennsylvania,Pennsylvania,S-2250,111.5,5.0,ytm,3.931983697467763,4.484304932735426,defaulted,False,False
1832-05-05,state,Pennsylvania,Pennsylvania,S-2270,112.5,5.0,ytm,4.039671682626539,4.444444444444445,defaulted,False,False
1832-05-12,state,Pennsylvania,Pennsylvania,S-2240,110.5,5.0,ytm,3.5960234097703276,4.524886877828054,defaulted,False,False
1832-05-12,state,Pennsylvania,Pennsylvania,S-2250,111.5,5.0,ytm,3.930865062214515,4.484304932735426,defaulted,False,False
1832-05-12,state,Pennsylvania,Pennsylvania,S-2270,112.5,5.0,ytm,4.038947877769764,4.444444444444445,defaulted,False,False
1832-05-19,state,Pennsylvania,Pennsylvania,S-2240,110.5,5.0,ytm,3.593456882967786,4.524886877828054,defaulted,False,False
1832-05-19,state,Pennsylvania,Pennsylvania,S-2250,111.5,5.0,ytm,3.929743279042969,4.484304932735426,defaulted,False,False
1832-05-19,state,Pennsylvania,Pennsylvania,S-2270,112.5,5.0,ytm,4.038222498446239,4.444444444444445,defaulted,False,False
1832-05-26,state,Pennsylvania,Pennsylvania,S-2240,110.5,5.0,ytm,3.59087892033608,4.524886877828054,defaulted,False,False
1832-05-26,state,Pennsylvania,Pennsylvania,S-2250,111.5,5.0,ytm,3.928618334646704,4.484304932735426,defaulted,False,False
1832-05-26,state,Pennsylvania,Pennsylvania,S-2270,112.5,5.0,ytm,4.037495539513052,4.444444444444445,defaulted,False,False
1832-06-02,state,Pennsylvania,Pennsylvania,S-2240,110.5,5.0,ytm,3.588289445271568,4.524886877828054,defaulted,False,False
1832-06-02,state,Pennsylvania,Pennsylvania,S-2250,111.5,5.0,ytm,3.9274902156442,4.484304932735426,defaulted,False,False
1832-06-02,state,Pennsylvania,Pennsylvania,S-2270,112.5,5.0,ytm,4.036766995804862,4.444444444444445,defaulted,False,False
1832-06-09,state,Pennsylvania,Pennsylvania,S-2240,111.25,5.0,ytm,3.490046005538825,4.49438202247191,defaulted,False,False
1832-06-09,state,Pennsylvania,Pennsylvania,S-2250,112.0,5.0,ytm,3.882321127962158,4.464285714285714,defaulted,False,False
1832-06-09,state,Pennsylvania,Pennsylvania,S-2270,113.5,5.0,ytm,3.9637960649166457,4.405286343612335,defaulted,False,False
1832-06-16,state,Pennsylvania,Pennsylvania,S-2240,111.25,5.0,ytm,3.4872565878407205,4.49438202247191,defaulted,False,False
1832-06-16,state,Pennsylvania,Pennsylvania,S-2250,112.0,5.0,ytm,3.881140084899939,4.464285714285714,defaulted,False,False
1832-06-16,state,Pennsylvania,Pennsylvania,S-2270,113.5,5.0,ytm,3.963009499250059,4.405286343612335,defaulted,False,False
1832-06-23,state,Pennsylvania,Pennsylvania,S-2240,111.25,5.0,ytm,3.4844546294079417,4.49438202247191,defaulted,False,False
1832-06-23,state,Pennsylvania,Pennsylvania,S-2250,112.0,5.0,ytm,3.879955694752119,4.464285714285714,defaulted,False,False
1832-06-23,state,Pennsylvania,Pennsylvania,S-2270,113.0,5.0,ytm,3.9983115901051254,4.424778761061947,defaulted,False,False
1832-06-30,state,Pennsylvania,Pennsylvania,S-2240,111.25,5.0,ytm,3.481640045478524,4.49438202247191,defaulted,False,False
1832-06-30,state,Pennsylvania,Pennsylvania,S-2250,112.0,5.0,ytm,3.878767943270006,4.464285714285714,defaulted,False,False
1832-06-30,state,Pennsylvania,Pennsylvania,S-2270,113.0,5.0,ytm,3.9975490520015096,4.424778761061947,defaulted,False,False
1832-07-07,state,Pennsylvania,Pennsylvania,S-2240,111.25,5.0,ytm,3.4788127505249093,4.49438202247191,defaulted,False,False
1832-07-07,state,Pennsylvania,Pennsylvania,S-2250,112.0,5.0,ytm,3.877576816123917,4.464285714285714,defaulted,False,False
1832-07-07,state,Pennsylvania,Pennsylvania,S-2270,113.0,5.0,ytm,3.9967848424506647,4.424778761061947,defaulted,False,False
1832-07-14,state,Pennsylvania,Pennsylvania,S-2240,111.25,5.0,ytm,3.475972658245284,4.49438202247191,defaulted,False,False
1832-07-14,state,Pennsylvania,Pennsylvania,S-2250,112.0,5.0,ytm,3.876382298902599,4.464285714285714,defaulted,False,False
1832-07-14,state,Pennsylvania,Pennsylvania,S-2270,113.0,5.0,ytm,3.996018955950962,4.424778761061947,defaulted,False,False
1832-07-21,state,Pennsylvania,Pennsylvania,S-2240,111.25,5.0,ytm,3.473119681554798,4.49438202247191,defaulted,False,False
1832-07-21,state,Pennsylvania,Pennsylvania,S-2250,112.0,5.0,ytm,3.875184377112654,4.464285714285714,defaulted,False,False
1832-07-21,state,Pennsylvania,Pennsylvania,S-2270,113.0,5.0,ytm,3.995251386976601,4.424778761061947,defaulted,False,False
1832-07-28,state,Pennsylvania,Pennsylvania,S-2240,110.0,5.0,ytm,3.632131644473314,4.545454545454546,defaulted,False,False
1832-07-28,state,Pennsylvania,Pennsylvania,S-2250,111.0,5.0,ytm,3.96292592431555,4.504504504504505,defaulted,False,False
1832-07-28,state,Pennsylvania,Pennsylvania,S-2270,112.0,5.0,ytm,4.067451496452261,4.464285714285714,defaulted,False,False
1832-08-04,state,Pennsylvania,Pennsylvania,S-2240,109.0,5.0,ytm,3.760700134569378,4.587155963302752,defaulted,False,False
1832-08-04,state,Pennsylvania,Pennsylvania,S-2250,111.0,5.0,ytm,3.9618163134580513,4.504504504504505,defaulted,False,False
1832-08-04,state,Pennsylvania,Pennsylvania,S-2270,112.0,5.0,ytm,4.066736492921932,4.464285714285714,defaulted,False,False
1832-08-08,state,Pennsylvania,Pennsylvania,S-2240,109.0,5.0,ytm,3.759365077384703,4.587155963302752,defaulted,False,False
1832-08-08,state,Pennsylvania,Pennsylvania,S-2250,111.0,5.0,ytm,3.9611808249583103,4.504504504504505,defaulted,False,False
1832-08-08,state,Pennsylvania,Pennsylvania,S-2270,112.0,5.0,ytm,4.066327212267862,4.464285714285714,defaulted,False,False
1832-08-14,state,Pennsylvania,Pennsylvania,S-2240,109.0,5.0,ytm,3.757355951484316,4.587155963302752,defaulted,False,False
1832-08-14,state,Pennsylvania,Pennsylvania,S-2250,111.0,5.0,ytm,3.960225642059866,4.504504504504505,defaulted,False,False
1832-08-14,state,Pennsylvania,Pennsylvania,S-2270,112.0,5.0,ytm,4.065712324329786,4.464285714285714,defaulted,False,False
1832-08-18,state,Pennsylvania,Pennsylvania,S-2240,109.0,5.0,ytm,3.756012154174007,4.587155963302752,defaulted,False,False
1832-08-18,state,Pennsylvania,Pennsylvania,S-2250,111.0,5.0,ytm,3.959587549634943,4.504504504504505,defaulted,False,False
1832-08-18,state,Pennsylvania,Pennsylvania,S-2270,112.0,5.0,ytm,4.065301752977386,4.464285714285714,defaulted,False,False
1832-08-25,state,Pennsylvania,Pennsylvania,S-2240,109.0,5.0,ytm,3.753652030317144,4.587155963302752,defaulted,False,False
1832-08-25,state,Pennsylvania,Pennsylvania,S-2250,111.0,5.0,ytm,3.9584683692775937,4.504504504504505,defaulted,False,False
1832-08-25,state,Pennsylvania,Pennsylvania,S-2270,112.0,5.0,ytm,4.064582006108706,4.464285714285714,defaulted,False,False
1832-09-01,state,Pennsylvania,Pennsylvania,S-2240,109.0,5.0,ytm,3.751281051751347,4.587155963302752,defaulted,False,False
1832-09-01,state,Pennsylvania,Pennsylvania,S-2250,111.0,5.0,ytm,3.957345971563981,4.504504504504505,defaulted,False,False
1832-09-01,state,Pennsylvania,Pennsylvania,S-2270,112.0,5.0,ytm,4.063860667634253,4.464285714285714,defaulted,False,False
1832-09-08,state,Pennsylvania,Pennsylvania,S-2240,109.0,5.0,ytm,3.748899143419359,4.587155963302752,defaulted,False,False
1832-09-08,state,Pennsylvania,Pennsylvania,S-2250,111.0,5.0,ytm,3.956220342600525,4.504504504504505,defaulted,False,False
1832-09-08,state,Pennsylvania,Pennsylvania,S-2270,112.0,5.0,ytm,4.063137732268805,4.464285714285714,defaulted,False,False
1832-09-15,state,Pennsylvania,Pennsylvania,S-2240,109.0,5.0,ytm,3.7465062295703255,4.587155963302752,defaulted,False,False
1832-09-15,state,Pennsylvania,Pennsylvania,S-2250,111.0,5.0,ytm,3.955091468413532,4.504504504504505,defaulted,False,False
1832-09-15,state,Pennsylvania,Pennsylvania,S-2270,112.0,5.0,ytm,4.062413194703719,4.464285714285714,defaulted,False,False
1832-09-22,state,Pennsylvania,Pennsylvania,S-2240,109.0,5.0,ytm,3.744102233751763,4.587155963302752,defaulted,False,False
1832-09-22,state,Pennsylvania,Pennsylvania,S-2250,111.0,5.0,ytm,3.953959334948624,4.504504504504505,defaulted,False,False
1832-09-22,state,Pennsylvania,Pennsylvania,S-2270,112.0,5.0,ytm,4.061687049606793,4.464285714285714,defaulted,False,False
1832-09-29,state,Pennsylvania,Pennsylvania,S-2240,109.0,5.0,ytm,3.7416870788014167,4.587155963302752,defaulted,False,False
1832-09-29,state,Pennsylvania,Pennsylvania,S-2250,111.0,5.0,ytm,3.9528239280701447,4.504504504504505,defaulted,False,False
1832-09-29,state,Pennsylvania,Pennsylvania,S-2270,112.0,5.0,ytm,4.060959291622139,4.464285714285714,defaulted,False,False
1832-10-06,state,Pennsylvania,Pennsylvania,S-2240,109.0,5.0,ytm,3.739260686839005,4.587155963302752,defaulted,False,False
1832-10-06,state,Pennsylvania,Pennsylvania,S-2250,112.0,5.0,ytm,3.861778306764746,4.464285714285714,defaulted,False,False
1832-10-06,state,Pennsylvania,Pennsylvania,S-2270,113.0,5.0,ytm,3.986695479952993,4.424778761061947,defaulted,False,False
1832-10-13,state,Pennsylvania,Pennsylvania,S-2240,109.0,5.0,ytm,3.736822979257847,4.587155963302752,defaulted,False,False
1832-10-13,state,Pennsylvania,Pennsylvania,S-2250,112.0,5.0,ytm,3.8605383689484305,4.464285714285714,defaulted,False,False
1832-10-13,state,Pennsylvania,Pennsylvania,S-2270,113.0,5.0,ytm,3.985907281287769,4.424778761061947,defaulted,False,False
1832-10-20,state,Pennsylvania,Pennsylvania,S-2240,109.0,5.0,ytm,3.734373876716377,4.587155963302752,defaulted,False,False
1832-10-20,state,Pennsylvania,Pennsylvania,S-2250,112.0,5.0,ytm,3.8592948304000183,4.464285714285714,defaulted,False,False
1832-10-20,state,Pennsylvania,Pennsylvania,S-2270,114.0,5.0,ytm,3.912156673718412,4.385964912280701,defaulted,False,False
1832-10-27,state,Pennsylvania,Pennsylvania,S-2240,109.25,5.0,ytm,3.6982457908095943,4.576659038901601,defaulted,False,False
1832-10-27,state,Pennsylvania,Pennsylvania,S-2250,112.0,5.0,ytm,3.858047675412124,4.464285714285714,defaulted,False,False
1832-10-27,state,Pennsylvania,Pennsylvania,S-2270,114.0,5.0,ytm,3.911308038872548,4.385964912280701,defaulted,False,False
1832-11-03,state,Pennsylvania,Pennsylvania,S-2240,110.0,5.0,ytm,3.5949904953594993,4.545454545454546,defaulted,False,False
1832-11-03,state,Pennsylvania,Pennsylvania,S-2250,112.0,5.0,ytm,3.856796888185861,4.464285714285714,defaulted,False,False
1832-11-03,state,Pennsylvania,Pennsylvania,S-2270,114.0,5.0,ytm,3.910457508543619,4.385964912280701,defaulted,False,False
1832-11-10,state,Pennsylvania,Pennsylvania,S-2240,110.0,5.0,ytm,3.592243891504147,4.545454545454546,defaulted,False,False
1832-11-10,state,Pennsylvania,Pennsylvania,S-2250,112.0,5.0,ytm,3.8555424528301887,4.464285714285714,defaulted,False,False
1832-11-10,state,Pennsylvania,Pennsylvania,S-2270,114.0,5.0,ytm,3.909605076373994,4.385964912280701,defaulted,False,False
1832-11-17,state,Pennsylvania,Pennsylvania,S-2240,110.0,5.0,ytm,3.58948432760364,4.545454545454546,defaulted,False,False
1832-11-17,state,Pennsylvania,Pennsylvania,S-2250,112.0,5.0,ytm,3.85428435336123,4.464285714285714,defaulted,False,False
1832-11-17,state,Pennsylvania,Pennsylvania,S-2270,114.0,5.0,ytm,3.908750735977572,4.385964912280701,defaulted,False,False
1832-11-24,state,Pennsylvania,Pennsylvania,S-2240,110.0,5.0,ytm,3.586711711711712,4.545454545454546,defaulted,False,False
1832-11-24,state,Pennsylvania,Pennsylvania,S-2250,112.0,5.0,ytm,3.8530225737015975,4.464285714285714,defaulted,False,False
1832-11-24,state,Pennsylvania,Pennsylvania,S-2270,114.0,5.0,ytm,3.9078944809396368,4.385964912280701,defaulted,False,False
1832-12-01,state,Pennsylvania,Pennsylvania,S-2240,110.0,5.0,ytm,3.5839259510102717,4.545454545454546,defaulted,False,False
1832-12-01,state,Pennsylvania,Pennsylvania,S-2250,112.0,5.0,ytm,3.851757097679707,4.464285714285714,defaulted,False,False
1832-12-01,state,Pennsylvania,Pennsylvania,S-2270,114.0,5.0,ytm,3.9070363048166783,4.385964912280701,defaulted,False,False
1832-12-08,state,Pennsylvania,Pennsylvania,S-2240,110.0,5.0,ytm,3.5811269517990496,4.545454545454546,defaulted,False,False
1832-12-08,state,Pennsylvania,Pennsylvania,S-2250,112.0,5.0,ytm,3.850487909029084,4.464285714285714,defaulted,False,False
1832-12-08,state,Pennsylvania,Pennsylvania,S-2270,114.0,5.0,ytm,3.9061762011362497,4.385964912280701,defaulted,False,False
1832-12-15,state,Pennsylvania,Pennsylvania,S-2240,110.0,5.0,ytm,3.578314619485086,4.545454545454546,defaulted,False,False
1832-12-15,state,Pennsylvania,Pennsylvania,S-2250,112.0,5.0,ytm,3.8492149913876736,4.464285714285714,defaulted,False,False
1832-12-15,state,Pennsylvania,Pennsylvania,S-2270,114.0,5.0,ytm,3.905314163396789,4.385964912280701,defaulted,False,False
1832-12-22,state,Pennsylvania,Pennsylvania,S-2240,110.0,5.0,ytm,3.5754888585720783,4.545454545454546,defaulted,False,False
1832-12-22,state,Pennsylvania,Pennsylvania,S-2250,112.0,5.0,ytm,3.847938328297128,4.464285714285714,defaulted,False,False
1832-12-22,state,Pennsylvania,Pennsylvania,S-2270,114.0,5.0,ytm,3.9044501850674673,4.385964912280701,defaulted,False,False
1833-01-07,state,Pennsylvania,Pennsylvania,S-2240,108.0,5.0,ytm,3.84417537195315,4.62962962962963,defaulted,False,False
1833-01-07,state,Pennsylvania,Pennsylvania,S-2250,110.0,5.0,ytm,4.028338454740817,4.545454545454546,defaulted,False,False
1833-01-07,state,Pennsylvania,Pennsylvania,S-2270,111.0,5.0,ytm,4.1253926207545195,4.504504504504505,defaulted,False,False
1833-01-14,state,Pennsylvania,Pennsylvania,S-2240,108.0,5.0,ytm,3.8418568368723065,4.62962962962963,defaulted,False,False
1833-01-14,state,Pennsylvania,Pennsylvania,S-2250,110.0,5.0,ytm,4.027253985015337,4.545454545454546,defaulted,False,False
1833-01-14,state,Pennsylvania,Pennsylvania,S-2270,111.0,5.0,ytm,4.124699010827961,4.504504504504505,defaulted,False,False
1833-01-21,state,Pennsylvania,Pennsylvania,S-2240,108.0,5.0,ytm,3.8395271165774263,4.62962962962963,defaulted,False,False
1833-01-21,state,Pennsylvania,Pennsylvania,S-2250,110.0,5.0,ytm,4.026166304085085,4.545454545454546,defaulted,False,False
1833-01-21,state,Pennsylvania,Pennsylvania,S-2270,111.0,5.0,ytm,4.124003831901731,4.504504504504505,defaulted,False,False
1833-01-28,state,Pennsylvania,Pennsylvania,S-2240,108.0,5.0,ytm,3.837186129932243,4.62962962962963,defaulted,False,False
1833-01-28,state,Pennsylvania,Pennsylvania,S-2250,110.0,5.0,ytm,4.02507539766595,4.545454545454546,defaulted,False,False
1833-01-28,state,Pennsylvania,Pennsylvania,S-2270,111.5,5.0,ytm,4.0856241677775715,4.484304932735426,defaulted,False,False
1833-02-04,state,Pennsylvania,Pennsylvania,S-2240,108.0,5.0,ytm,3.8348337950138505,4.62962962962963,defaulted,False,False
1833-02-04,state,Pennsylvania,Pennsylvania,S-2250,110.0,5.0,ytm,4.023981251388973,4.545454545454546,defaulted,False,False
1833-02-04,state,Pennsylvania,Pennsylvania,S-2270,111.5,5.0,ytm,4.084895818378461,4.484304932735426,defaulted,False,False
1833-02-11,state,Pennsylvania,Pennsylvania,S-2240,108.0,5.0,ytm,3.8324700291031424,4.62962962962963,defaulted,False,False
1833-02-11,state,Pennsylvania,Pennsylvania,S-2250,110.0,5.0,ytm,4.022883850799721,4.545454545454546,defaulted,False,False
1833-02-11,state,Pennsylvania,Pennsylvania,S-2270,111.5,5.0,ytm,4.08416581578681,4.484304932735426,defaulted,False,False
1833-02-18,state,Pennsylvania,Pennsylvania,S-2240,108.0,5.0,ytm,3.830094748675125,4.62962962962963,defaulted,False,False
1833-02-18,state,Pennsylvania,Pennsylvania,S-2250,110.0,5.0,ytm,4.021783181357649,4.545454545454546,defaulted,False,False
1833-02-18,state,Pennsylvania,Pennsylvania,S-2270,110.5,5.0,ytm,4.159159929076511,4.524886877828054,defaulted,False,False
1833-02-25,state,Pennsylvania,Pennsylvania,S-2240,108.0,5.0,ytm,3.82770786938907,4.62962962962963,defaulted,False,False
1833-02-25,state,Pennsylvania,Pennsylvania,S-2250,110.0,5.0,ytm,4.020679228435461,4.545454545454546,defaulted,False,False
1833-02-25,state,Pennsylvania,Pennsylvania,S-2270,110.5,5.0,ytm,4.158487189839256,4.524886877828054,defaulted,False,False
1833-03-02,state,Pennsylvania,Pennsylvania,S-2240,108.0,5.0,ytm,3.8259958071278826,4.62962962962963,defaulted,False,False
1833-03-02,state,Pennsylvania,Pennsylvania,S-2250,110.0,5.0,ytm,4.019888672192427,4.545454545454546,defaulted,False,False
1833-03-02,state,Pennsylvania,Pennsylvania,S-2270,110.5,5.0,ytm,4.158005724044502,4.524886877828054,defaulted,False,False
1833-03-18,state,Pennsylvania,Pennsylvania,S-2240,105.0,5.0,ytm,4.252009666969474,4.761904761904762,defaulted,False,False
1833-03-18,state,Pennsylvania,Pennsylvania,S-2250,107.0,5.0,ytm,4.30217432664946,4.672897196261682,defaulted,False,False
1833-03-18,state,Pennsylvania,Pennsylvania,S-2270,109.0,5.0,ytm,4.271776264104223,4.587155963302752,defaulted,False,False
1833-04-02,state,Pennsylvania,Pennsylvania,S-2240,105.0,5.0,ytm,4.248692610557331,4.761904761904762,defaulted,False,False
1833-04-02,state,Pennsylvania,Pennsylvania,S-2250,107.0,5.0,ytm,4.300471266049031,4.672897196261682,defaulted,False,False
1833-04-02,state,Pennsylvania,Pennsylvania,S-2270,109.0,5.0,ytm,4.270518714093326,4.587155963302752,defaulted,False,False
1833-04-08,state,Pennsylvania,Pennsylvania,S-2240,105.0,5.0,ytm,4.2473559248866835,4.761904761904762,defaulted,False,False
1833-04-08,state,Pennsylvania,Pennsylvania,S-2250,107.0,5.0,ytm,4.2997869659737615,4.672897196261682,defaulted,False,False
1833-04-08,state,Pennsylvania,Pennsylvania,S-2270,109.0,5.0,ytm,4.270013965780706,4.587155963302752,defaulted,False,False
1833-04-22,state,Pennsylvania,Pennsylvania,S-2240,105.0,5.0,ytm,4.244214800739257,4.761904761904762,defaulted,False,False
1833-04-22,state,Pennsylvania,Pennsylvania,S-2250,108.0,5.0,ytm,4.201779997013984,4.62962962962963,defaulted,False,False
1833-04-22,state,Pennsylvania,Pennsylvania,S-2270,109.0,5.0,ytm,4.268832356988957,4.587155963302752,defaulted,False,False
1833-04-29,state,Pennsylvania,Pennsylvania,S-2240,105.0,5.0,ytm,4.242632476253436,4.761904761904762,defaulted,False,False
1833-04-29,state,Pennsylvania,Pennsylvania,S-2250,108.0,5.0,ytm,4.20086393088553,4.62962962962963,defaulted,False,False
1833-04-29,state,Pennsylvania,Pennsylvania,S-2270,109.5,5.0,ytm,4.229429625226625,4.5662100456621,defaulted,False,False
1833-05-06,state,Pennsylvania,Pennsylvania,S-2240,105.0,5.0,ytm,4.241042231659356,4.761904761904762,defaulted,False,False
1833-05-06,state,Pennsylvania,Pennsylvania,S-2250,108.0,5.0,ytm,4.199945090600509,4.62962962962963,defaulted,False,False
1833-05-06,state,Pennsylvania,Pennsylvania,S-2270,109.5,5.0,ytm,4.228803905231296,4.5662100456621,defaulted,False,False
1833-05-20,state,Pennsylvania,Pennsylvania,S-2240,105.0,5.0,ytm,4.2378377430917675,4.761904761904762,defaulted,False,False
1833-05-20,state,Pennsylvania,Pennsylvania,S-2250,108.0,5.0,ytm,4.198099037001184,4.62962962962963,defaulted,False,False
1833-05-20,state,Pennsylvania,Pennsylvania,S-2270,110.0,5.0,ytm,4.1888287440182,4.545454545454546,defaulted,False,False
1833-05-28,state,Pennsylvania,Pennsylvania,S-2240,105.0,5.0,ytm,4.235992089650627,4.761904761904762,defaulted,False,False
1833-05-28,state,Pennsylvania,Pennsylvania,S-2250,108.0,5.0,ytm,4.197039105211242,4.62962962962963,defaulted,False,False
1833-05-28,state,Pennsylvania,Pennsylvania,S-2270,110.0,5.0,ytm,4.188072457620462,4.545454545454546,defaulted,False,False
1833-06-08,state,Pennsylvania,Pennsylvania,S-2240,105.5,5.0,ytm,4.158832187210608,4.739336492890995,defaulted,False,False
1833-06-08,state,Pennsylvania,Pennsylvania,S-2250,110.0,5.0,ytm,4.004046062869592,4.545454545454546,defaulted,False,False
1833-06-08,state,Pennsylvania,Pennsylvania,S-2270,110.0,5.0,ytm,4.187029298581108,4.545454545454546,defaulted,False,False
1833-06-19,state,Pennsylvania,Pennsylvania,S-2240,106.0,5.0,ytm,4.0815139001054455,4.716981132075472,defaulted,False,False
1833-06-19,state,Pennsylvania,Pennsylvania,S-2250,110.0,5.0,ytm,4.002225480714233,4.545454545454546,defaulted,False,False
1833-06-19,state,Pennsylvania,Pennsylvania,S-2270,111.0,5.0,ytm,4.10882426791375,4.504504504504505,defaulted,False,False
1833-06-25,state,Pennsylvania,Pennsylvania,S-2240,106.0,5.0,ytm,4.079825829413199,4.716981132075472,defaulted,False,False
1833-06-25,state,Pennsylvania,Pennsylvania,S-2250,110.0,5.0,ytm,4.001228744285818,4.545454545454546,defaulted,False,False
1833-06-25,state,Pennsylvania,Pennsylvania,S-2270,111.5,5.0,ytm,4.069864934010662,4.484304932735426,defaulted,False,False
1833-07-01,state,Pennsylvania,Pennsylvania,S-2240,107.5,5.0,ytm,3.855993107783194,4.651162790697675,defaulted,False,False
1833-07-01,state,Pennsylvania,Pennsylvania,S-2250,110.0,5.0,ytm,4.000229388887151,4.545454545454546,defaulted,False,False
1833-07-01,state,Pennsylvania,Pennsylvania,S-2270,111.5,5.0,ytm,4.069209724202736,4.484304932735426,defaulted,False,False
1833-07-08,state,Pennsylvania,Pennsylvania,S-2240,107.5,5.0,ytm,3.85352676249989,4.651162790697675,defaulted,False,False
1833-07-08,state,Pennsylvania,Pennsylvania,S-2250,110.0,5.0,ytm,3.99906015037594,4.545454545454546,defaulted,False,False
1833-07-08,state,Pennsylvania,Pennsylvania,S-2270,111.5,5.0,ytm,4.068443662311933,4.484304932735426,defaulted,False,False
1833-07-22,state,Pennsylvania,Pennsylvania,S-2240,107.5,5.0,ytm,3.848555988660525,4.651162790697675,defaulted,False,False
1833-07-22,state,Pennsylvania,Pennsylvania,S-2250,110.0,5.0,ytm,3.99671087088597,4.545454545454546,defaulted,False,False
1833-07-22,state,Pennsylvania,Pennsylvania,S-2270,111.0,5.0,ytm,4.105360491748568,4.504504504504505,defaulted,False,False
1833-07-29,state,Pennsylvania,Pennsylvania,S-2240,107.5,5.0,ytm,3.8460513635818616,4.651162790697675,defaulted,False,False
1833-07-29,state,Pennsylvania,Pennsylvania,S-2250,110.0,5.0,ytm,3.995530796588298,4.545454545454546,defaulted,False,False
1833-07-29,state,Pennsylvania,Pennsylvania,S-2270,111.0,5.0,ytm,4.104620853080569,4.504504504504505,defaulted,False,False
1833-08-05,state,Pennsylvania,Pennsylvania,S-2240,108.0,5.0,ytm,3.76940133037694,4.62962962962963,defaulted,False,False
1833-08-05,state,Pennsylvania,Pennsylvania,S-2250,110.0,5.0,ytm,3.994347076871349,4.545454545454546,defaulted,False,False
1833-08-05,state,Pennsylvania,Pennsylvania,S-2270,111.0,5.0,ytm,4.103879486573199,4.504504504504505,defaulted,False,False
1833-08-12,state,Pennsylvania,Pennsylvania,S-2240,109.5,5.0,ytm,3.545952226626851,4.5662100456621,defaulted,False,False
1833-08-12,state,Pennsylvania,Pennsylvania,S-2250,110.75,5.0,ytm,3.9214984631315417,4.514672686230249,defaulted,False,False
1833-08-12,state,Pennsylvania,Pennsylvania,S-2270,111.75,5.0,ytm,4.045379794096497,4.47427293064877,defaulted,False,False
1833-08-17,state,Pennsylvania,Pennsylvania,S-2240,109.5,5.0,ytm,3.5436743545720804,4.5662100456621,defaulted,False,False
1833-08-17,state,Pennsylvania,Pennsylvania,S-2250,110.75,5.0,ytm,3.920587556031451,4.514672686230249,defaulted,False,False
1833-08-17,state,Pennsylvania,Pennsylvania,S-2270,111.75,5.0,ytm,4.04481369278986,4.47427293064877,defaulted,False,False
1833-08-26,state,Pennsylvania,Pennsylvania,S-2240,109.5,5.0,ytm,3.539552805962587,4.5662100456621,defaulted,False,False
1833-08-26,state,Pennsylvania,Pennsylvania,S-2250,110.75,5.0,ytm,3.9189428346104274,4.514672686230249,defaulted,False,False
1833-08-26,state,Pennsylvania,Pennsylvania,S-2270,111.75,5.0,ytm,4.043792321664818,4.47427293064877,defaulted,False,False
1833-09-02,state,Pennsylvania,Pennsylvania,S-2240,109.5,5.0,ytm,3.5363280045486873,4.5662100456621,defaulted,False,False
1833-09-02,state,Pennsylvania,Pennsylvania,S-2250,110.75,5.0,ytm,3.9176590625125103,4.514672686230249,defaulted,False,False
1833-09-02,state,Pennsylvania,Pennsylvania,S-2270,111.75,5.0,ytm,4.0429957910716885,4.47427293064877,defaulted,False,False
1833-09-09,state,Pennsylvania,Pennsylvania,S-2240,109.5,5.0,ytm,3.533086300394318,4.5662100456621,defaulted,False,False
1833-09-09,state,Pennsylvania,Pennsylvania,S-2250,110.75,5.0,ytm,3.91637129379254,4.514672686230249,defaulted,False,False
1833-09-09,state,Pennsylvania,Pennsylvania,S-2270,111.75,5.0,ytm,4.042197388805464,4.47427293064877,defaulted,False,False
1833-09-17,state,Pennsylvania,Pennsylvania,S-2240,109.5,5.0,ytm,3.529360627425957,4.5662100456621,defaulted,False,False
1833-09-17,state,Pennsylvania,Pennsylvania,S-2250,110.75,5.0,ytm,3.914894640305669,4.514672686230249,defaulted,False,False
1833-09-17,state,Pennsylvania,Pennsylvania,S-2270,111.75,5.0,ytm,4.04128262875398,4.47427293064877,defaulted,False,False
1833-09-23,state,Pennsylvania,Pennsylvania,S-2240,109.5,5.0,ytm,3.526551649490741,4.5662100456621,defaulted,False,False
1833-09-23,state,Pennsylvania,Pennsylvania,S-2250,110.0,5.0,ytm,3.985957532689631,4.545454545454546,defaulted,False,False
1833-09-23,state,Pennsylvania,Pennsylvania,S-2270,110.75,5.0,ytm,4.118081532819563,4.514672686230249,defaulted,False,False
1833-09-30,state,Pennsylvania,Pennsylvania,S-2240,109.5,5.0,ytm,3.523258432025938,4.5662100456621,defaulted,False,False
1833-09-30,state,Pennsylvania,Pennsylvania,S-2250,109.75,5.0,ytm,4.008945604207741,4.555808656036446,defaulted,False,False
1833-09-30,state,Pennsylvania,Pennsylvania,S-2270,110.0,5.0,ytm,4.1759907601241615,4.545454545454546,defaulted,False,False
1833-10-07,state,Pennsylvania,Pennsylvania,S-2240,108.0,5.0,ytm,3.7446520562298087,4.62962962962963,defaulted,False,False
1833-10-07,state,Pennsylvania,Pennsylvania,S-2250,108.5,5.0,ytm,4.129781875998418,4.6082949308755765,defaulted,False,False
1833-10-07,state,Pennsylvania,Pennsylvania,S-2270,109.0,5.0,ytm,4.254217868755901,4.587155963302752,defaulted,False,False
1833-10-14,state,Pennsylvania,Pennsylvania,S-2240,108.0,5.0,ytm,3.741829111707716,4.62962962962963,defaulted,False,False
1833-10-14,state,Pennsylvania,Pennsylvania,S-2250,108.5,5.0,ytm,4.128736455031403,4.6082949308755765,defaulted,False,False
1833-10-14,state,Pennsylvania,Pennsylvania,S-2270,109.0,5.0,ytm,4.253590940191791,4.587155963302752,defaulted,False,False
1833-10-21,state,Pennsylvania,Pennsylvania,S-2240,106.5,5.0,ytm,3.967987901751465,4.694835680751173,defaulted,False,False
1833-10-21,state,Pennsylvania,Pennsylvania,S-2250,107.0,5.0,ytm,4.276419590429253,4.672897196261682,defaulted,False,False
1833-10-21,state,Pennsylvania,Pennsylvania,S-2270,107.5,5.0,ytm,4.372968547618465,4.651162790697675,defaulted,False,False
1833-11-04,state,Pennsylvania,Pennsylvania,S-2240,104.75,5.0,ytm,4.235940392728155,4.77326968973747,defaulted,False,False
1833-11-04,state,Pennsylvania,Pennsylvania,S-2250,105.0,5.0,ytm,4.4768537079651365,4.761904761904762,defaulted,False,False
1833-11-04,state,Pennsylvania,Pennsylvania,S-2270,105.5,5.0,ytm,4.534917851262428,4.739336492890995,defaulted,False,False
1833-11-11,state,Pennsylvania,Pennsylvania,S-2240,104.75,5.0,ytm,4.234200955826722,4.77326968973747,defaulted,False,False
1833-11-11,state,Pennsylvania,Pennsylvania,S-2250,105.0,5.0,ytm,4.476220337304862,4.761904761904762,defaulted,False,False
1833-11-11,state,Pennsylvania,Pennsylvania,S-2270,107.0,5.0,ytm,4.41186955292498,4.672897196261682,defaulted,False,False
1833-11-18,state,Pennsylvania,Pennsylvania,S-2240,103.0,5.0,ytm,4.5110539144663955,4.854368932038835,defaulted,False,False
1833-11-18,state,Pennsylvania,Pennsylvania,S-2250,105.0,5.0,ytm,4.475584963665312,4.761904761904762,defaulted,False,False
1833-11-18,state,Pennsylvania,Pennsylvania,S-2270,107.0,5.0,ytm,4.4113713636841,4.672897196261682,defaulted,False,False
1833-11-25,state,Pennsylvania,Pennsylvania,S-2240,101.0,5.0,ytm,4.835019198533163,4.9504950495049505,defaulted,False,False
1833-11-25,state,Pennsylvania,Pennsylvania,S-2250,105.0,5.0,ytm,4.474947577530075,4.761904761904762,defaulted,False,False
1833-11-25,state,Pennsylvania,Pennsylvania,S-2270,107.0,5.0,ytm,4.410871988480056,4.672897196261682,defaulted,False,False
1833-11-30,state,Pennsylvania,Pennsylvania,S-2240,101.25,5.0,ytm,4.793692377449745,4.938271604938271,defaulted,False,False
1833-11-30,state,Pennsylvania,Pennsylvania,S-2250,105.0,5.0,ytm,4.4744910642764415,4.761904761904762,defaulted,False,False
1833-11-30,state,Pennsylvania,Pennsylvania,S-2270,106.0,5.0,ytm,4.492273986001969,4.716981132075472,defaulted,False,False
1833-12-07,state,Pennsylvania,Pennsylvania,S-2240,101.25,5.0,ytm,4.793217256592463,4.938271604938271,defaulted,False,False
1833-12-07,state,Pennsylvania,Pennsylvania,S-2250,105.0,5.0,ytm,4.473850205834181,4.761904761904762,defaulted,False,False
1833-12-07,state,Pennsylvania,Pennsylvania,S-2270,106.0,5.0,ytm,4.491842112663708,4.716981132075472,defaulted,False,False
1833-12-14,state,Pennsylvania,Pennsylvania,S-2240,101.0,5.0,ytm,4.8339854127421145,4.9504950495049505,defaulted,False,False
1833-12-14,state,Pennsylvania,Pennsylvania,S-2250,104.0,5.0,ytm,4.576499993317027,4.807692307692308,defaulted,False,False
1833-12-14,state,Pennsylvania,Pennsylvania,S-2270,106.0,5.0,ytm,4.491409207898163,4.716981132075472,defaulted,False,False
1833-12-21,state,Pennsylvania,Pennsylvania,S-2240,101.5,5.0,ytm,4.751020384499432,4.926108374384237,defaulted,False,False
1833-12-21,state,Pennsylvania,Pennsylvania,S-2250,103.5,5.0,ytm,4.628072231622528,4.830917874396135,defaulted,False,False
1833-12-21,state,Pennsylvania,Pennsylvania,S-2270,104.0,5.0,ytm,4.657323219637983,4.807692307692308,defaulted,False,False
1835-01-17,state,Pennsylvania,Pennsylvania,S-2240,103.25,5.0,ytm,4.383247187251285,4.842615012106537,defaulted,False,False
1835-01-17,state,Pennsylvania,Pennsylvania,S-2250,105.0,5.0,ytm,4.43284455333309,4.761904761904762,defaulted,False,False
1835-01-17,state,Pennsylvania,Pennsylvania,S-2270,106.5,5.0,ytm,4.421711722133357,4.694835680751173,defaulted,False,False
1835-01-24,state,Pennsylvania,Pennsylvania,S-2240,102.5,5.0,ytm,4.522480064204362,4.878048780487805,defaulted,False,False
1835-01-24,state,Pennsylvania,Pennsylvania,S-2250,104.0,5.0,ytm,4.5434243785123565,4.807692307692308,defaulted,False,False
1835-01-24,state,Pennsylvania,Pennsylvania,S-2270,105.0,5.0,ytm,4.551489521493455,4.761904761904762,defaulted,False,False
1835-01-31,state,Pennsylvania,Pennsylvania,S-2240,102.5,5.0,ytm,4.521133838124278,4.878048780487805,defaulted,False,False
1835-01-31,state,Pennsylvania,Pennsylvania,S-2250,104.0,5.0,ytm,4.542795051822133,4.807692307692308,defaulted,False,False
1835-01-31,state,Pennsylvania,Pennsylvania,S-2270,105.0,5.0,ytm,4.551070010608346,4.761904761904762,defaulted,False,False
1835-02-07,state,Pennsylvania,Pennsylvania,S-2240,103.0,5.0,ytm,4.425154012320985,4.854368932038835,defaulted,False,False
1835-02-07,state,Pennsylvania,Pennsylvania,S-2250,104.25,5.0,ytm,4.514144143063886,4.796163069544365,defaulted,False,False
1835-02-07,state,Pennsylvania,Pennsylvania,S-2270,106.0,5.0,ytm,4.463396880786974,4.716981132075472,defaulted,False,False
1835-02-14,state,Pennsylvania,Pennsylvania,S-2240,103.0,5.0,ytm,4.423521479483722,4.854368932038835,defaulted,False,False
1835-02-14,state,Pennsylvania,Pennsylvania,S-2250,104.25,5.0,ytm,4.513471592277589,4.796163069544365,defaulted,False,False
1835-02-14,state,Pennsylvania,Pennsylvania,S-2270,106.5,5.0,ytm,4.419543315119696,4.694835680751173,defaulted,False,False
1835-02-21,state,Pennsylvania,Pennsylvania,S-2240,103.0,5.0,ytm,4.421878271513473,4.854368932038835,defaulted,False,False
1835-02-21,state,Pennsylvania,Pennsylvania,S-2250,104.5,5.0,ytm,4.484768287023198,4.784688995215311,defaulted,False,False
1835-02-21,state,Pennsylvania,Pennsylvania,S-2270,106.5,5.0,ytm,4.418997717868607,4.694835680751173,defaulted,False,False
1835-02-28,state,Pennsylvania,Pennsylvania,S-2240,103.0,5.0,ytm,4.420224283359726,4.854368932038835,defaulted,False,False
1835-02-28,state,Pennsylvania,Pennsylvania,S-2250,106.0,5.0,ytm,4.317078552515445,4.716981132075472,defaulted,False,False
1835-02-28,state,Pennsylvania,Pennsylvania,S-2270,107.5,5.0,ytm,4.332215413952434,4.651162790697675,defaulted,False,False
1835-03-07,state,Pennsylvania,Pennsylvania,S-2240,104.0,5.0,ytm,4.228546143422108,4.807692307692308,defaulted,False,False
1835-03-07,state,Pennsylvania,Pennsylvania,S-2250,105.25,5.0,ytm,4.399424664903974,4.750593824228028,defaulted,False,False
1835-03-07,state,Pennsylvania,Pennsylvania,S-2270,107.5,5.0,ytm,4.3315856703504085,4.651162790697675,defaulted,False,False
1835-03-14,state,Pennsylvania,Pennsylvania,S-2240,104.0,5.0,ytm,4.226322604513504,4.807692307692308,defaulted,False,False
1835-03-14,state,Pennsylvania,Pennsylvania,S-2250,105.25,5.0,ytm,4.398586150547619,4.750593824228028,defaulted,False,False
1835-03-14,state,Pennsylvania,Pennsylvania,S-2270,107.5,5.0,ytm,4.330954296193466,4.651162790697675,defaulted,False,False
1835-03-21,state,Pennsylvania,Pennsylvania,S-2240,104.0,5.0,ytm,4.224084333212699,4.807692307692308,defaulted,False,False
1835-03-21,state,Pennsylvania,Pennsylvania,S-2250,105.25,5.0,ytm,4.397744655942218,4.750593824228028,defaulted,False,False
1835-03-21,state,Pennsylvania,Pennsylvania,S-2270,107.0,5.0,ytm,4.3734567901234565,4.672897196261682,defaulted,False,False
1835-04-04,state,Pennsylvania,Pennsylvania,S-2240,104.0,5.0,ytm,4.219563003858046,4.807692307692308,defaulted,False,False
1835-04-04,state,Pennsylvania,Pennsylvania,S-2250,105.25,5.0,ytm,4.396052662203155,4.750593824228028,defaulted,False,False
1835-04-04,state,Pennsylvania,Pennsylvania,S-2270,107.0,5.0,ytm,4.372267697071133,4.672897196261682,defaulted,False,False
1835-04-11,state,Pennsylvania,Pennsylvania,S-2240,104.0,5.0,ytm,4.217279646084054,4.807692307692308,defaulted,False,False
1835-04-11,state,Pennsylvania,Pennsylvania,S-2250,105.25,5.0,ytm,4.395202130894046,4.750593824228028,defaulted,False,False
1835-04-11,state,Pennsylvania,Pennsylvania,S-2270,107.0,5.0,ytm,4.3716708293928885,4.672897196261682,defaulted,False,False
1835-04-18,state,Pennsylvania,Pennsylvania,S-2240,104.5,5.0,ytm,4.11901285817312,4.784688995215311,defaulted,False,False
1835-04-18,state,Pennsylvania,Pennsylvania,S-2250,106.5,5.0,ytm,4.254684898804699,4.694835680751173,defaulted,False,False
1835-04-18,state,Pennsylvania,Pennsylvania,S-2270,107.5,5.0,ytm,4.327772743991603,4.651162790697675,defaulted,False,False
1835-04-25,state,Pennsylvania,Pennsylvania,S-2240,106.0,5.0,ytm,3.830466187615052,4.716981132075472,defaulted,False,False
1835-04-25,state,Pennsylvania,Pennsylvania,S-2250,107.0,5.0,ytm,4.198159202502573,4.672897196261682,defaulted,False,False
1835-04-25,state,Pennsylvania,Pennsylvania,S-2270,107.5,5.0,ytm,4.327131452183384,4.651162790697675,defaulted,False,False
1835-05-02,state,Pennsylvania,Pennsylvania,S-2240,106.0,5.0,ytm,3.827005386450896,4.716981132075472,defaulted,False,False
1835-05-02,state,Pennsylvania,Pennsylvania,S-2250,107.0,5.0,ytm,4.197022607505588,4.672897196261682,defaulted,False,False
1835-05-02,state,Pennsylvania,Pennsylvania,S-2270,109.0,5.0,ytm,4.19758675932425,4.587155963302752,defaulted,False,False
1835-05-09,state,Pennsylvania,Pennsylvania,S-2240,106.0,5.0,ytm,3.8235211108602383,4.716981132075472,defaulted,False,False
1835-05-09,state,Pennsylvania,Pennsylvania,S-2250,107.0,5.0,ytm,4.195881921935348,4.672897196261682,defaulted,False,False
1835-05-09,state,Pennsylvania,Pennsylvania,S-2270,109.0,5.0,ytm,4.196818731731044,4.587155963302752,defaulted,False,False
1835-05-16,state,Pennsylvania,Pennsylvania,S-2240,104.5,5.0,ytm,4.108518470533559,4.784688995215311,defaulted,False,False
1835-05-16,state,Pennsylvania,Pennsylvania,S-2250,106.0,5.0,ytm,4.3064240690688065,4.716981132075472,defaulted,False,False
1835-05-16,state,Pennsylvania,Pennsylvania,S-2270,107.5,5.0,ytm,4.325197496573119,4.651162790697675,defaulted,False,False
1835-05-23,state,Pennsylvania,Pennsylvania,S-2240,104.5,5.0,ytm,4.105850080505695,4.784688995215311,defaulted,False,False
1835-05-23,state,Pennsylvania,Pennsylvania,S-2250,106.0,5.0,ytm,4.305434488562927,4.716981132075472,defaulted,False,False
1835-05-23,state,Pennsylvania,Pennsylvania,S-2270,107.5,5.0,ytm,4.324549462605905,4.651162790697675,defaulted,False,False
1835-05-30,state,Pennsylvania,Pennsylvania,S-2240,105.0,5.0,ytm,4.005945345797071,4.761904761904762,defaulted,False,False
1835-05-30,state,Pennsylvania,Pennsylvania,S-2250,106.0,5.0,ytm,4.304441327253976,4.716981132075472,defaulted,False,False
1835-05-30,state,Pennsylvania,Pennsylvania,S-2270,110.0,5.0,ytm,4.109264719020817,4.545454545454546,defaulted,False,False
1835-06-06,state,Pennsylvania,Pennsylvania,S-2240,105.0,5.0,ytm,4.00294695481336,4.761904761904762,defaulted,False,False
1835-06-06,state,Pennsylvania,Pennsylvania,S-2250,106.0,5.0,ytm,4.303444565670989,4.716981132075472,defaulted,False,False
1835-06-06,state,Pennsylvania,Pennsylvania,S-2270,110.0,5.0,ytm,4.108406466099496,4.545454545454546,defaulted,False,False
1835-06-13,state,Pennsylvania,Pennsylvania,S-2240,105.0,5.0,ytm,3.999927875079638,4.761904761904762,defaulted,False,False
1835-06-13,state,Pennsylvania,Pennsylvania,S-2250,106.0,5.0,ytm,4.30244418420158,4.716981132075472,defaulted,False,False
1835-06-13,state,Pennsylvania,Pennsylvania,S-2270,110.0,5.0,ytm,4.1075459529184135,4.545454545454546,defaulted,False,False
1835-06-20,state,Pennsylvania,Pennsylvania,S-2240,105.0,5.0,ytm,3.9968878917275825,4.761904761904762,defaulted,False,False
1835-06-20,state,Pennsylvania,Pennsylvania,S-2250,106.0,5.0,ytm,4.301440163090649,4.716981132075472,defaulted,False,False
1835-06-20,state,Pennsylvania,Pennsylvania,S-2270,110.0,5.0,ytm,4.1066831705370035,4.545454545454546,defaulted,False,False
1835-06-27,state,Pennsylvania,Pennsylvania,S-2240,105.0,5.0,ytm,3.993826786903104,4.761904761904762,defaulted,False,False
1835-06-27,state,Pennsylvania,Pennsylvania,S-2250,106.0,5.0,ytm,4.300432482439089,4.716981132075472,defaulted,False,False
1835-06-27,state,Pennsylvania,Pennsylvania,S-2270,110.0,5.0,ytm,4.105818109967487,4.545454545454546,defaulted,False,False
1835-07-04,state,Pennsylvania,Pennsylvania,S-2240,105.0,5.0,ytm,3.990744339714314,4.761904761904762,defaulted,False,False
1835-07-04,state,Pennsylvania,Pennsylvania,S-2250,107.0,5.0,ytm,4.186606488096587,4.672897196261682,defaulted,False,False
1835-07-04,state,Pennsylvania,Pennsylvania,S-2270,110.0,5.0,ytm,4.104950762174558,4.545454545454546,defaulted,False,False
1835-07-11,state,Pennsylvania,Pennsylvania,S-2240,105.0,5.0,ytm,3.987640326178374,4.761904761904762,defaulted,False,False
1835-07-11,state,Pennsylvania,Pennsylvania,S-2250,107.0,5.0,ytm,4.185427972365181,4.672897196261682,defaulted,False,False
1835-07-11,state,Pennsylvania,Pennsylvania,S-2270,110.0,5.0,ytm,4.104081118075067,4.545454545454546,defaulted,False,False
1835-07-18,state,Pennsylvania,Pennsylvania,S-2240,105.0,5.0,ytm,3.984514519167258,4.761904761904762,defaulted,False,False
1835-07-18,state,Pennsylvania,Pennsylvania,S-2250,107.0,5.0,ytm,4.1842451374661715,4.672897196261682,defaulted,False,False
1835-07-18,state,Pennsylvania,Pennsylvania,S-2270,109.0,5.0,ytm,4.189026472983857,4.587155963302752,defaulted,False,False
1835-07-25,state,Pennsylvania,Pennsylvania,S-2240,105.0,5.0,ytm,3.981366688352338,4.761904761904762,defaulted,False,False
1835-07-25,state,Pennsylvania,Pennsylvania,S-2250,107.0,5.0,ytm,4.183057959611854,4.672897196261682,defaulted,False,False
1835-07-25,state,Pennsylvania,Pennsylvania,S-2270,109.0,5.0,ytm,4.188235870470467,4.587155963302752,defaulted,False,False
1835-08-01,state,Pennsylvania,Pennsylvania,S-2240,102.0,5.0,ytm,4.585208520852085,4.901960784313726,defaulted,False,False
1835-08-01,state,Pennsylvania,Pennsylvania,S-2250,103.0,5.0,ytm,4.64246238115084,4.854368932038835,defaulted,False,False
1835-08-01,state,Pennsylvania,Pennsylvania,S-2270,105.0,5.0,ytm,4.539771332780728,4.761904761904762,defaulted,False,False
1835-08-08,state,Pennsylvania,Pennsylvania,S-2240,102.0,5.0,ytm,4.583912522017534,4.901960784313726,defaulted,False,False
1835-08-08,state,Pennsylvania,Pennsylvania,S-2250,103.0,5.0,ytm,4.641939737836117,4.854368932038835,defaulted,False,False
1835-08-08,state,Pennsylvania,Pennsylvania,S-2270,107.0,5.0,ytm,4.3612810198196215,4.672897196261682,defaulted,False,False
1835-08-15,state,Pennsylvania,Pennsylvania,S-2240,102.0,5.0,ytm,4.582607294300132,4.901960784313726,defaulted,False,False
1835-08-15,state,Pennsylvania,Pennsylvania,S-2250,103.0,5.0,ytm,4.641415164931097,4.854368932038835,defaulted,False,False
1835-08-15,state,Pennsylvania,Pennsylvania,S-2270,107.0,5.0,ytm,4.3606551949610575,4.672897196261682,defaulted,False,False
1835-08-22,state,Pennsylvania,Pennsylvania,S-2240,102.0,5.0,ytm,4.581292738768517,4.901960784313726,defaulted,False,False
1835-08-22,state,Pennsylvania,Pennsylvania,S-2250,103.0,5.0,ytm,4.640888651729995,4.854368932038835,defaulted,False,False
1835-08-22,state,Pennsylvania,Pennsylvania,S-2270,107.0,5.0,ytm,4.360027699963717,4.672897196261682,defaulted,False,False
1835-08-29,state,Pennsylvania,Pennsylvania,S-2240,102.0,5.0,ytm,4.579968755072229,4.901960784313726,defaulted,False,False
1835-08-29,state,Pennsylvania,Pennsylvania,S-2250,103.0,5.0,ytm,4.640360187447682,4.854368932038835,defaulted,False,False
1835-08-29,state,Pennsylvania,Pennsylvania,S-2270,107.0,5.0,ytm,4.359398528133019,4.672897196261682,defaulted,False,False
1835-09-05,state,Pennsylvania,Pennsylvania,S-2240,102.0,5.0,ytm,4.578635241416172,4.901960784313726,defaulted,False,False
1835-09-05,state,Pennsylvania,Pennsylvania,S-2250,103.0,5.0,ytm,4.639829761218948,4.854368932038835,defaulted,False,False
1835-09-05,state,Pennsylvania,Pennsylvania,S-2270,106.0,5.0,ytm,4.447704195243609,4.716981132075472,defaulted,False,False
1835-09-12,state,Pennsylvania,Pennsylvania,S-2240,102.0,5.0,ytm,4.577292094534531,4.901960784313726,defaulted,False,False
1835-09-12,state,Pennsylvania,Pennsylvania,S-2250,103.0,5.0,ytm,4.639297362097758,4.854368932038835,defaulted,False,False
1835-09-12,state,Pennsylvania,Pennsylvania,S-2270,106.0,5.0,ytm,4.4471593812421615,4.716981132075472,defaulted,False,False
1835-09-19,state,Pennsylvania,Pennsylvania,S-2240,102.0,5.0,ytm,4.575939209664105,4.901960784313726,defaulted,False,False
1835-09-19,state,Pennsylvania,Pennsylvania,S-2250,103.0,5.0,ytm,4.6387629790565,4.854368932038835,defaulted,False,False
1835-09-19,state,Pennsylvania,Pennsylvania,S-2270,106.0,5.0,ytm,4.446613105493679,4.716981132075472,defaulted,False,False
1835-09-26,state,Pennsylvania,Pennsylvania,S-2240,102.0,5.0,ytm,4.5745764805170746,4.901960784313726,defaulted,False,False
1835-09-26,state,Pennsylvania,Pennsylvania,S-2250,103.0,5.0,ytm,4.638226600985221,4.854368932038835,defaulted,False,False
1835-09-26,state,Pennsylvania,Pennsylvania,S-2270,106.0,5.0,ytm,4.446065362107416,4.716981132075472,defaulted,False,False
1835-10-03,state,Pennsylvania,Pennsylvania,S-2240,101.0,5.0,ytm,4.785540217535172,4.9504950495049505,defaulted,False,False
1835-10-03,state,Pennsylvania,Pennsylvania,S-2250,101.5,5.0,ytm,4.817495553320707,4.926108374384237,defaulted,False,False
1835-10-03,state,Pennsylvania,Pennsylvania,S-2270,106.0,5.0,ytm,4.445516145160929,4.716981132075472,defaulted,False,False
1835-10-10,state,Pennsylvania,Pennsylvania,S-2240,101.0,5.0,ytm,4.784845406475475,4.9504950495049505,defaulted,False,False
1835-10-10,state,Pennsylvania,Pennsylvania,S-2250,101.5,5.0,ytm,4.817223341002439,4.926108374384237,defaulted,False,False
1835-10-10,state,Pennsylvania,Pennsylvania,S-2270,103.0,5.0,ytm,4.718381483823085,4.854368932038835,defaulted,False,False
1835-10-17,state,Pennsylvania,Pennsylvania,S-2240,102.0,5.0,ytm,4.570428141080003,4.901960784313726,defaulted,False,False
1835-10-17,state,Pennsylvania,Pennsylvania,S-2250,103.0,5.0,ytm,4.636605384240417,4.854368932038835,defaulted,False,False
1835-10-17,state,Pennsylvania,Pennsylvania,S-2270,104.0,5.0,ytm,4.625977558653519,4.807692307692308,defaulted,False,False
1835-10-24,state,Pennsylvania,Pennsylvania,S-2240,102.0,5.0,ytm,4.569024940468731,4.901960784313726,defaulted,False,False
1835-10-24,state,Pennsylvania,Pennsylvania,S-2250,103.5,5.0,ytm,4.576447631256874,4.830917874396135,defaulted,False,False
1835-10-24,state,Pennsylvania,Pennsylvania,S-2270,104.0,5.0,ytm,4.6256048242179375,4.807692307692308,defaulted,False,False
1835-10-31,state,Pennsylvania,Pennsylvania,S-2240,102.5,5.0,ytm,4.46084870824592,4.878048780487805,defaulted,False,False
1835-10-31,state,Pennsylvania,Pennsylvania,S-2250,104.0,5.0,ytm,4.516401446177394,4.807692307692308,defaulted,False,False
1835-10-31,state,Pennsylvania,Pennsylvania,S-2270,104.5,5.0,ytm,4.579415810417084,4.784688995215311,defaulted,False,False
1835-11-07,state,Pennsylvania,Pennsylvania,S-2240,102.5,5.0,ytm,4.459072958895843,4.878048780487805,defaulted,False,False
1835-11-07,state,Pennsylvania,Pennsylvania,S-2250,104.0,5.0,ytm,4.515673583349197,4.807692307692308,defaulted,False,False
1835-11-07,state,Pennsylvania,Pennsylvania,S-2270,104.5,5.0,ytm,4.57899524199419,4.784688995215311,defaulted,False,False
1835-11-14,state,Pennsylvania,Pennsylvania,S-2240,102.5,5.0,ytm,4.457283950617284,4.878048780487805,defaulted,False,False
1835-11-14,state,Pennsylvania,Pennsylvania,S-2250,104.0,5.0,ytm,4.514942967189578,4.807692307692308,defaulted,False,False
1835-11-14,state,Pennsylvania,Pennsylvania,S-2270,104.5,5.0,ytm,4.5785735329362875,4.784688995215311,defaulted,False,False
1835-11-21,state,Pennsylvania,Pennsylvania,S-2240,102.0,5.0,ytm,4.563306973095597,4.901960784313726,defaulted,False,False
1835-11-21,state,Pennsylvania,Pennsylvania,S-2250,104.0,5.0,ytm,4.514209582046138,4.807692307692308,defaulted,False,False
1835-11-21,state,Pennsylvania,Pennsylvania,S-2270,104.5,5.0,ytm,4.578150678596753,4.784688995215311,defaulted,False,False
1835-11-28,state,Pennsylvania,Pennsylvania,S-2240,102.0,5.0,ytm,4.561850596666329,4.901960784313726,defaulted,False,False
1835-11-28,state,Pennsylvania,Pennsylvania,S-2250,104.0,5.0,ytm,4.51347341214761,4.807692307692308,defaulted,False,False
1835-11-28,state,Pennsylvania,Pennsylvania,S-2270,104.5,5.0,ytm,4.577726674303691,4.784688995215311,defaulted,False,False
1835-12-05,state,Pennsylvania,Pennsylvania,S-2240,102.0,5.0,ytm,4.560383222788298,4.901960784313726,defaulted,False,False
1835-12-05,state,Pennsylvania,Pennsylvania,S-2250,104.0,5.0,ytm,4.512734441602728,4.807692307692308,defaulted,False,False
1835-12-05,state,Pennsylvania,Pennsylvania,S-2270,104.5,5.0,ytm,4.577301515359764,4.784688995215311,defaulted,False,False
1835-12-12,state,Pennsylvania,Pennsylvania,S-2240,101.5,5.0,ytm,4.668357647905999,4.926108374384237,defaulted,False,False
1835-12-12,state,Pennsylvania,Pennsylvania,S-2250,103.0,5.0,ytm,4.63219150799537,4.854368932038835,defaulted,False,False
1835-12-12,state,Pennsylvania,Pennsylvania,S-2270,104.0,5.0,ytm,4.622967223508024,4.807692307692308,defaulted,False,False
1835-12-26,state,Pennsylvania,Pennsylvania,S-2240,101.5,5.0,ytm,4.6661089293474065,4.926108374384237,defaulted,False,False
1835-12-26,state,Pennsylvania,Pennsylvania,S-2250,103.0,5.0,ytm,4.6310669285667165,4.854368932038835,defaulted,False,False
1835-12-26,state,Pennsylvania,Pennsylvania,S-2270,104.0,5.0,ytm,4.622204350490197,4.807692307692308,defaulted,False,False
1836-01-16,state,Pennsylvania,Pennsylvania,S-2240,101.5,5.0,ytm,4.662670698240021,4.926108374384237,defaulted,False,False
1836-01-16,state,Pennsylvania,Pennsylvania,S-2250,103.0,5.0,ytm,4.6293638306112,4.854368932038835,defaulted,False,False
1836-01-16,state,Pennsylvania,Pennsylvania,S-2270,104.0,5.0,ytm,4.621052186318733,4.807692307692308,defaulted,False,False
1836-01-23,state,Pennsylvania,Pennsylvania,S-2240,100.0,5.0,ytm,5.0,5.0,defaulted,False,False
1836-01-23,state,Pennsylvania,Pennsylvania,S-2250,101.0,5.0,ytm,4.8750327130527475,4.9504950495049505,defaulted,False,False
1836-01-23,state,Pennsylvania,Pennsylvania,S-2270,101.0,5.0,ytm,4.903751079637163,4.9504950495049505,defaulted,False,False
1836-01-30,state,Pennsylvania,Pennsylvania,S-2240,100.0,5.0,ytm,5.0,5.0,defaulted,False,False
1836-01-30,state,Pennsylvania,Pennsylvania,S-2250,101.0,5.0,ytm,4.874839379262627,4.9504950495049505,defaulted,False,False
1836-01-30,state,Pennsylvania,Pennsylvania,S-2270,103.0,5.0,ytm,4.713806181612101,4.854368932038835,defaulted,False,False
1836-02-06,state,Pennsylvania,Pennsylvania,S-2240,100.0,5.0,ytm,5.0,5.0,defaulted,False,False
1836-02-06,state,Pennsylvania,Pennsylvania,S-2250,101.0,5.0,ytm,4.874645297152611,4.9504950495049505,defaulted,False,False
1836-02-06,state,Pennsylvania,Pennsylvania,S-2270,103.0,5.0,ytm,4.7135135240009545,4.854368932038835,defaulted,False,False
1836-02-13,state,Pennsylvania,Pennsylvania,S-2240,100.0,5.0,ytm,5.0,5.0,defaulted,False,False
1836-02-13,state,Pennsylvania,Pennsylvania,S-2250,101.0,5.0,ytm,4.874450462369592,4.9504950495049505,defaulted,False,False
1836-02-13,state,Pennsylvania,Pennsylvania,S-2270,103.0,5.0,ytm,4.713220058421644,4.854368932038835,defaulted,False,False
1836-02-20,state,Pennsylvania,Pennsylvania,S-2240,101.5,5.0,ytm,4.656759726921472,4.926108374384237,defaulted,False,False
1836-02-20,state,Pennsylvania,Pennsylvania,S-2250,102.5,5.0,ytm,4.687965789825351,4.878048780487805,defaulted,False,False
1836-02-20,state,Pennsylvania,Pennsylvania,S-2270,104.0,5.0,ytm,4.619110677446334,4.807692307692308,defaulted,False,False
1836-02-27,state,Pennsylvania,Pennsylvania,S-2240,102.0,5.0,ytm,4.541869441181406,4.901960784313726,defaulted,False,False
1836-02-27,state,Pennsylvania,Pennsylvania,S-2250,103.0,5.0,ytm,4.625897959966466,4.854368932038835,defaulted,False,False
1836-02-27,state,Pennsylvania,Pennsylvania,S-2270,105.0,5.0,ytm,4.5257238216044415,4.761904761904762,defaulted,False,False
1836-03-05,state,Pennsylvania,Pennsylvania,S-2240,102.0,5.0,ytm,4.54024699123344,4.901960784313726,defaulted,False,False
1836-03-05,state,Pennsylvania,Pennsylvania,S-2250,103.0,5.0,ytm,4.6253124283696625,4.854368932038835,defaulted,False,False
1836-03-05,state,Pennsylvania,Pennsylvania,S-2270,105.0,5.0,ytm,4.525235450374306,4.761904761904762,defaulted,False,False
1836-03-12,state,Pennsylvania,Pennsylvania,S-2240,102.0,5.0,ytm,4.538611606035319,4.901960784313726,defaulted,False,False
1836-03-12,state,Pennsylvania,Pennsylvania,S-2250,103.0,5.0,ytm,4.62472460826299,4.854368932038835,defaulted,False,False
1836-03-12,state,Pennsylvania,Pennsylvania,S-2270,105.0,5.0,ytm,4.524745723364432,4.761904761904762,defaulted,False,False
1836-03-19,state,Pennsylvania,Pennsylvania,S-2240,102.0,5.0,ytm,4.536963130275291,4.901960784313726,defaulted,False,False
1836-03-19,state,Pennsylvania,Pennsylvania,S-2250,103.0,5.0,ytm,4.6241344862034515,4.854368932038835,defaulted,False,False
1836-03-19,state,Pennsylvania,Pennsylvania,S-2270,104.5,5.0,ytm,4.570782298987631,4.784688995215311,defaulted,False,False
1836-03-26,state,Pennsylvania,Pennsylvania,S-2240,102.0,5.0,ytm,4.535301406145207,4.901960784313726,defaulted,False,False
1836-03-26,state,Pennsylvania,Pennsylvania,S-2250,103.0,5.0,ytm,4.623542048642559,4.854368932038835,defaulted,False,False
1836-03-26,state,Pennsylvania,Pennsylvania,S-2270,104.5,5.0,ytm,4.570338005339204,4.784688995215311,defaulted,False,False
1836-04-02,state,Pennsylvania,Pennsylvania,S-2240,102.0,5.0,ytm,4.533626273290153,4.901960784313726,defaulted,False,False
1836-04-02,state,Pennsylvania,Pennsylvania,S-2250,104.0,5.0,ytm,4.4997274394172155,4.807692307692308,defaulted,False,False
1836-04-02,state,Pennsylvania,Pennsylvania,S-2270,106.0,5.0,ytm,4.430699098722901,4.716981132075472,defaulted,False,False
1836-04-09,state,Pennsylvania,Pennsylvania,S-2240,102.0,5.0,ytm,4.531937568756876,4.901960784313726,defaulted,False,False
1836-04-09,state,Pennsylvania,Pennsylvania,S-2250,104.0,5.0,ytm,4.498935195912918,4.807692307692308,defaulted,False,False
1836-04-09,state,Pennsylvania,Pennsylvania,S-2270,106.0,5.0,ytm,4.430107735047286,4.716981132075472,defaulted,False,False
1836-04-16,state,Pennsylvania,Pennsylvania,S-2240,102.0,5.0,ytm,4.5302351269409336,4.901960784313726,defaulted,False,False
1836-04-16,state,Pennsylvania,Pennsylvania,S-2250,104.0,5.0,ytm,4.498139825425518,4.807692307692308,defaulted,False,False
1836-04-16,state,Pennsylvania,Pennsylvania,S-2270,106.0,5.0,ytm,4.4295147181984555,4.716981132075472,defaulted,False,False
1836-04-23,state,Pennsylvania,Pennsylvania,S-2240,102.0,5.0,ytm,4.528518779532562,4.901960784313726,defaulted,False,False
1836-04-23,state,Pennsylvania,Pennsylvania,S-2250,103.0,5.0,ytm,4.621148868664942,4.854368932038835,defaulted,False,False
1836-04-23,state,Pennsylvania,Pennsylvania,S-2270,103.0,5.0,ytm,4.710240217966259,4.854368932038835,defaulted,False,False
1836-04-30,state,Pennsylvania,Pennsylvania,S-2240,102.0,5.0,ytm,4.526788355461204,4.901960784313726,defaulted,False,False
1836-04-30,state,Pennsylvania,Pennsylvania,S-2250,102.0,5.0,ytm,4.745777436503911,4.901960784313726,defaulted,False,False
1836-04-30,state,Pennsylvania,Pennsylvania,S-2270,102.5,5.0,ytm,4.757684530078069,4.878048780487805,defaulted,False,False
1836-05-07,state,Pennsylvania,Pennsylvania,S-2240,102.0,5.0,ytm,4.525043680838673,4.901960784313726,defaulted,False,False
1836-05-07,state,Pennsylvania,Pennsylvania,S-2250,102.0,5.0,ytm,4.745371020369195,4.901960784313726,defaulted,False,False
1836-05-07,state,Pennsylvania,Pennsylvania,S-2270,102.5,5.0,ytm,4.75743104912278,4.878048780487805,defaulted,False,False
1836-05-14,state,Pennsylvania,Pennsylvania,S-2240,101.5,5.0,ytm,4.6415762466674195,4.926108374384237,defaulted,False,False
1836-05-14,state,Pennsylvania,Pennsylvania,S-2250,102.0,5.0,ytm,4.744962987347328,4.901960784313726,defaulted,False,False
1836-05-14,state,Pennsylvania,Pennsylvania,S-2270,102.5,5.0,ytm,4.75717685557043,4.878048780487805,defaulted,False,False
1836-05-21,state,Pennsylvania,Pennsylvania,S-2240,101.5,5.0,ytm,4.640242664005722,4.926108374384237,defaulted,False,False
1836-05-21,state,Pennsylvania,Pennsylvania,S-2250,102.0,5.0,ytm,4.744553327770134,4.901960784313726,defaulted,False,False
1836-05-21,state,Pennsylvania,Pennsylvania,S-2270,102.5,5.0,ytm,4.756921946411858,4.878048780487805,defaulted,False,False
1836-05-28,state,Pennsylvania,Pennsylvania,S-2240,101.5,5.0,ytm,4.6388979615362445,4.926108374384237,defaulted,False,False
1836-05-28,state,Pennsylvania,Pennsylvania,S-2250,102.0,5.0,ytm,4.744142031892205,4.901960784313726,defaulted,False,False
1836-05-28,state,Pennsylvania,Pennsylvania,S-2270,102.5,5.0,ytm,4.756666318620943,4.878048780487805,defaulted,False,False
1836-06-04,state,Pennsylvania,Pennsylvania,S-2240,100.0,5.0,ytm,5.0,5.0,defaulted,False,False
1836-06-04,state,Pennsylvania,Pennsylvania,S-2250,101.0,5.0,ytm,4.871227055118917,4.9504950495049505,defaulted,False,False
1836-06-04,state,Pennsylvania,Pennsylvania,S-2270,102.0,5.0,ytm,4.804645618826855,4.901960784313726,defaulted,False,False
1836-06-11,state,Pennsylvania,Pennsylvania,S-2240,100.0,5.0,ytm,5.0,5.0,defaulted,False,False
1836-06-11,state,Pennsylvania,Pennsylvania,S-2250,101.0,5.0,ytm,4.871018724766314,4.9504950495049505,defaulted,False,False
1836-06-11,state,Pennsylvania,Pennsylvania,S-2270,102.0,5.0,ytm,4.804439450407076,4.901960784313726,defaulted,False,False
1836-06-18,state,Pennsylvania,Pennsylvania,S-2240,100.0,5.0,ytm,5.0,5.0,defaulted,False,False
1836-06-18,state,Pennsylvania,Pennsylvania,S-2250,101.0,5.0,ytm,4.870809557265338,4.9504950495049505,defaulted,False,False
1836-06-18,state,Pennsylvania,Pennsylvania,S-2270,102.0,5.0,ytm,4.804232698295107,4.901960784313726,defaulted,False,False
1836-06-25,state,Pennsylvania,Pennsylvania,S-2240,100.0,5.0,ytm,5.0,5.0,defaulted,False,False
1836-06-25,state,Pennsylvania,Pennsylvania,S-2250,101.0,5.0,ytm,4.870599547559871,4.9504950495049505,defaulted,False,False
1836-06-25,state,Pennsylvania,Pennsylvania,S-2270,102.0,5.0,ytm,4.804025360008661,4.901960784313726,defaulted,False,False
1836-07-02,state,Pennsylvania,Pennsylvania,S-2240,101.0,5.0,ytm,4.754058176271925,4.9504950495049505,defaulted,False,False
1836-07-02,state,Pennsylvania,Pennsylvania,S-2250,101.0,5.0,ytm,4.870388690552999,4.9504950495049505,defaulted,False,False
1836-07-02,state,Pennsylvania,Pennsylvania,S-2270,102.0,5.0,ytm,4.803817433051356,4.901960784313726,defaulted,False,False
1836-07-09,state,Pennsylvania,Pennsylvania,S-2240,101.0,5.0,ytm,4.75311287180469,4.9504950495049505,defaulted,False,False
1836-07-09,state,Pennsylvania,Pennsylvania,S-2250,101.0,5.0,ytm,4.870176981106595,4.9504950495049505,defaulted,False,False
1836-07-09,state,Pennsylvania,Pennsylvania,S-2270,102.0,5.0,ytm,4.803608914912612,4.901960784313726,defaulted,False,False
1836-07-16,state,Pennsylvania,Pennsylvania,S-2240,101.0,5.0,ytm,4.7521594481579825,4.9504950495049505,defaulted,False,False
1836-07-16,state,Pennsylvania,Pennsylvania,S-2250,101.0,5.0,ytm,4.869964414040906,4.9504950495049505,defaulted,False,False
1836-07-16,state,Pennsylvania,Pennsylvania,S-2270,102.0,5.0,ytm,4.803399803067554,4.901960784313726,defaulted,False,False
1836-07-23,state,Pennsylvania,Pennsylvania,S-2240,100.0,5.0,ytm,5.0,5.0,defaulted,False,False
1836-07-23,state,Pennsylvania,Pennsylvania,S-2250,100.0,5.0,ytm,5.0,5.0,defaulted,False,False
1836-07-23,state,Pennsylvania,Pennsylvania,S-2270,101.0,5.0,ytm,4.901105470610289,4.9504950495049505,defaulted,False,False
1836-07-30,state,Pennsylvania,Pennsylvania,S-2240,100.0,5.0,ytm,5.0,5.0,defaulted,False,False
1836-07-30,state,Pennsylvania,Pennsylvania,S-2250,100.0,5.0,ytm,5.0,5.0,defaulted,False,False
1836-07-30,state,Pennsylvania,Pennsylvania,S-2270,101.0,5.0,ytm,4.900999794013818,4.9504950495049505,defaulted,False,False
1836-08-06,state,Pennsylvania,Pennsylvania,S-2240,100.0,5.0,ytm,5.0,5.0,defaulted,False,False
1836-08-06,state,Pennsylvania,Pennsylvania,S-2250,100.75,5.0,ytm,4.901869082643145,4.962779156327544,defaulted,False,False
1836-08-06,state,Pennsylvania,Pennsylvania,S-2270,101.0,5.0,ytm,4.900893815237538,4.9504950495049505,defaulted,False,False
1836-08-13,state,Pennsylvania,Pennsylvania,S-2240,100.5,5.0,ytm,4.873817329335837,4.975124378109453,defaulted,False,False
1836-08-13,state,Pennsylvania,Pennsylvania,S-2250,101.0,5.0,ytm,4.869105464509425,4.9504950495049505,defaulted,False,False
1836-08-13,state,Pennsylvania,Pennsylvania,S-2270,102.0,5.0,ytm,4.802557367620584,4.901960784313726,defaulted,False,False
1836-08-20,state,Pennsylvania,Pennsylvania,S-2240,100.5,5.0,ytm,4.873318271718823,4.975124378109453,defaulted,False,False
1836-08-20,state,Pennsylvania,Pennsylvania,S-2250,101.0,5.0,ytm,4.868888530164146,4.9504950495049505,defaulted,False,False
1836-08-20,state,Pennsylvania,Pennsylvania,S-2270,102.0,5.0,ytm,4.802345248863273,4.901960784313726,defaulted,False,False
1836-08-27,state,Pennsylvania,Pennsylvania,S-2240,100.5,5.0,ytm,4.872814814349518,4.975124378109453,defaulted,False,False
1836-08-27,state,Pennsylvania,Pennsylvania,S-2250,101.0,5.0,ytm,4.868670706222841,4.9504950495049505,defaulted,False,False
1836-08-27,state,Pennsylvania,Pennsylvania,S-2270,102.0,5.0,ytm,4.802132520944403,4.901960784313726,defaulted,False,False
1836-09-03,state,Pennsylvania,Pennsylvania,S-2240,100.5,5.0,ytm,4.872306898787188,4.975124378109453,defaulted,False,False
1836-09-03,state,Pennsylvania,Pennsylvania,S-2250,101.0,5.0,ytm,4.868451987202233,4.9504950495049505,defaulted,False,False
1836-09-03,state,Pennsylvania,Pennsylvania,S-2270,101.0,5.0,ytm,4.900466852262925,4.9504950495049505,defaulted,False,False
1836-09-10,state,Pennsylvania,Pennsylvania,S-2240,100.5,5.0,ytm,4.871794465551496,4.975124378109453,defaulted,False,False
1836-09-10,state,Pennsylvania,Pennsylvania,S-2250,101.0,5.0,ytm,4.868232367573895,4.9504950495049505,defaulted,False,False
1836-09-10,state,Pennsylvania,Pennsylvania,S-2270,101.0,5.0,ytm,4.9003593429683505,4.9504950495049505,defaulted,False,False
1836-09-17,state,Pennsylvania,Pennsylvania,S-2240,100.5,5.0,ytm,4.8712774540992765,4.975124378109453,defaulted,False,False
1836-09-17,state,Pennsylvania,Pennsylvania,S-2250,101.0,5.0,ytm,4.868011841763772,4.9504950495049505,defaulted,False,False
1836-09-17,state,Pennsylvania,Pennsylvania,S-2270,101.0,5.0,ytm,4.900251523593405,4.9504950495049505,defaulted,False,False
1836-09-24,state,Pennsylvania,Pennsylvania,S-2240,99.5,5.0,ytm,5.1298920377867745,5.025125628140704,defaulted,False,False
1836-09-24,state,Pennsylvania,Pennsylvania,S-2250,100.0,5.0,ytm,5.0,5.0,defaulted,False,False
1836-09-24,state,Pennsylvania,Pennsylvania,S-2270,100.0,5.0,ytm,5.0,5.0,defaulted,False,False
1836-10-01,state,Pennsylvania,Pennsylvania,S-2240,99.5,5.0,ytm,5.13042103003807,5.025125628140704,defaulted,False,False
1836-10-01,state,Pennsylvania,Pennsylvania,S-2250,99.5,5.0,ytm,5.066713839941672,5.025125628140704,defaulted,False,False
1836-10-01,state,Pennsylvania,Pennsylvania,S-2270,100.0,5.0,ytm,5.0,5.0,defaulted,False,False
1836-10-08,state,Pennsylvania,Pennsylvania,S-2240,99.5,5.0,ytm,5.130954812646104,5.025125628140704,defaulted,False,False
1836-10-08,state,Pennsylvania,Pennsylvania,S-2250,99.5,5.0,ytm,5.0668263184652025,5.025125628140704,defaulted,False,False
1836-10-08,state,Pennsylvania,Pennsylvania,S-2270,100.0,5.0,ytm,5.0,5.0,defaulted,False,False
1836-10-15,state,Pennsylvania,Pennsylvania,S-2240,99.5,5.0,ytm,5.131493450976369,5.025125628140704,defaulted,False,False
1836-10-15,state,Pennsylvania,Pennsylvania,S-2250,99.5,5.0,ytm,5.066939264952873,5.025125628140704,defaulted,False,False
1836-10-15,state,Pennsylvania,Pennsylvania,S-2270,100.0,5.0,ytm,5.0,5.0,defaulted,False,False
1836-10-22,state,Pennsylvania,Pennsylvania,S-2240,98.5,5.0,ytm,5.398106556352802,5.0761421319796955,defaulted,False,False
1836-10-22,state,Pennsylvania,Pennsylvania,S-2250,99.0,5.0,ytm,5.134442312814818,5.05050505050505,defaulted,False,False
1836-10-22,state,Pennsylvania,Pennsylvania,S-2270,99.0,5.0,ytm,5.1013002343112115,5.05050505050505,defaulted,False,False
1836-10-29,state,Pennsylvania,Pennsylvania,S-2240,97.5,5.0,ytm,5.669641004357751,5.128205128205128,defaulted,False,False
1836-10-29,state,Pennsylvania,Pennsylvania,S-2250,98.0,5.0,ytm,5.270701644918297,5.1020408163265305,defaulted,False,False
1836-10-29,state,Pennsylvania,Pennsylvania,S-2270,98.25,5.0,ytm,5.178140713789297,5.089058524173027,defaulted,False,False
1836-11-12,state,Pennsylvania,Pennsylvania,S-2240,97.5,5.0,ytm,5.675259070612973,5.128205128205128,defaulted,False,False
1836-11-12,state,Pennsylvania,Pennsylvania,S-2250,98.0,5.0,ytm,5.271625454424376,5.1020408163265305,defaulted,False,False
1836-11-12,state,Pennsylvania,Pennsylvania,S-2270,98.25,5.0,ytm,5.178531723232726,5.089058524173027,defaulted,False,False
1836-11-19,state,Pennsylvania,Pennsylvania,S-2240,97.5,5.0,ytm,5.678107325612712,5.128205128205128,defaulted,False,False
1836-11-19,state,Pennsylvania,Pennsylvania,S-2250,98.0,5.0,ytm,5.272090272090272,5.1020408163265305,defaulted,False,False
1836-11-19,state,Pennsylvania,Pennsylvania,S-2270,98.25,5.0,ytm,5.1787280848943595,5.089058524173027,defaulted,False,False
1836-11-26,state,Pennsylvania,Pennsylvania,S-2240,97.5,5.0,ytm,5.680982217599756,5.128205128205128,defaulted,False,False
1836-11-26,state,Pennsylvania,Pennsylvania,S-2250,98.0,5.0,ytm,5.272557048061111,5.1020408163265305,defaulted,False,False
1836-11-26,state,Pennsylvania,Pennsylvania,S-2270,98.25,5.0,ytm,5.178925021192963,5.089058524173027,defaulted,False,False
1836-12-03,state,Pennsylvania,Pennsylvania,S-2240,97.5,5.0,ytm,5.683884121994733,5.128205128205128,defaulted,False,False
1836-12-03,state,Pennsylvania,Pennsylvania,S-2250,98.0,5.0,ytm,5.273025794738702,5.1020408163265305,defaulted,False,False
1836-12-03,state,Pennsylvania,Pennsylvania,S-2270,98.25,5.0,ytm,5.179122534654678,5.089058524173027,defaulted,False,False
1836-12-10,state,Pennsylvania,Pennsylvania,S-2240,97.5,5.0,ytm,5.686813421306452,5.128205128205128,defaulted,False,False
1836-12-10,state,Pennsylvania,Pennsylvania,S-2250,98.0,5.0,ytm,5.273496524629798,5.1020408163265305,defaulted,False,False
1836-12-10,state,Pennsylvania,Pennsylvania,S-2270,98.5,5.0,ytm,5.15350981417233,5.0761421319796955,defaulted,False,False
1836-12-17,state,Pennsylvania,Pennsylvania,S-2240,97.5,5.0,ytm,5.68977050529999,5.128205128205128,defaulted,False,False
1836-12-17,state,Pennsylvania,Pennsylvania,S-2250,98.0,5.0,ytm,5.2739692503472035,5.1020408163265305,defaulted,False,False
1836-12-17,state,Pennsylvania,Pennsylvania,S-2270,98.5,5.0,ytm,5.153679892919339,5.0761421319796955,defaulted,False,False
1836-12-24,state,Pennsylvania,Pennsylvania,S-2240,97.5,5.0,ytm,5.692755771169572,5.128205128205128,defaulted,False,False
1836-12-24,state,Pennsylvania,Pennsylvania,S-2250,98.0,5.0,ytm,5.274443984610904,5.1020408163265305,defaulted,False,False
1836-12-24,state,Pennsylvania,Pennsylvania,S-2270,99.0,5.0,ytm,5.102309275561999,5.05050505050505,defaulted,False,False
1836-12-31,state,Pennsylvania,Pennsylvania,S-2240,97.5,5.0,ytm,5.695769623716428,5.128205128205128,defaulted,False,False
1836-12-31,state,Pennsylvania,Pennsylvania,S-2250,98.0,5.0,ytm,5.2749207402492075,5.1020408163265305,defaulted,False,False
1836-12-31,state,Pennsylvania,Pennsylvania,S-2270,99.0,5.0,ytm,5.102423043835729,5.05050505050505,defaulted,False,False
1837-01-07,state,Pennsylvania,Pennsylvania,S-2240,97.5,5.0,ytm,5.698812475531776,5.128205128205128,defaulted,False,False
1837-01-07,state,Pennsylvania,Pennsylvania,S-2250,98.0,5.0,ytm,5.275399530199896,5.1020408163265305,defaulted,False,False
1837-01-07,state,Pennsylvania,Pennsylvania,S-2270,99.0,5.0,ytm,5.102537147992175,5.05050505050505,defaulted,False,False
1837-01-14,state,Pennsylvania,Pennsylvania,S-2240,97.5,5.0,ytm,5.701884747185118,5.128205128205128,defaulted,False,False
1837-01-14,state,Pennsylvania,Pennsylvania,S-2250,98.0,5.0,ytm,5.2758803675114,5.1020408163265305,defaulted,False,False
1837-01-14,state,Pennsylvania,Pennsylvania,S-2270,99.0,5.0,ytm,5.1026515895209945,5.05050505050505,defaulted,False,False
1837-01-21,state,Pennsylvania,Pennsylvania,S-2240,96.5,5.0,ytm,5.992004421583117,5.181347150259067,defaulted,False,False
1837-01-21,state,Pennsylvania,Pennsylvania,S-2250,97.0,5.0,ytm,5.416649186838388,5.154639175257731,defaulted,False,False
1837-01-21,state,Pennsylvania,Pennsylvania,S-2270,97.5,5.0,ytm,5.2588671849900415,5.128205128205128,defaulted,False,False
1837-01-28,state,Pennsylvania,Pennsylvania,S-2240,96.5,5.0,ytm,5.996412107274799,5.181347150259067,defaulted,False,False
1837-01-28,state,Pennsylvania,Pennsylvania,S-2250,97.0,5.0,ytm,5.4173803369561835,5.154639175257731,defaulted,False,False
1837-01-28,state,Pennsylvania,Pennsylvania,S-2270,98.0,5.0,ytm,5.206802188373889,5.1020408163265305,defaulted,False,False
1837-02-04,state,Pennsylvania,Pennsylvania,S-2240,96.5,5.0,ytm,6.000863035853434,5.181347150259067,defaulted,False,False
1837-02-04,state,Pennsylvania,Pennsylvania,S-2250,97.0,5.0,ytm,5.418114633739101,5.154639175257731,defaulted,False,False
1837-02-04,state,Pennsylvania,Pennsylvania,S-2270,98.0,5.0,ytm,5.2070342800084,5.1020408163265305,defaulted,False,False
1837-02-11,state,Pennsylvania,Pennsylvania,S-2240,96.5,5.0,ytm,6.005357846826506,5.181347150259067,defaulted,False,False
1837-02-11,state,Pennsylvania,Pennsylvania,S-2250,97.0,5.0,ytm,5.418852097544499,5.154639175257731,defaulted,False,False
1837-02-11,state,Pennsylvania,Pennsylvania,S-2270,98.0,5.0,ytm,5.207267061951574,5.1020408163265305,defaulted,False,False
1837-02-18,state,Pennsylvania,Pennsylvania,S-2240,96.5,5.0,ytm,6.009897192373976,5.181347150259067,defaulted,False,False
1837-02-18,state,Pennsylvania,Pennsylvania,S-2250,97.0,5.0,ytm,5.419592748905706,5.154639175257731,defaulted,False,False
1837-02-18,state,Pennsylvania,Pennsylvania,S-2270,98.0,5.0,ytm,5.207500537287771,5.1020408163265305,defaulted,False,False
1837-02-25,state,Pennsylvania,Pennsylvania,S-2240,96.5,5.0,ytm,6.014481737663738,5.181347150259067,defaulted,False,False
1837-02-25,state,Pennsylvania,Pennsylvania,S-2250,97.0,5.0,ytm,5.420336608533949,5.154639175257731,defaulted,False,False
1837-02-25,state,Pennsylvania,Pennsylvania,S-2270,98.0,5.0,ytm,5.207734709119751,5.1020408163265305,defaulted,False,False
1837-03-04,state,Pennsylvania,Pennsylvania,S-2240,96.5,5.0,ytm,6.019112161176558,5.181347150259067,defaulted,False,False
1837-03-04,state,Pennsylvania,Pennsylvania,S-2250,97.0,5.0,ytm,5.421083697320269,5.154639175257731,defaulted,False,False
1837-03-04,state,Pennsylvania,Pennsylvania,S-2270,98.0,5.0,ytm,5.207969580568812,5.1020408163265305,defaulted,False,False
1837-03-11,state,Pennsylvania,Pennsylvania,S-2240,96.5,5.0,ytm,6.0237891550408005,5.181347150259067,defaulted,False,False
1837-03-11,state,Pennsylvania,Pennsylvania,S-2250,97.0,5.0,ytm,5.42183403633748,5.154639175257731,defaulted,False,False
1837-03-11,state,Pennsylvania,Pennsylvania,S-2270,98.0,5.0,ytm,5.208205154774935,5.1020408163265305,defaulted,False,False
1837-03-18,state,Pennsylvania,Pennsylvania,S-2240,95.5,5.0,ytm,6.329138467504408,5.2356020942408374,defaulted,False,False
1837-03-18,state,Pennsylvania,Pennsylvania,S-2250,96.0,5.0,ytm,5.566324941686422,5.208333333333334,defaulted,False,False
1837-03-18,state,Pennsylvania,Pennsylvania,S-2270,98.0,5.0,ytm,5.208441434896915,5.1020408163265305,defaulted,False,False
1837-03-25,state,Pennsylvania,Pennsylvania,S-2240,94.0,5.0,ytm,6.794173537025122,5.319148936170213,defaulted,False,False
1837-03-25,state,Pennsylvania,Pennsylvania,S-2250,94.0,5.0,ytm,5.859782230974169,5.319148936170213,defaulted,False,False
1837-03-25,state,Pennsylvania,Pennsylvania,S-2270,94.5,5.0,ytm,5.5841922978368155,5.291005291005291,defaulted,False,False
1837-04-01,state,Pennsylvania,Pennsylvania,S-2240,94.0,5.0,ytm,6.802544609623497,5.319148936170213,defaulted,False,False
1837-04-01,state,Pennsylvania,Pennsylvania,S-2250,94.0,5.0,ytm,5.8613261788596915,5.319148936170213,defaulted,False,False
1837-04-01,state,Pennsylvania,Pennsylvania,S-2270,95.0,5.0,ytm,5.530325549647146,5.263157894736842,defaulted,False,False
1837-04-08,state,Pennsylvania,Pennsylvania,S-2240,94.0,5.0,ytm,6.811001602321855,5.319148936170213,defaulted,False,False
1837-04-08,state,Pennsylvania,Pennsylvania,S-2250,94.0,5.0,ytm,5.862876902692047,5.319148936170213,defaulted,False,False
1837-04-08,state,Pennsylvania,Pennsylvania,S-2270,95.0,5.0,ytm,5.530930762063853,5.263157894736842,defaulted,False,False
1837-04-15,state,Pennsylvania,Pennsylvania,S-2240,94.0,5.0,ytm,6.819545844760653,5.319148936170213,defaulted,False,False
1837-04-15,state,Pennsylvania,Pennsylvania,S-2250,94.0,5.0,ytm,5.86443444717588,5.319148936170213,defaulted,False,False
1837-04-15,state,Pennsylvania,Pennsylvania,S-2270,95.0,5.0,ytm,5.5315377989796595,5.263157894736842,defaulted,False,False
1837-04-29,state,Pennsylvania,Pennsylvania,S-2240,91.0,5.0,ytm,7.798630088923368,5.4945054945054945,defaulted,False,False
1837-04-29,state,Pennsylvania,Pennsylvania,S-2250,92.0,5.0,ytm,6.16880982433996,5.434782608695652,defaulted,False,False
1837-04-29,state,Pennsylvania,Pennsylvania,S-2270,92.0,5.0,ytm,5.865730741540676,5.434782608695652,defaulted,False,False
1837-05-06,state,Pennsylvania,Pennsylvania,S-2240,91.0,5.0,ytm,7.812059127817664,5.4945054945054945,defaulted,False,False
1837-05-06,state,Pennsylvania,Pennsylvania,S-2250,92.0,5.0,ytm,6.170936116382037,5.434782608695652,defaulted,False,False
1837-05-06,state,Pennsylvania,Pennsylvania,S-2270,92.0,5.0,ytm,5.8667261518494485,5.434782608695652,defaulted,False,False
1837-05-20,state,Pennsylvania,Pennsylvania,S-2240,94.0,5.0,ytm,6.863624311804982,5.319148936170213,defaulted,False,False
1837-05-20,state,Pennsylvania,Pennsylvania,S-2250,95.0,5.0,ytm,5.723210504023719,5.263157894736842,defaulted,False,False
1837-05-20,state,Pennsylvania,Pennsylvania,S-2270,96.0,5.0,ytm,5.425498470162636,5.208333333333334,defaulted,False,False
1837-05-27,state,Pennsylvania,Pennsylvania,S-2240,96.0,5.0,ytm,6.23574144486692,5.208333333333334,defaulted,False,False
1837-05-27,state,Pennsylvania,Pennsylvania,S-2250,98.0,5.0,ytm,5.285423480265887,5.1020408163265305,defaulted,False,False
1837-05-27,state,Pennsylvania,Pennsylvania,S-2270,99.0,5.0,ytm,5.104892126866405,5.05050505050505,defaulted,False,False
1837-06-03,state,Pennsylvania,Pennsylvania,S-2240,96.0,5.0,ytm,6.241808650065531,5.208333333333334,defaulted,False,False
1837-06-03,state,Pennsylvania,Pennsylvania,S-2250,98.0,5.0,ytm,5.2859481863949,5.1020408163265305,defaulted,False,False
1837-06-03,state,Pennsylvania,Pennsylvania,S-2270,99.0,5.0,ytm,5.105013642751297,5.05050505050505,defaulted,False,False
1837-06-10,state,Pennsylvania,Pennsylvania,S-2240,97.0,5.0,ytm,5.931204813165976,5.154639175257731,defaulted,False,False
1837-06-10,state,Pennsylvania,Pennsylvania,S-2250,98.0,5.0,ytm,5.286475241703895,5.1020408163265305,defaulted,False,False
1837-06-10,state,Pennsylvania,Pennsylvania,S-2270,99.0,5.0,ytm,5.105135529434444,5.05050505050505,defaulted,False,False
1837-06-17,state,Pennsylvania,Pennsylvania,S-2240,98.5,5.0,ytm,5.464379289804913,5.0761421319796955,defaulted,False,False
1837-06-17,state,Pennsylvania,Pennsylvania,S-2250,99.0,5.0,ytm,5.142781213761113,5.05050505050505,defaulted,False,False
1837-06-17,state,Pennsylvania,Pennsylvania,S-2270,99.5,5.0,ytm,5.052496992317073,5.025125628140704,defaulted,False,False
1837-06-24,state,Pennsylvania,Pennsylvania,S-2240,99.5,5.0,ytm,5.1547867337341025,5.025125628140704,defaulted,False,False
1837-06-24,state,Pennsylvania,Pennsylvania,S-2250,100.0,5.0,ytm,5.0,5.0,defaulted,False,False
1837-06-24,state,Pennsylvania,Pennsylvania,S-2270,100.25,5.0,ytm,4.97381934584393,4.987531172069826,defaulted,False,False
1837-07-01,state,Pennsylvania,Pennsylvania,S-2240,99.5,5.0,ytm,5.155564692982457,5.025125628140704,defaulted,False,False
1837-07-01,state,Pennsylvania,Pennsylvania,S-2250,100.0,5.0,ytm,5.0,5.0,defaulted,False,False
1837-07-01,state,Pennsylvania,Pennsylvania,S-2270,100.25,5.0,ytm,4.973788785476443,4.987531172069826,defaulted,False,False
1837-07-08,state,Pennsylvania,Pennsylvania,S-2240,100.0,5.0,ytm,5.0,5.0,defaulted,False,False
1837-07-08,state,Pennsylvania,Pennsylvania,S-2250,101.0,5.0,ytm,4.857850149061084,4.9504950495049505,defaulted,False,False
1837-07-08,state,Pennsylvania,Pennsylvania,S-2270,102.0,5.0,ytm,4.791883793642522,4.901960784313726,defaulted,False,False
1837-07-22,state,Pennsylvania,Pennsylvania,S-2240,100.5,5.0,ytm,4.842837307050088,4.975124378109453,defaulted,False,False
1837-07-22,state,Pennsylvania,Pennsylvania,S-2250,101.5,5.0,ytm,4.786507997152635,4.926108374384237,defaulted,False,False
1837-07-22,state,Pennsylvania,Pennsylvania,S-2270,103.0,5.0,ytm,4.68863440820599,4.854368932038835,defaulted,False,False
1837-07-29,state,Pennsylvania,Pennsylvania,S-2240,100.5,5.0,ytm,4.84202831579199,4.975124378109453,defaulted,False,False
1837-07-29,state,Pennsylvania,Pennsylvania,S-2250,101.5,5.0,ytm,4.786107120572316,4.926108374384237,defaulted,False,False
1837-07-29,state,Pennsylvania,Pennsylvania,S-2270,103.0,5.0,ytm,4.6882681782515405,4.854368932038835,defaulted,False,False
1837-08-05,state,Pennsylvania,Pennsylvania,S-2240,100.5,5.0,ytm,4.841210227443439,4.975124378109453,defaulted,False,False
1837-08-05,state,Pennsylvania,Pennsylvania,S-2250,101.5,5.0,ytm,4.785704416485606,4.926108374384237,defaulted,False,False
1837-08-05,state,Pennsylvania,Pennsylvania,S-2270,103.0,5.0,ytm,4.687900816960074,4.854368932038835,defaulted,False,False
1837-08-12,state,Pennsylvania,Pennsylvania,S-2240,100.5,5.0,ytm,4.840382887691917,4.975124378109453,defaulted,False,False
1837-08-12,state,Pennsylvania,Pennsylvania,S-2250,101.5,5.0,ytm,4.785299872367167,4.926108374384237,defaulted,False,False
1837-08-12,state,Pennsylvania,Pennsylvania,S-2270,103.0,5.0,ytm,4.687532319081185,4.854368932038835,defaulted,False,False
1837-08-19,state,Pennsylvania,Pennsylvania,S-2240,100.5,5.0,ytm,4.839546138714951,4.975124378109453,defaulted,False,False
1837-08-19,state,Pennsylvania,Pennsylvania,S-2250,101.5,5.0,ytm,4.784893475576941,4.926108374384237,defaulted,False,False
1837-08-19,state,Pennsylvania,Pennsylvania,S-2270,103.0,5.0,ytm,4.687162679331934,4.854368932038835,defaulted,False,False
1837-09-02,state,Pennsylvania,Pennsylvania,S-2240,102.0,5.0,ytm,4.356191576429624,4.901960784313726,defaulted,False,False
1837-09-02,state,Pennsylvania,Pennsylvania,S-2250,102.0,5.0,ytm,4.712812720641107,4.901960784313726,defaulted,False,False
1837-09-02,state,Pennsylvania,Pennsylvania,S-2270,103.0,5.0,ytm,4.686419952926354,4.854368932038835,defaulted,False,False
1837-09-09,state,Pennsylvania,Pennsylvania,S-2240,102.0,5.0,ytm,4.352753457163898,4.901960784313726,defaulted,False,False
1837-09-09,state,Pennsylvania,Pennsylvania,S-2250,104.0,5.0,ytm,4.430171277997365,4.807692307692308,defaulted,False,False
1837-09-09,state,Pennsylvania,Pennsylvania,S-2270,104.0,5.0,ytm,4.583447788721893,4.807692307692308,defaulted,False,False
1837-09-16,state,Pennsylvania,Pennsylvania,S-2240,102.0,5.0,ytm,4.349275326535147,4.901960784313726,defaulted,False,False
1837-09-16,state,Pennsylvania,Pennsylvania,S-2250,104.0,5.0,ytm,4.42908097540766,4.807692307692308,defaulted,False,False
1837-09-16,state,Pennsylvania,Pennsylvania,S-2270,105.0,5.0,ytm,4.48123200608398,4.761904761904762,defaulted,False,False
1837-09-23,state,Pennsylvania,Pennsylvania,S-2240,102.0,5.0,ytm,4.345756482002715,4.901960784313726,defaulted,False,False
1837-09-23,state,Pennsylvania,Pennsylvania,S-2250,104.0,5.0,ytm,4.427985621780148,4.807692307692308,defaulted,False,False
1837-09-23,state,Pennsylvania,Pennsylvania,S-2270,105.0,5.0,ytm,4.480612394792251,4.761904761904762,defaulted,False,False
1837-09-30,state,Pennsylvania,Pennsylvania,S-2240,102.0,5.0,ytm,4.342196204481676,4.901960784313726,defaulted,False,False
1837-09-30,state,Pennsylvania,Pennsylvania,S-2250,104.0,5.0,ytm,4.42688518193347,4.807692307692308,defaulted,False,False
1837-09-30,state,Pennsylvania,Pennsylvania,S-2270,105.0,5.0,ytm,4.4799908454848625,4.761904761904762,defaulted,False,False
1837-10-07,state,Pennsylvania,Pennsylvania,S-2240,102.0,5.0,ytm,4.3385937578529425,4.901960784313726,defaulted,False,False
1837-10-07,state,Pennsylvania,Pennsylvania,S-2250,104.0,5.0,ytm,4.425779620358782,4.807692307692308,defaulted,False,False
1837-10-07,state,Pennsylvania,Pennsylvania,S-2270,104.0,5.0,ytm,4.581452182573633,4.807692307692308,defaulted,False,False
1837-10-14,state,Pennsylvania,Pennsylvania,S-2240,102.0,5.0,ytm,4.334948388455867,4.901960784313726,defaulted,False,False
1837-10-14,state,Pennsylvania,Pennsylvania,S-2250,104.0,5.0,ytm,4.424668901215935,4.807692307692308,defaulted,False,False
1837-10-14,state,Pennsylvania,Pennsylvania,S-2270,104.0,5.0,ytm,4.580949367644862,4.807692307692308,defaulted,False,False
1837-10-21,state,Pennsylvania,Pennsylvania,S-2240,102.0,5.0,ytm,4.331259324562593,4.901960784313726,defaulted,False,False
1837-10-21,state,Pennsylvania,Pennsylvania,S-2250,102.5,5.0,ytm,4.6370518815408595,4.878048780487805,defaulted,False,False
1837-10-21,state,Pennsylvania,Pennsylvania,S-2270,103.0,5.0,ytm,4.68378364930089,4.854368932038835,defaulted,False,False
1837-10-28,state,Pennsylvania,Pennsylvania,S-2240,101.0,5.0,ytm,4.662090066463547,4.9504950495049505,defaulted,False,False
1837-10-28,state,Pennsylvania,Pennsylvania,S-2250,101.0,5.0,ytm,4.853452856241058,4.9504950495049505,defaulted,False,False
1837-10-28,state,Pennsylvania,Pennsylvania,S-2270,103.0,5.0,ytm,4.6834022929439705,4.854368932038835,defaulted,False,False
1837-11-04,state,Pennsylvania,Pennsylvania,S-2240,100.0,5.0,ytm,5.0,5.0,defaulted,False,False
1837-11-04,state,Pennsylvania,Pennsylvania,S-2250,100.0,5.0,ytm,5.0,5.0,defaulted,False,False
1837-11-04,state,Pennsylvania,Pennsylvania,S-2270,101.5,5.0,ytm,4.84033003990003,4.926108374384237,defaulted,False,False
1837-11-11,state,Pennsylvania,Pennsylvania,S-2240,100.0,5.0,ytm,5.0,5.0,defaulted,False,False
1837-11-11,state,Pennsylvania,Pennsylvania,S-2250,100.0,5.0,ytm,5.0,5.0,defaulted,False,False
1837-11-11,state,Pennsylvania,Pennsylvania,S-2270,101.5,5.0,ytm,4.8401367282593,4.926108374384237,defaulted,False,False
1837-11-18,state,Pennsylvania,Pennsylvania,S-2240,100.0,5.0,ytm,5.0,5.0,defaulted,False,False
1837-11-18,state,Pennsylvania,Pennsylvania,S-2250,101.0,5.0,ytm,4.852591392330323,4.9504950495049505,defaulted,False,False
1837-11-18,state,Pennsylvania,Pennsylvania,S-2270,102.0,5.0,ytm,4.787118648616612,4.901960784313726,defaulted,False,False
1837-11-25,state,Pennsylvania,Pennsylvania,S-2240,100.0,5.0,ytm,5.0,5.0,defaulted,False,False
1837-11-25,state,Pennsylvania,Pennsylvania,S-2250,101.0,5.0,ytm,4.852301520447778,4.9504950495049505,defaulted,False,False
1837-11-25,state,Pennsylvania,Pennsylvania,S-2270,102.0,5.0,ytm,4.7868599077102285,4.901960784313726,defaulted,False,False
1837-12-02,state,Pennsylvania,Pennsylvania,S-2240,100.0,5.0,ytm,5.0,5.0,defaulted,False,False
1837-12-02,state,Pennsylvania,Pennsylvania,S-2250,101.0,5.0,ytm,4.852010273834082,4.9504950495049505,defaulted,False,False
1837-12-02,state,Pennsylvania,Pennsylvania,S-2270,102.0,5.0,ytm,4.786600345962536,4.901960784313726,defaulted,False,False
1837-12-09,state,Pennsylvania,Pennsylvania,S-2240,100.0,5.0,ytm,5.0,5.0,defaulted,False,False
1837-12-09,state,Pennsylvania,Pennsylvania,S-2250,101.0,5.0,ytm,4.851717642686398,4.9504950495049505,defaulted,False,False
1837-12-09,state,Pennsylvania,Pennsylvania,S-2270,102.0,5.0,ytm,4.786339959461221,4.901960784313726,defaulted,False,False
1837-12-16,state,Pennsylvania,Pennsylvania,S-2240,100.0,5.0,ytm,5.0,5.0,defaulted,False,False
1837-12-16,state,Pennsylvania,Pennsylvania,S-2250,101.0,5.0,ytm,4.851423617108468,4.9504950495049505,defaulted,False,False
1837-12-16,state,Pennsylvania,Pennsylvania,S-2270,102.0,5.0,ytm,4.786078744269062,4.901960784313726,defaulted,False,False
1837-12-23,state,Pennsylvania,Pennsylvania,S-2240,100.0,5.0,ytm,5.0,5.0,defaulted,False,False
1837-12-23,state,Pennsylvania,Pennsylvania,S-2250,101.0,5.0,ytm,4.851128187109488,4.9504950495049505,defaulted,False,False
1837-12-23,state,Pennsylvania,Pennsylvania,S-2270,102.0,5.0,ytm,4.7858166964237405,4.901960784313726,defaulted,False,False
1837-12-30,state,Pennsylvania,Pennsylvania,S-2240,100.0,5.0,ytm,5.0,5.0,defaulted,False,False
1837-12-30,state,Pennsylvania,Pennsylvania,S-2250,100.5,5.0,ytm,4.925229675469329,4.975124378109453,defaulted,False,False
1837-12-30,state,Pennsylvania,Pennsylvania,S-2270,101.0,5.0,ytm,4.8922434577398075,4.9504950495049505,defaulted,False,False
1838-01-06,state,Pennsylvania,Pennsylvania,S-2240,100.0,5.0,ytm,5.0,5.0,defaulted,False,False
1838-01-06,state,Pennsylvania,Pennsylvania,S-2250,100.5,5.0,ytm,4.925080168963946,4.975124378109453,defaulted,False,False
1838-01-06,state,Pennsylvania,Pennsylvania,S-2270,101.0,5.0,ytm,4.8921109391371145,4.9504950495049505,defaulted,False,False
1838-01-13,state,Pennsylvania,Pennsylvania,S-2240,100.0,5.0,ytm,5.0,5.0,defaulted,False,False
1838-01-13,state,Pennsylvania,Pennsylvania,S-2250,101.0,5.0,ytm,4.8502333692362924,4.9504950495049505,defaulted,False,False
1838-01-13,state,Pennsylvania,Pennsylvania,S-2270,102.0,5.0,ytm,4.785025516964874,4.901960784313726,defaulted,False,False
1838-01-20,state,Pennsylvania,Pennsylvania,S-2240,100.0,5.0,ytm,5.0,5.0,defaulted,False,False
1838-01-20,state,Pennsylvania,Pennsylvania,S-2250,101.0,5.0,ytm,4.849932219714381,4.9504950495049505,defaulted,False,False
1838-01-20,state,Pennsylvania,Pennsylvania,S-2270,102.0,5.0,ytm,4.78476009837464,4.901960784313726,defaulted,False,False
1838-02-10,state,Pennsylvania,Pennsylvania,S-2240,99.5,5.0,ytm,5.1859051036682615,5.025125628140704,defaulted,False,False
1838-02-10,state,Pennsylvania,Pennsylvania,S-2250,100.0,5.0,ytm,5.0,5.0,defaulted,False,False
1838-02-10,state,Pennsylvania,Pennsylvania,S-2270,102.0,5.0,ytm,4.783958709018496,4.901960784313726,defaulted,False,False
1838-02-17,state,Pennsylvania,Pennsylvania,S-2240,99.5,5.0,ytm,5.187062030672487,5.025125628140704,defaulted,False,False
1838-02-17,state,Pennsylvania,Pennsylvania,S-2250,100.0,5.0,ytm,5.0,5.0,defaulted,False,False
1838-02-17,state,Pennsylvania,Pennsylvania,S-2270,102.0,5.0,ytm,4.783689854225274,4.901960784313726,defaulted,False,False
1838-02-24,state,Pennsylvania,Pennsylvania,S-2240,99.5,5.0,ytm,5.188234501801529,5.025125628140704,defaulted,False,False
1838-02-24,state,Pennsylvania,Pennsylvania,S-2250,100.0,5.0,ytm,5.0,5.0,defaulted,False,False
1838-02-24,state,Pennsylvania,Pennsylvania,S-2270,102.0,5.0,ytm,4.783420129954783,4.901960784313726,defaulted,False,False
1838-03-03,state,Pennsylvania,Pennsylvania,S-2240,99.5,5.0,ytm,5.1894228324434275,5.025125628140704,defaulted,False,False
1838-03-03,state,Pennsylvania,Pennsylvania,S-2250,100.0,5.0,ytm,5.0,5.0,defaulted,False,False
1838-03-03,state,Pennsylvania,Pennsylvania,S-2270,102.0,5.0,ytm,4.783149531982351,4.901960784313726,defaulted,False,False
1838-03-10,state,Pennsylvania,Pennsylvania,S-2240,99.5,5.0,ytm,5.190627346576558,5.025125628140704,defaulted,False,False
1838-03-10,state,Pennsylvania,Pennsylvania,S-2250,100.0,5.0,ytm,5.0,5.0,defaulted,False,False
1838-03-10,state,Pennsylvania,Pennsylvania,S-2270,102.0,5.0,ytm,4.782878056055895,4.901960784313726,defaulted,False,False
1838-03-31,state,Pennsylvania,Pennsylvania,S-2240,98.5,5.0,ytm,5.585961243587081,5.0761421319796955,defaulted,False,False
1838-03-31,state,Pennsylvania,Pennsylvania,S-2250,99.0,5.0,ytm,5.154700434754074,5.05050505050505,defaulted,False,False
1838-03-31,state,Pennsylvania,Pennsylvania,S-2270,102.0,5.0,ytm,4.782058317615647,4.901960784313726,defaulted,False,False
1838-04-07,state,Pennsylvania,Pennsylvania,S-2240,98.5,5.0,ytm,5.589798488664988,5.0761421319796955,defaulted,False,False
1838-04-07,state,Pennsylvania,Pennsylvania,S-2250,99.0,5.0,ytm,5.155021391458353,5.05050505050505,defaulted,False,False
1838-04-07,state,Pennsylvania,Pennsylvania,S-2270,102.0,5.0,ytm,4.78178328679614,4.901960784313726,defaulted,False,False
1838-04-14,state,Pennsylvania,Pennsylvania,S-2240,98.5,5.0,ytm,5.593689833874907,5.0761421319796955,defaulted,False,False
1838-04-14,state,Pennsylvania,Pennsylvania,S-2250,99.0,5.0,ytm,5.155343942129948,5.05050505050505,defaulted,False,False
1838-04-14,state,Pennsylvania,Pennsylvania,S-2270,102.0,5.0,ytm,4.781507356343111,4.901960784313726,defaulted,False,False
1838-04-21,state,Pennsylvania,Pennsylvania,S-2240,98.5,5.0,ytm,5.597636431450892,5.0761421319796955,defaulted,False,False
1838-04-21,state,Pennsylvania,Pennsylvania,S-2250,99.0,5.0,ytm,5.155668098672594,5.05050505050505,defaulted,False,False
1838-04-21,state,Pennsylvania,Pennsylvania,S-2270,102.0,5.0,ytm,4.78123052183524,4.901960784313726,defaulted,False,False
1838-04-28,state,Pennsylvania,Pennsylvania,S-2240,98.5,5.0,ytm,5.601639466581589,5.0761421319796955,defaulted,False,False
1838-04-28,state,Pennsylvania,Pennsylvania,S-2250,99.0,5.0,ytm,5.1559938731088595,5.05050505050505,defaulted,False,False
1838-04-28,state,Pennsylvania,Pennsylvania,S-2270,102.0,5.0,ytm,4.7809527788221855,4.901960784313726,defaulted,False,False
1838-05-05,state,Pennsylvania,Pennsylvania,S-2240,98.5,5.0,ytm,5.605700158596884,5.0761421319796955,defaulted,False,False
1838-05-05,state,Pennsylvania,Pennsylvania,S-2250,99.0,5.0,ytm,5.156321277581618,5.05050505050505,defaulted,False,False
1838-05-05,state,Pennsylvania,Pennsylvania,S-2270,102.0,5.0,ytm,4.780674122824351,4.901960784313726,defaulted,False,False
1838-05-12,state,Pennsylvania,Pennsylvania,S-2240,98.5,5.0,ytm,5.609819762206183,5.0761421319796955,defaulted,False,False
1838-05-12,state,Pennsylvania,Pennsylvania,S-2250,99.0,5.0,ytm,5.1566503243555655,5.05050505050505,defaulted,False,False
1838-05-12,state,Pennsylvania,Pennsylvania,S-2270,102.0,5.0,ytm,4.780394549332638,4.901960784313726,defaulted,False,False
1838-05-19,state,Pennsylvania,Pennsylvania,S-2240,98.5,5.0,ytm,5.613999568790986,5.0761421319796955,defaulted,False,False
1838-05-19,state,Pennsylvania,Pennsylvania,S-2250,99.0,5.0,ytm,5.156981025818749,5.05050505050505,defaulted,False,False
1838-05-19,state,Pennsylvania,Pennsylvania,S-2270,102.0,5.0,ytm,4.780114053808208,4.901960784313726,defaulted,False,False
1838-05-26,state,Pennsylvania,Pennsylvania,S-2240,98.5,5.0,ytm,5.618240907754531,5.0761421319796955,defaulted,False,False
1838-05-26,state,Pennsylvania,Pennsylvania,S-2250,99.0,5.0,ytm,5.157313394484124,5.05050505050505,defaulted,False,False
1838-05-26,state,Pennsylvania,Pennsylvania,S-2270,102.0,5.0,ytm,4.779832631682234,4.901960784313726,defaulted,False,False
1838-06-02,state,Pennsylvania,Pennsylvania,S-2240,98.5,5.0,ytm,5.62254514793152,5.0761421319796955,defaulted,False,False
1838-06-02,state,Pennsylvania,Pennsylvania,S-2250,99.0,5.0,ytm,5.157647442991129,5.05050505050505,defaulted,False,False
1838-06-02,state,Pennsylvania,Pennsylvania,S-2270,102.0,5.0,ytm,4.779550278355654,4.901960784313726,defaulted,False,False
1838-06-16,state,Pennsylvania,Pennsylvania,S-2240,98.5,5.0,ytm,5.631348013325749,5.0761421319796955,defaulted,False,False
1838-06-16,state,Pennsylvania,Pennsylvania,S-2250,99.0,5.0,ytm,5.158320630729847,5.05050505050505,defaulted,False,False
1838-06-16,state,Pennsylvania,Pennsylvania,S-2270,102.0,5.0,ytm,4.778982759551743,4.901960784313726,defaulted,False,False
1838-06-23,state,Pennsylvania,Pennsylvania,S-2240,98.5,5.0,ytm,5.635849586961802,5.0761421319796955,defaulted,False,False
1838-06-23,state,Pennsylvania,Pennsylvania,S-2250,99.0,5.0,ytm,5.158659795887403,5.05050505050505,defaulted,False,False
1838-06-23,state,Pennsylvania,Pennsylvania,S-2270,102.0,5.0,ytm,4.778697584722843,4.901960784313726,defaulted,False,False
1838-06-30,state,Pennsylvania,Pennsylvania,S-2240,98.5,5.0,ytm,5.640419961941637,5.0761421319796955,defaulted,False,False
1838-06-30,state,Pennsylvania,Pennsylvania,S-2250,99.0,5.0,ytm,5.159000692741607,5.05050505050505,defaulted,False,False
1838-06-30,state,Pennsylvania,Pennsylvania,S-2270,102.0,5.0,ytm,4.778411459989682,4.901960784313726,defaulted,False,False
1838-07-14,state,Pennsylvania,Pennsylvania,S-2240,98.5,5.0,ytm,5.649773523153138,5.0761421319796955,defaulted,False,False
1838-07-14,state,Pennsylvania,Pennsylvania,S-2250,99.0,5.0,ytm,5.159687734861993,5.05050505050505,defaulted,False,False
1838-07-14,state,Pennsylvania,Pennsylvania,S-2270,102.0,5.0,ytm,4.777836341762607,4.901960784313726,defaulted,False,False
1838-07-21,state,Pennsylvania,Pennsylvania,S-2240,98.5,5.0,ytm,5.654560038275895,5.0761421319796955,defaulted,False,False
1838-07-21,state,Pennsylvania,Pennsylvania,S-2250,99.0,5.0,ytm,5.160033907132132,5.05050505050505,defaulted,False,False
1838-07-21,state,Pennsylvania,Pennsylvania,S-2270,102.0,5.0,ytm,4.777547338664999,4.901960784313726,defaulted,False,False
1838-07-28,state,Pennsylvania,Pennsylvania,S-2240,98.5,5.0,ytm,5.659422016474912,5.0761421319796955,defaulted,False,False
1838-07-28,state,Pennsylvania,Pennsylvania,S-2250,99.0,5.0,ytm,5.160381865110372,5.05050505050505,defaulted,False,False
1838-07-28,state,Pennsylvania,Pennsylvania,S-2270,102.0,5.0,ytm,4.777257366455209,4.901960784313726,defaulted,False,False
1838-08-11,state,Pennsylvania,Pennsylvania,S-2240,98.5,5.0,ytm,5.669379614845899,5.0761421319796955,defaulted,False,False
1838-08-11,state,Pennsylvania,Pennsylvania,S-2250,99.0,5.0,ytm,5.16108319374651,5.05050505050505,defaulted,False,False
1838-08-11,state,Pennsylvania,Pennsylvania,S-2270,102.0,5.0,ytm,4.7766744951351665,4.901960784313726,defaulted,False,False
1838-08-18,state,Pennsylvania,Pennsylvania,S-2240,98.5,5.0,ytm,5.674479007783288,5.0761421319796955,defaulted,False,False
1838-08-18,state,Pennsylvania,Pennsylvania,S-2250,99.0,5.0,ytm,5.161436592543109,5.05050505050505,defaulted,False,False
1838-08-18,state,Pennsylvania,Pennsylvania,S-2270,102.0,5.0,ytm,4.776381586160542,4.901960784313726,defaulted,False,False
1838-08-25,state,Pennsylvania,Pennsylvania,S-2240,98.5,5.0,ytm,5.6796614140940775,5.0761421319796955,defaulted,False,False
1838-08-25,state,Pennsylvania,Pennsylvania,S-2250,99.0,5.0,ytm,5.161791833328968,5.05050505050505,defaulted,False,False
1838-08-25,state,Pennsylvania,Pennsylvania,S-2270,102.0,5.0,ytm,4.776087688344432,4.901960784313726,defaulted,False,False
1838-09-01,state,Pennsylvania,Pennsylvania,S-2240,98.5,5.0,ytm,5.684928877483825,5.0761421319796955,defaulted,False,False
1838-09-01,state,Pennsylvania,Pennsylvania,S-2250,99.0,5.0,ytm,5.162148930542973,5.05050505050505,defaulted,False,False
1838-09-01,state,Pennsylvania,Pennsylvania,S-2270,102.0,5.0,ytm,4.775792796670972,4.901960784313726,defaulted,False,False
1838-09-08,state,Pennsylvania,Pennsylvania,S-2240,98.5,5.0,ytm,5.690283509298462,5.0761421319796955,defaulted,False,False
1838-09-08,state,Pennsylvania,Pennsylvania,S-2250,99.0,5.0,ytm,5.1625078987753135,5.05050505050505,defaulted,False,False
1838-09-08,state,Pennsylvania,Pennsylvania,S-2270,102.0,5.0,ytm,4.775496906090319,4.901960784313726,defaulted,False,False
1838-09-15,state,Pennsylvania,Pennsylvania,S-2240,98.5,5.0,ytm,5.695727491346,5.0761421319796955,defaulted,False,False
1838-09-15,state,Pennsylvania,Pennsylvania,S-2250,99.0,5.0,ytm,5.162868752769476,5.05050505050505,defaulted,False,False
1838-09-15,state,Pennsylvania,Pennsylvania,S-2270,102.0,5.0,ytm,4.77520001151836,4.901960784313726,defaulted,False,False
1838-09-22,state,Pennsylvania,Pennsylvania,S-2240,98.5,5.0,ytm,5.701263078860686,5.0761421319796955,defaulted,False,False
1838-09-22,state,Pennsylvania,Pennsylvania,S-2250,99.0,5.0,ytm,5.163231507424255,5.05050505050505,defaulted,False,False
1838-09-22,state,Pennsylvania,Pennsylvania,S-2270,102.0,5.0,ytm,4.774902107836421,4.901960784313726,defaulted,False,False
1838-09-29,state,Pennsylvania,Pennsylvania,S-2240,98.5,5.0,ytm,5.706892603618044,5.0761421319796955,defaulted,False,False
1838-09-29,state,Pennsylvania,Pennsylvania,S-2250,99.0,5.0,ytm,5.163596177795807,5.05050505050505,defaulted,False,False
1838-09-29,state,Pennsylvania,Pennsylvania,S-2270,102.0,5.0,ytm,4.774603189890973,4.901960784313726,defaulted,False,False
1838-10-06,state,Pennsylvania,Pennsylvania,S-2240,98.5,5.0,ytm,5.712618477209881,5.0761421319796955,defaulted,False,False
1838-10-06,state,Pennsylvania,Pennsylvania,S-2250,99.0,5.0,ytm,5.163962779099735,5.05050505050505,defaulted,False,False
1838-10-06,state,Pennsylvania,Pennsylvania,S-2270,102.0,5.0,ytm,4.774303252493337,4.901960784313726,defaulted,False,False
1838-10-13,state,Pennsylvania,Pennsylvania,S-2240,96.5,5.0,ytm,6.693429717968267,5.181347150259067,defaulted,False,False
1838-10-13,state,Pennsylvania,Pennsylvania,S-2250,101.0,5.0,ytm,4.837303810866034,4.9504950495049505,defaulted,False,False
1838-10-13,state,Pennsylvania,Pennsylvania,S-2270,102.0,5.0,ytm,4.774002290419379,4.901960784313726,defaulted,False,False
1838-10-20,state,Pennsylvania,Pennsylvania,S-2240,96.5,5.0,ytm,6.707398123884395,5.181347150259067,defaulted,False,False
1838-10-20,state,Pennsylvania,Pennsylvania,S-2250,101.0,5.0,ytm,4.836936988063485,4.9504950495049505,defaulted,False,False
1838-10-20,state,Pennsylvania,Pennsylvania,S-2270,102.0,5.0,ytm,4.773700298409211,4.901960784313726,defaulted,False,False
1838-10-27,state,Pennsylvania,Pennsylvania,S-2240,96.5,5.0,ytm,6.72161189703117,5.181347150259067,defaulted,False,False
1838-10-27,state,Pennsylvania,Pennsylvania,S-2250,101.0,5.0,ytm,4.836568207380937,4.9504950495049505,defaulted,False,False
1838-10-27,state,Pennsylvania,Pennsylvania,S-2270,102.0,5.0,ytm,4.773397271166881,4.901960784313726,defaulted,False,False
1838-11-03,state,Pennsylvania,Pennsylvania,S-2240,96.5,5.0,ytm,6.736077559828647,5.181347150259067,defaulted,False,False
1838-11-03,state,Pennsylvania,Pennsylvania,S-2250,101.0,5.0,ytm,4.836197453101465,4.9504950495049505,defaulted,False,False
1838-11-03,state,Pennsylvania,Pennsylvania,S-2270,102.0,5.0,ytm,4.773093203360071,4.901960784313726,defaulted,False,False
1838-11-10,state,Pennsylvania,Pennsylvania,S-2240,96.5,5.0,ytm,6.750801867937957,5.181347150259067,defaulted,False,False
1838-11-10,state,Pennsylvania,Pennsylvania,S-2250,101.0,5.0,ytm,4.835824709339466,4.9504950495049505,defaulted,False,False
1838-11-10,state,Pennsylvania,Pennsylvania,S-2270,102.0,5.0,ytm,4.772788089619773,4.901960784313726,defaulted,False,False
1838-11-17,state,Pennsylvania,Pennsylvania,S-2240,96.5,5.0,ytm,6.765791820781198,5.181347150259067,defaulted,False,False
1838-11-17,state,Pennsylvania,Pennsylvania,S-2250,101.0,5.0,ytm,4.835449960038393,4.9504950495049505,defaulted,False,False
1838-11-17,state,Pennsylvania,Pennsylvania,S-2270,102.0,5.0,ytm,4.7724819245399805,4.901960784313726,defaulted,False,False
1838-11-24,state,Pennsylvania,Pennsylvania,S-2240,96.5,5.0,ytm,6.781054672635888,5.181347150259067,defaulted,False,False
1838-11-24,state,Pennsylvania,Pennsylvania,S-2250,101.0,5.0,ytm,4.835073188968453,4.9504950495049505,defaulted,False,False
1838-11-24,state,Pennsylvania,Pennsylvania,S-2270,102.0,5.0,ytm,4.772174702677369,4.901960784313726,defaulted,False,False
1838-12-01,state,Pennsylvania,Pennsylvania,S-2240,96.5,5.0,ytm,6.7965979443409275,5.181347150259067,defaulted,False,False
1838-12-01,state,Pennsylvania,Pennsylvania,S-2250,101.0,5.0,ytm,4.834694379724254,4.9504950495049505,defaulted,False,False
1838-12-01,state,Pennsylvania,Pennsylvania,S-2270,102.0,5.0,ytm,4.771866418550968,4.901960784313726,defaulted,False,False
1838-12-08,state,Pennsylvania,Pennsylvania,S-2240,96.5,5.0,ytm,6.812429435653742,5.181347150259067,defaulted,False,False
1838-12-08,state,Pennsylvania,Pennsylvania,S-2250,101.0,5.0,ytm,4.834313515722434,4.9504950495049505,defaulted,False,False
1838-12-08,state,Pennsylvania,Pennsylvania,S-2270,102.0,5.0,ytm,4.7715570666418445,4.901960784313726,defaulted,False,False
1838-12-15,state,Pennsylvania,Pennsylvania,S-2240,96.5,5.0,ytm,6.828557238301289,5.181347150259067,defaulted,False,False
1838-12-15,state,Pennsylvania,Pennsylvania,S-2250,101.0,5.0,ytm,4.833930580199237,4.9504950495049505,defaulted,False,False
1838-12-15,state,Pennsylvania,Pennsylvania,S-2270,102.0,5.0,ytm,4.771246641392763,4.901960784313726,defaulted,False,False
1838-12-22,state,Pennsylvania,Pennsylvania,S-2240,96.5,5.0,ytm,6.844989749770787,5.181347150259067,defaulted,False,False
1838-12-22,state,Pennsylvania,Pennsylvania,S-2250,101.0,5.0,ytm,4.833545556208052,4.9504950495049505,defaulted,False,False
1838-12-22,state,Pennsylvania,Pennsylvania,S-2270,102.0,5.0,ytm,4.770935137207862,4.901960784313726,defaulted,False,False
1838-12-29,state,Pennsylvania,Pennsylvania,S-2240,96.5,5.0,ytm,6.861735687889567,5.181347150259067,defaulted,False,False
1838-12-29,state,Pennsylvania,Pennsylvania,S-2250,101.0,5.0,ytm,4.833158426616915,4.9504950495049505,defaulted,False,False
1838-12-29,state,Pennsylvania,Pennsylvania,S-2270,102.0,5.0,ytm,4.770622548452308,4.901960784313726,defaulted,False,False
1839-01-05,state,Pennsylvania,Pennsylvania,S-2240,96.5,5.0,ytm,6.878804106247223,5.181347150259067,defaulted,False,False
1839-01-05,state,Pennsylvania,Pennsylvania,S-2250,101.0,5.0,ytm,4.832769174105969,4.9504950495049505,defaulted,False,False
1839-01-05,state,Pennsylvania,Pennsylvania,S-2270,102.0,5.0,ytm,4.770308869451966,4.901960784313726,defaulted,False,False
1839-01-12,state,Pennsylvania,Pennsylvania,S-2240,96.5,5.0,ytm,6.896204410517387,5.181347150259067,defaulted,False,False
1839-01-12,state,Pennsylvania,Pennsylvania,S-2250,101.0,5.0,ytm,4.832377781164874,4.9504950495049505,defaulted,False,False
1839-01-12,state,Pennsylvania,Pennsylvania,S-2270,102.0,5.0,ytm,4.769994094493053,4.901960784313726,defaulted,False,False
1839-01-19,state,Pennsylvania,Pennsylvania,S-2240,96.5,5.0,ytm,6.913946375740965,5.181347150259067,defaulted,False,False
1839-01-19,state,Pennsylvania,Pennsylvania,S-2250,101.0,5.0,ytm,4.831984230090195,4.9504950495049505,defaulted,False,False
1839-01-19,state,Pennsylvania,Pennsylvania,S-2270,102.0,5.0,ytm,4.769678217821783,4.901960784313726,defaulted,False,False
1839-01-26,state,Pennsylvania,Pennsylvania,S-2240,96.5,5.0,ytm,6.93204016463753,5.181347150259067,defaulted,False,False
1839-01-26,state,Pennsylvania,Pennsylvania,S-2250,101.0,5.0,ytm,4.831588502982717,4.9504950495049505,defaulted,False,False
1839-01-26,state,Pennsylvania,Pennsylvania,S-2270,102.0,5.0,ytm,4.769361233644025,4.901960784313726,defaulted,False,False
1839-02-02,state,Pennsylvania,Pennsylvania,S-2240,96.5,5.0,ytm,6.950496347017003,5.181347150259067,defaulted,False,False
1839-02-02,state,Pennsylvania,Pennsylvania,S-2250,101.0,5.0,ytm,4.831190581744742,4.9504950495049505,defaulted,False,False
1839-02-02,state,Pennsylvania,Pennsylvania,S-2270,102.0,5.0,ytm,4.769043136124951,4.901960784313726,defaulted,False,False
1839-02-09,state,Pennsylvania,Pennsylvania,S-2240,96.5,5.0,ytm,6.969325920369472,5.181347150259067,defaulted,False,False
1839-02-09,state,Pennsylvania,Pennsylvania,S-2250,101.0,5.0,ytm,4.830790448077326,4.9504950495049505,defaulted,False,False
1839-02-09,state,Pennsylvania,Pennsylvania,S-2270,102.0,5.0,ytm,4.7687239193886715,4.901960784313726,defaulted,False,False
1839-02-23,state,Pennsylvania,Pennsylvania,S-2240,96.5,5.0,ytm,7.008151500821905,5.181347150259067,defaulted,False,False
1839-02-23,state,Pennsylvania,Pennsylvania,S-2250,101.0,5.0,ytm,4.829983469235293,4.9504950495049505,defaulted,False,False
1839-02-23,state,Pennsylvania,Pennsylvania,S-2270,102.0,5.0,ytm,4.768082104553457,4.901960784313726,defaulted,False,False
1839-03-02,state,Pennsylvania,Pennsylvania,S-2240,96.5,5.0,ytm,7.028171844840597,5.181347150259067,defaulted,False,False
1839-03-02,state,Pennsylvania,Pennsylvania,S-2250,101.0,5.0,ytm,4.829576586431081,4.9504950495049505,defaulted,False,False
1839-03-02,state,Pennsylvania,Pennsylvania,S-2270,102.0,5.0,ytm,4.767759494494169,4.901960784313726,defaulted,False,False
1839-03-16,state,Pennsylvania,Pennsylvania,S-2240,96.5,5.0,ytm,7.069492372221642,5.181347150259067,defaulted,False,False
1839-03-16,state,Pennsylvania,Pennsylvania,S-2250,101.0,5.0,ytm,4.8287559383910095,4.9504950495049505,defaulted,False,False
1839-03-16,state,Pennsylvania,Pennsylvania,S-2270,102.0,5.0,ytm,4.7671108388729335,4.901960784313726,defaulted,False,False
1839-03-23,state,Pennsylvania,Pennsylvania,S-2240,96.5,5.0,ytm,7.090820121354473,5.181347150259067,defaulted,False,False
1839-03-23,state,Pennsylvania,Pennsylvania,S-2250,101.0,5.0,ytm,4.828342134239947,4.9504950495049505,defaulted,False,False
1839-03-23,state,Pennsylvania,Pennsylvania,S-2270,102.0,5.0,ytm,4.766784781094315,4.901960784313726,defaulted,False,False
1839-03-30,state,Pennsylvania,Pennsylvania,S-2240,96.5,5.0,ytm,7.112612238275577,5.181347150259067,defaulted,False,False
1839-03-30,state,Pennsylvania,Pennsylvania,S-2250,101.0,5.0,ytm,4.827925983690297,4.9504950495049505,defaulted,False,False
1839-03-30,state,Pennsylvania,Pennsylvania,S-2270,102.0,5.0,ytm,4.766457561786713,4.901960784313726,defaulted,False,False
1839-04-06,state,Pennsylvania,Pennsylvania,S-2240,96.5,5.0,ytm,7.1348840558836235,5.181347150259067,defaulted,False,False
1839-04-06,state,Pennsylvania,Pennsylvania,S-2250,101.0,5.0,ytm,4.827507466728098,4.9504950495049505,defaulted,False,False
1839-04-06,state,Pennsylvania,Pennsylvania,S-2270,102.0,5.0,ytm,4.766129174732411,4.901960784313726,defaulted,False,False
1839-04-13,state,Pennsylvania,Pennsylvania,S-2240,96.5,5.0,ytm,7.157651589622851,5.181347150259067,defaulted,False,False
1839-04-13,state,Pennsylvania,Pennsylvania,S-2250,101.0,5.0,ytm,4.827086563111125,4.9504950495049505,defaulted,False,False
1839-04-13,state,Pennsylvania,Pennsylvania,S-2270,102.0,5.0,ytm,4.765799613669232,4.901960784313726,defaulted,False,False
1839-04-20,state,Pennsylvania,Pennsylvania,S-2240,96.5,5.0,ytm,7.180931575889972,5.181347150259067,defaulted,False,False
1839-04-20,state,Pennsylvania,Pennsylvania,S-2250,101.0,5.0,ytm,4.8266632523656225,4.9504950495049505,defaulted,False,False
1839-04-20,state,Pennsylvania,Pennsylvania,S-2270,102.0,5.0,ytm,4.765468872290145,4.901960784313726,defaulted,False,False
1839-05-04,state,Pennsylvania,Pennsylvania,S-2240,94.0,5.0,ytm,8.870557514921325,5.319148936170213,defaulted,False,False
1839-05-04,state,Pennsylvania,Pennsylvania,S-2250,96.0,5.0,ytm,5.714537252863347,5.208333333333334,defaulted,False,False
1839-05-04,state,Pennsylvania,Pennsylvania,S-2270,97.0,5.0,ytm,5.361748434476063,5.154639175257731,defaulted,False,False
1839-05-11,state,Pennsylvania,Pennsylvania,S-2240,94.0,5.0,ytm,8.913837761805924,5.319148936170213,defaulted,False,False
1839-05-11,state,Pennsylvania,Pennsylvania,S-2250,96.0,5.0,ytm,5.716303826845942,5.208333333333334,defaulted,False,False
1839-05-11,state,Pennsylvania,Pennsylvania,S-2270,97.0,5.0,ytm,5.362262643354014,5.154639175257731,defaulted,False,False
1839-05-18,state,Pennsylvania,Pennsylvania,S-2240,96.0,5.0,ytm,7.611832611832613,5.208333333333334,defaulted,False,False
1839-05-18,state,Pennsylvania,Pennsylvania,S-2250,97.0,5.0,ytm,5.535826656038931,5.154639175257731,defaulted,False,False
1839-05-18,state,Pennsylvania,Pennsylvania,S-2270,97.0,5.0,ytm,5.362778707146753,5.154639175257731,defaulted,False,False
1839-05-25,state,Pennsylvania,Pennsylvania,S-2240,96.0,5.0,ytm,7.641761985884643,5.208333333333334,defaulted,False,False
1839-05-25,state,Pennsylvania,Pennsylvania,S-2250,97.0,5.0,ytm,5.53716017931635,5.154639175257731,defaulted,False,False
1839-05-25,state,Pennsylvania,Pennsylvania,S-2270,97.0,5.0,ytm,5.363296635909316,5.154639175257731,defaulted,False,False
1839-06-01,state,Pennsylvania,Pennsylvania,S-2240,96.0,5.0,ytm,7.67241379310345,5.208333333333334,defaulted,False,False
1839-06-01,state,Pennsylvania,Pennsylvania,S-2250,97.0,5.0,ytm,5.538501462080839,5.154639175257731,defaulted,False,False
1839-06-01,state,Pennsylvania,Pennsylvania,S-2270,97.0,5.0,ytm,5.363816439769545,5.154639175257731,defaulted,False,False
1839-06-08,state,Pennsylvania,Pennsylvania,S-2240,96.0,5.0,ytm,7.703814510097233,5.208333333333334,defaulted,False,False
1839-06-08,state,Pennsylvania,Pennsylvania,S-2250,97.0,5.0,ytm,5.539850572256206,5.154639175257731,defaulted,False,False
1839-06-08,state,Pennsylvania,Pennsylvania,S-2270,97.0,5.0,ytm,5.3643381289287495,5.154639175257731,defaulted,False,False
1839-06-15,state,Pennsylvania,Pennsylvania,S-2240,96.0,5.0,ytm,7.735991923271075,5.208333333333334,defaulted,False,False
1839-06-15,state,Pennsylvania,Pennsylvania,S-2250,97.0,5.0,ytm,5.541207578561363,5.154639175257731,defaulted,False,False
1839-06-15,state,Pennsylvania,Pennsylvania,S-2270,97.0,5.0,ytm,5.364861713662371,5.154639175257731,defaulted,False,False
1839-06-22,state,Pennsylvania,Pennsylvania,S-2240,96.0,5.0,ytm,7.768975210835675,5.208333333333334,defaulted,False,False
1839-06-22,state,Pennsylvania,Pennsylvania,S-2250,97.0,5.0,ytm,5.542572550521981,5.154639175257731,defaulted,False,False
1839-06-22,state,Pennsylvania,Pennsylvania,S-2270,97.0,5.0,ytm,5.36538720432066,5.154639175257731,defaulted,False,False
1839-06-29,state,Pennsylvania,Pennsylvania,S-2240,96.0,5.0,ytm,7.802795031055901,5.208333333333334,defaulted,False,False
1839-06-29,state,Pennsylvania,Pennsylvania,S-2250,97.0,5.0,ytm,5.543945558482366,5.154639175257731,defaulted,False,False
1839-06-29,state,Pennsylvania,Pennsylvania,S-2270,97.0,5.0,ytm,5.365914611329357,5.154639175257731,defaulted,False,False
1839-07-06,state,Pennsylvania,Pennsylvania,S-2240,96.0,5.0,ytm,7.837483617300131,5.208333333333334,defaulted,False,False
1839-07-06,state,Pennsylvania,Pennsylvania,S-2250,97.0,5.0,ytm,5.545326673617549,5.154639175257731,defaulted,False,False
1839-07-06,state,Pennsylvania,Pennsylvania,S-2270,97.0,5.0,ytm,5.366443945190381,5.154639175257731,defaulted,False,False
1839-07-13,state,Pennsylvania,Pennsylvania,S-2240,96.0,5.0,ytm,7.873074880509824,5.208333333333334,defaulted,False,False
1839-07-13,state,Pennsylvania,Pennsylvania,S-2250,97.0,5.0,ytm,5.5467159679455795,5.154639175257731,defaulted,False,False
1839-07-13,state,Pennsylvania,Pennsylvania,S-2270,97.0,5.0,ytm,5.366975216482532,5.154639175257731,defaulted,False,False
1839-07-20,state,Pennsylvania,Pennsylvania,S-2240,96.0,5.0,ytm,7.909604519774012,5.208333333333334,defaulted,False,False
1839-07-20,state,Pennsylvania,Pennsylvania,S-2250,97.0,5.0,ytm,5.548113514340047,5.154639175257731,defaulted,False,False
1839-07-20,state,Pennsylvania,Pennsylvania,S-2270,97.0,5.0,ytm,5.367508435862186,5.154639175257731,defaulted,False,False
1839-07-27,state,Pennsylvania,Pennsylvania,S-2240,96.0,5.0,ytm,7.947110141766631,5.208333333333334,defaulted,False,False
1839-07-27,state,Pennsylvania,Pennsylvania,S-2250,97.0,5.0,ytm,5.549519386542824,5.154639175257731,defaulted,False,False
1839-07-27,state,Pennsylvania,Pennsylvania,S-2270,97.0,5.0,ytm,5.3680436140640175,5.154639175257731,defaulted,False,False
1839-08-03,state,Pennsylvania,Pennsylvania,S-2240,93.0,5.0,ytm,10.306070293943735,5.376344086021505,defaulted,False,False
1839-08-03,state,Pennsylvania,Pennsylvania,S-2250,94.5,5.0,ytm,6.0230276259097,5.291005291005291,defaulted,False,False
1839-08-03,state,Pennsylvania,Pennsylvania,S-2270,94.5,5.0,ytm,5.684416890352193,5.291005291005291,defaulted,False,False
1839-08-10,state,Pennsylvania,Pennsylvania,S-2240,93.0,5.0,ytm,10.376409631209995,5.376344086021505,defaulted,False,False
1839-08-10,state,Pennsylvania,Pennsylvania,S-2250,94.5,5.0,ytm,6.025669524949819,5.291005291005291,defaulted,False,False
1839-08-10,state,Pennsylvania,Pennsylvania,S-2270,94.5,5.0,ytm,5.685417996754304,5.291005291005291,defaulted,False,False
1839-08-17,state,Pennsylvania,Pennsylvania,S-2240,93.0,5.0,ytm,10.448706723390227,5.376344086021505,defaulted,False,False
1839-08-17,state,Pennsylvania,Pennsylvania,S-2250,94.5,5.0,ytm,6.028327304877254,5.291005291005291,defaulted,False,False
1839-08-17,state,Pennsylvania,Pennsylvania,S-2270,94.5,5.0,ytm,5.686422801174787,5.291005291005291,defaulted,False,False
1840-01-25,state,Pennsylvania,Pennsylvania,S-2250,92.0,5.0,ytm,6.612277060270603,5.434782608695652,defaulted,False,False
1840-01-25,state,Pennsylvania,Pennsylvania,S-2270,93.0,5.0,ytm,5.911433087234811,5.376344086021505,defaulted,False,False
1840-02-01,state,Pennsylvania,Pennsylvania,S-2250,92.0,5.0,ytm,6.616824772481876,5.434782608695652,defaulted,False,False
1840-02-01,state,Pennsylvania,Pennsylvania,S-2270,93.0,5.0,ytm,5.912844076069386,5.376344086021505,defaulted,False,False
1840-02-08,state,Pennsylvania,Pennsylvania,S-2250,92.0,5.0,ytm,6.621402042711234,5.434782608695652,defaulted,False,False
1840-02-08,state,Pennsylvania,Pennsylvania,S-2270,93.0,5.0,ytm,5.914260529314386,5.376344086021505,defaulted,False,False
1840-02-15,state,Pennsylvania,Pennsylvania,S-2250,92.0,5.0,ytm,6.626009160068312,5.434782608695652,defaulted,False,False
1840-02-15,state,Pennsylvania,Pennsylvania,S-2270,93.0,5.0,ytm,5.915682478774858,5.376344086021505,defaulted,False,False
1840-02-22,state,Pennsylvania,Pennsylvania,S-2250,92.0,5.0,ytm,6.630646417445483,5.434782608695652,defaulted,False,False
1840-02-22,state,Pennsylvania,Pennsylvania,S-2270,93.0,5.0,ytm,5.917109956503159,5.376344086021505,defaulted,False,False
1840-02-29,state,Pennsylvania,Pennsylvania,S-2250,92.0,5.0,ytm,6.635314111579935,5.434782608695652,defaulted,False,False
1840-02-29,state,Pennsylvania,Pennsylvania,S-2270,93.0,5.0,ytm,5.918542994801353,5.376344086021505,defaulted,False,False
1840-03-07,state,Pennsylvania,Pennsylvania,S-2250,92.0,5.0,ytm,6.640012543116964,5.434782608695652,defaulted,False,False
1840-03-07,state,Pennsylvania,Pennsylvania,S-2270,93.0,5.0,ytm,5.919981626223654,5.376344086021505,defaulted,False,False
1840-03-14,state,Pennsylvania,Pennsylvania,S-2250,92.0,5.0,ytm,6.644742016674532,5.434782608695652,defaulted,False,False
1840-03-14,state,Pennsylvania,Pennsylvania,S-2270,93.0,5.0,ytm,5.921425883578893,5.376344086021505,defaulted,False,False
1840-03-21,state,Pennsylvania,Pennsylvania,S-2250,92.0,5.0,ytm,6.64950284090909,5.434782608695652,defaulted,False,False
1840-03-21,state,Pennsylvania,Pennsylvania,S-2270,93.0,5.0,ytm,5.922875799933004,5.376344086021505,defaulted,False,False
1840-03-28,state,Pennsylvania,Pennsylvania,S-2250,92.0,5.0,ytm,6.654295328582739,5.434782608695652,defaulted,False,False
1840-03-28,state,Pennsylvania,Pennsylvania,S-2270,93.0,5.0,ytm,5.924331408611556,5.376344086021505,defaulted,False,False
1840-04-04,state,Pennsylvania,Pennsylvania,S-2250,90.0,5.0,ytm,7.095730269429532,5.555555555555555,defaulted,False,False
1840-04-04,state,Pennsylvania,Pennsylvania,S-2270,90.0,5.0,ytm,6.343443604797326,5.555555555555555,defaulted,False,False
1840-04-11,state,Pennsylvania,Pennsylvania,S-2250,90.0,5.0,ytm,7.1018651362984215,5.555555555555555,defaulted,False,False
1840-04-11,state,Pennsylvania,Pennsylvania,S-2270,90.0,5.0,ytm,6.345572546230441,5.555555555555555,defaulted,False,False
1840-04-18,state,Pennsylvania,Pennsylvania,S-2250,91.0,5.0,ytm,6.887303916149973,5.4945054945054945,defaulted,False,False
1840-04-18,state,Pennsylvania,Pennsylvania,S-2270,91.0,5.0,ytm,6.206588440322259,5.4945054945054945,defaulted,False,False
1840-04-25,state,Pennsylvania,Pennsylvania,S-2250,91.0,5.0,ytm,6.892870556859345,5.4945054945054945,defaulted,False,False
1840-04-25,state,Pennsylvania,Pennsylvania,S-2270,91.0,5.0,ytm,6.2085095551957945,5.4945054945054945,defaulted,False,False
1840-05-02,state,Pennsylvania,Pennsylvania,S-2250,91.0,5.0,ytm,6.898474846346462,5.4945054945054945,defaulted,False,False
1840-05-02,state,Pennsylvania,Pennsylvania,S-2270,91.0,5.0,ytm,6.210438287064015,5.4945054945054945,defaulted,False,False
1840-05-09,state,Pennsylvania,Pennsylvania,S-2250,90.0,5.0,ytm,7.126820930173228,5.555555555555555,defaulted,False,False
1840-05-09,state,Pennsylvania,Pennsylvania,S-2270,90.0,5.0,ytm,6.354172889658881,5.555555555555555,defaulted,False,False
1840-05-16,state,Pennsylvania,Pennsylvania,S-2250,91.0,5.0,ytm,6.909797909833561,5.4945054945054945,defaulted,False,False
1840-05-16,state,Pennsylvania,Pennsylvania,S-2270,91.0,5.0,ytm,6.214318783708747,5.4945054945054945,defaulted,False,False
1840-06-13,state,Pennsylvania,Pennsylvania,S-2270,95.5,5.0,ytm,5.597020669271858,5.2356020942408374,defaulted,False,False
1840-06-20,state,Pennsylvania,Pennsylvania,S-2270,97.0,5.0,ytm,5.395624196374684,5.154639175257731,defaulted,False,False
1840-06-27,state,Pennsylvania,Pennsylvania,S-2270,97.0,5.0,ytm,5.39626775736771,5.154639175257731,defaulted,False,False
1840-07-04,state,Pennsylvania,Pennsylvania,S-2270,97.0,5.0,ytm,5.396913916357824,5.154639175257731,defaulted,False,False
1840-07-11,state,Pennsylvania,Pennsylvania,S-2270,94.5,5.0,ytm,5.738233373863298,5.291005291005291,defaulted,False,False
1840-07-18,state,Pennsylvania,Pennsylvania,S-2270,94.5,5.0,ytm,5.73944296170157,5.291005291005291,defaulted,False,False
1840-07-25,state,Pennsylvania,Pennsylvania,S-2270,94.5,5.0,ytm,5.740657462284181,5.291005291005291,defaulted,False,False
1840-08-01,state,Pennsylvania,Pennsylvania,S-2270,94.5,5.0,ytm,5.741876905601722,5.291005291005291,defaulted,False,False
1840-08-08,state,Pennsylvania,Pennsylvania,S-2270,94.5,5.0,ytm,5.743101321889389,5.291005291005291,defaulted,False,False
1840-08-15,state,Pennsylvania,Pennsylvania,S-2250,98.0,5.0,ytm,5.426015884031152,5.1020408163265305,defaulted,False,False
1840-08-15,state,Pennsylvania,Pennsylvania,S-2270,98.0,5.0,ytm,5.265881229103646,5.1020408163265305,defaulted,False,False
1840-08-22,state,Pennsylvania,Pennsylvania,S-2250,98.0,5.0,ytm,5.427358364028436,5.1020408163265305,defaulted,False,False
1840-08-22,state,Pennsylvania,Pennsylvania,S-2270,98.0,5.0,ytm,5.266322186474278,5.1020408163265305,defaulted,False,False
1840-08-29,state,Pennsylvania,Pennsylvania,S-2250,98.0,5.0,ytm,5.428710477403455,5.1020408163265305,defaulted,False,False
1840-08-29,state,Pennsylvania,Pennsylvania,S-2270,98.0,5.0,ytm,5.26676495316589,5.1020408163265305,defaulted,False,False
1840-09-05,state,Pennsylvania,Pennsylvania,S-2250,97.0,5.0,ytm,5.648383154728332,5.154639175257731,defaulted,False,False
1840-09-05,state,Pennsylvania,Pennsylvania,S-2270,97.0,5.0,ytm,5.4028489009146,5.154639175257731,defaulted,False,False
1840-09-19,state,Pennsylvania,Pennsylvania,S-2250,95.0,5.0,ytm,6.0987113059651925,5.263157894736842,defaulted,False,False
1840-09-19,state,Pennsylvania,Pennsylvania,S-2270,95.0,5.0,ytm,5.680572253854472,5.263157894736842,defaulted,False,False
1840-09-26,state,Pennsylvania,Pennsylvania,S-2250,93.5,5.0,ytm,6.44402520286858,5.347593582887701,defaulted,False,False
1840-09-26,state,Pennsylvania,Pennsylvania,S-2270,93.5,5.0,ytm,5.893099309106236,5.347593582887701,defaulted,False,False
1840-10-03,state,Pennsylvania,Pennsylvania,S-2250,93.5,5.0,ytm,6.448687241399773,5.347593582887701,defaulted,False,False
1840-10-03,state,Pennsylvania,Pennsylvania,S-2270,93.5,5.0,ytm,5.894602413805504,5.347593582887701,defaulted,False,False
1840-10-10,state,Pennsylvania,Pennsylvania,S-2250,93.0,5.0,ytm,6.5692370744523485,5.376344086021505,defaulted,False,False
1840-10-10,state,Pennsylvania,Pennsylvania,S-2270,93.0,5.0,ytm,5.967543549453422,5.376344086021505,defaulted,False,False
1840-10-17,state,Pennsylvania,Pennsylvania,S-2250,93.0,5.0,ytm,6.574344976381556,5.376344086021505,defaulted,False,False
1840-10-17,state,Pennsylvania,Pennsylvania,S-2270,93.0,5.0,ytm,5.96917999750408,5.376344086021505,defaulted,False,False
1840-10-24,state,Pennsylvania,Pennsylvania,S-2250,94.0,5.0,ytm,6.346870494790958,5.319148936170213,defaulted,False,False
1840-10-24,state,Pennsylvania,Pennsylvania,S-2270,94.0,5.0,ytm,5.827844881609181,5.319148936170213,defaulted,False,False
1840-10-31,state,Pennsylvania,Pennsylvania,S-2250,94.0,5.0,ytm,6.351290843962956,5.319148936170213,defaulted,False,False
1840-10-31,state,Pennsylvania,Pennsylvania,S-2270,94.0,5.0,ytm,5.829252000135446,5.319148936170213,defaulted,False,False
1840-11-07,state,Pennsylvania,Pennsylvania,S-2250,94.0,5.0,ytm,6.355744093128793,5.319148936170213,defaulted,False,False
1840-11-07,state,Pennsylvania,Pennsylvania,S-2270,94.0,5.0,ytm,5.8306650132336335,5.319148936170213,defaulted,False,False
1840-11-14,state,Pennsylvania,Pennsylvania,S-2250,94.5,5.0,ytm,6.243672717994584,5.291005291005291,defaulted,False,False
1840-11-14,state,Pennsylvania,Pennsylvania,S-2270,94.5,5.0,ytm,5.7607828476507255,5.291005291005291,defaulted,False,False
1840-11-21,state,Pennsylvania,Pennsylvania,S-2250,94.5,5.0,ytm,6.247805547026354,5.291005291005291,defaulted,False,False
1840-11-21,state,Pennsylvania,Pennsylvania,S-2270,94.5,5.0,ytm,5.762085660964999,5.291005291005291,defaulted,False,False
1840-11-28,state,Pennsylvania,Pennsylvania,S-2250,94.5,5.0,ytm,6.251969483373414,5.291005291005291,defaulted,False,False
1840-11-28,state,Pennsylvania,Pennsylvania,S-2270,94.5,5.0,ytm,5.7633939664161,5.291005291005291,defaulted,False,False
1840-12-05,state,Pennsylvania,Pennsylvania,S-2250,94.5,5.0,ytm,6.25616487957415,5.291005291005291,defaulted,False,False
1840-12-05,state,Pennsylvania,Pennsylvania,S-2270,94.5,5.0,ytm,5.7647077988063415,5.291005291005291,defaulted,False,False
1840-12-19,state,Pennsylvania,Pennsylvania,S-2250,93.0,5.0,ytm,6.622065945955084,5.376344086021505,defaulted,False,False
1840-12-19,state,Pennsylvania,Pennsylvania,S-2270,93.0,5.0,ytm,5.984220442769665,5.376344086021505,defaulted,False,False
1840-12-26,state,Pennsylvania,Pennsylvania,S-2250,93.0,5.0,ytm,6.627570875851302,5.376344086021505,defaulted,False,False
1840-12-26,state,Pennsylvania,Pennsylvania,S-2270,93.0,5.0,ytm,5.985927127570022,5.376344086021505,defaulted,False,False
1841-01-02,state,Pennsylvania,Pennsylvania,S-2250,92.5,5.0,ytm,6.754314178971714,5.405405405405405,defaulted,False,False
1841-01-02,state,Pennsylvania,Pennsylvania,S-2270,92.5,5.0,ytm,6.060935412730909,5.405405405405405,defaulted,False,False
1841-01-09,state,Pennsylvania,Pennsylvania,S-2250,89.0,5.0,ytm,7.629612167565964,5.617977528089887,defaulted,False,False
1841-01-09,state,Pennsylvania,Pennsylvania,S-2270,89.0,5.0,ytm,6.587616239949268,5.617977528089887,defaulted,False,False
1841-01-16,state,Pennsylvania,Pennsylvania,S-2250,89.0,5.0,ytm,7.638651509441129,5.617977528089887,defaulted,False,False
1841-01-16,state,Pennsylvania,Pennsylvania,S-2270,89.0,5.0,ytm,6.59039016312855,5.617977528089887,defaulted,False,False
1841-01-23,state,Pennsylvania,Pennsylvania,S-2250,88.0,5.0,ytm,7.903830730763787,5.681818181818182,defaulted,False,False
1841-01-23,state,Pennsylvania,Pennsylvania,S-2270,88.0,5.0,ytm,6.747254895571992,5.681818181818182,defaulted,False,False
1841-02-20,state,Pennsylvania,Pennsylvania,S-2250,82.0,5.0,ytm,9.562481437481438,6.097560975609756,defaulted,False,False
1841-02-20,state,Pennsylvania,Pennsylvania,S-2270,82.0,5.0,ytm,7.726425567018709,6.097560975609756,defaulted,False,False
1841-02-27,state,Pennsylvania,Pennsylvania,S-2250,79.0,5.0,ytm,10.431200280434926,6.329113924050633,defaulted,False,False
1841-02-27,state,Pennsylvania,Pennsylvania,S-2270,79.0,5.0,ytm,8.239877544666793,6.329113924050633,defaulted,False,False
1841-03-06,state,Pennsylvania,Pennsylvania,S-2250,73.0,5.0,ytm,12.250759449653248,6.8493150684931505,defaulted,False,False
1841-03-06,state,Pennsylvania,Pennsylvania,S-2270,73.0,5.0,ytm,9.317693098197743,6.8493150684931505,defaulted,False,False
1841-03-13,state,Pennsylvania,Pennsylvania,S-2250,73.0,5.0,ytm,12.276567363272566,6.8493150684931505,defaulted,False,False
1841-03-13,state,Pennsylvania,Pennsylvania,S-2270,73.0,5.0,ytm,9.325392545940815,6.8493150684931505,defaulted,False,False
1841-03-20,state,Pennsylvania,Pennsylvania,S-2250,73.0,5.0,ytm,12.302581976428884,6.8493150684931505,defaulted,False,False
1841-03-20,state,Pennsylvania,Pennsylvania,S-2270,73.0,5.0,ytm,9.333125584294171,6.8493150684931505,defaulted,False,False
1841-03-27,state,Pennsylvania,Pennsylvania,S-2250,72.0,5.0,ytm,12.644430493033942,6.944444444444445,defaulted,False,False
1841-03-27,state,Pennsylvania,Pennsylvania,S-2270,72.0,5.0,ytm,9.52783870546025,6.944444444444445,defaulted,False,False
1841-04-03,state,Pennsylvania,Pennsylvania,S-2250,74.0,5.0,ytm,12.04211907886887,6.756756756756757,defaulted,False,False
1841-04-03,state,Pennsylvania,Pennsylvania,S-2270,74.0,5.0,ytm,9.16356375802709,6.756756756756757,defaulted,False,False
1841-04-10,state,Pennsylvania,Pennsylvania,S-2250,78.0,5.0,ytm,10.845917125885636,6.41025641025641,defaulted,False,False
1841-04-10,state,Pennsylvania,Pennsylvania,S-2270,78.0,5.0,ytm,8.450051457008726,6.41025641025641,defaulted,False,False
1841-04-17,state,Pennsylvania,Pennsylvania,S-2250,80.5,5.0,ytm,10.12843844617664,6.211180124223603,defaulted,False,False
1841-04-17,state,Pennsylvania,Pennsylvania,S-2270,80.5,5.0,ytm,8.02109303769525,6.211180124223603,defaulted,False,False
1841-04-24,state,Pennsylvania,Pennsylvania,S-2250,80.5,5.0,ytm,10.147187953291835,6.211180124223603,defaulted,False,False
1841-04-24,state,Pennsylvania,Pennsylvania,S-2270,80.5,5.0,ytm,8.02656452094319,6.211180124223603,defaulted,False,False
1841-05-01,state,Pennsylvania,Pennsylvania,S-2250,80.5,5.0,ytm,10.166091325060972,6.211180124223603,defaulted,False,False
1841-05-01,state,Pennsylvania,Pennsylvania,S-2270,80.5,5.0,ytm,8.032060191360525,6.211180124223603,defaulted,False,False
1841-05-15,state,Pennsylvania,Pennsylvania,S-2250,80.5,5.0,ytm,10.204367301231802,6.211180124223603,defaulted,False,False
1841-05-15,state,Pennsylvania,Pennsylvania,S-2270,80.5,5.0,ytm,8.043124738080868,6.211180124223603,defaulted,False,False
1841-05-22,state,Pennsylvania,Pennsylvania,S-2250,80.5,5.0,ytm,10.22374380430226,6.211180124223603,defaulted,False,False
1841-05-22,state,Pennsylvania,Pennsylvania,S-2270,80.5,5.0,ytm,8.048693940157047,6.211180124223603,defaulted,False,False
1841-05-29,state,Pennsylvania,Pennsylvania,S-2250,80.5,5.0,ytm,10.243281970687963,6.211180124223603,defaulted,False,False
1841-05-29,state,Pennsylvania,Pennsylvania,S-2270,80.5,5.0,ytm,8.054287980980938,6.211180124223603,defaulted,False,False
1841-06-05,state,Pennsylvania,Pennsylvania,S-2250,79.0,5.0,ytm,10.715324513806005,6.329113924050633,defaulted,False,False
1841-06-05,state,Pennsylvania,Pennsylvania,S-2270,79.0,5.0,ytm,8.32289860656264,6.329113924050633,defaulted,False,False
1841-06-19,state,Pennsylvania,Pennsylvania,S-2250,80.0,5.0,ytm,10.45396633809428,6.25,defaulted,False,False
1841-06-19,state,Pennsylvania,Pennsylvania,S-2270,80.0,5.0,ytm,8.158719977193357,6.25,defaulted,False,False
1841-06-26,state,Pennsylvania,Pennsylvania,S-2250,80.0,5.0,ytm,10.474747474747476,6.25,defaulted,False,False
1841-06-26,state,Pennsylvania,Pennsylvania,S-2270,80.0,5.0,ytm,8.164577306332369,6.25,defaulted,False,False
1841-07-17,state,Pennsylvania,Pennsylvania,S-2250,78.0,5.0,ytm,11.160427918140996,6.41025641025641,defaulted,False,False
1841-07-17,state,Pennsylvania,Pennsylvania,S-2270,78.0,5.0,ytm,8.539871277408094,6.41025641025641,defaulted,False,False
1841-07-24,state,Pennsylvania,Pennsylvania,S-2250,78.0,5.0,ytm,11.18434724781446,6.41025641025641,defaulted,False,False
1841-07-24,state,Pennsylvania,Pennsylvania,S-2270,78.0,5.0,ytm,8.546505483131488,6.41025641025641,defaulted,False,False
1841-07-31,state,Pennsylvania,Pennsylvania,S-2250,78.0,5.0,ytm,11.208473927714197,6.41025641025641,defaulted,False,False
1841-07-31,state,Pennsylvania,Pennsylvania,S-2270,78.0,5.0,ytm,8.553169883549334,6.41025641025641,defaulted,False,False
1841-08-07,state,Pennsylvania,Pennsylvania,S-2250,81.0,5.0,ytm,10.29366290096479,6.172839506172839,defaulted,False,False
1841-08-07,state,Pennsylvania,Pennsylvania,S-2270,81.0,5.0,ytm,8.023471211851179,6.172839506172839,defaulted,False,False
1841-08-14,state,Pennsylvania,Pennsylvania,S-2250,84.0,5.0,ytm,9.402411536268094,5.952380952380952,defaulted,False,False
1841-08-14,state,Pennsylvania,Pennsylvania,S-2270,84.0,5.0,ytm,7.509300542413314,5.952380952380952,defaulted,False,False
1841-08-28,state,Pennsylvania,Pennsylvania,S-2250,79.5,5.0,ytm,10.82796678444113,6.289308176100629,defaulted,False,False
1841-08-28,state,Pennsylvania,Pennsylvania,S-2270,79.5,5.0,ytm,8.30815585725879,6.289308176100629,defaulted,False,False
1841-09-04,state,Pennsylvania,Pennsylvania,S-2250,79.5,5.0,ytm,10.85125700786291,6.289308176100629,defaulted,False,False
1841-09-04,state,Pennsylvania,Pennsylvania,S-2270,79.5,5.0,ytm,8.31445637567909,6.289308176100629,defaulted,False,False
1841-09-11,state,Pennsylvania,Pennsylvania,S-2250,79.5,5.0,ytm,10.874754518715015,6.289308176100629,defaulted,False,False
1841-09-11,state,Pennsylvania,Pennsylvania,S-2270,79.5,5.0,ytm,8.32078596702552,6.289308176100629,defaulted,False,False
1841-09-18,state,Pennsylvania,Pennsylvania,S-2250,78.0,5.0,ytm,11.38340006026949,6.41025641025641,defaulted,False,False
1841-09-18,state,Pennsylvania,Pennsylvania,S-2270,78.0,5.0,ytm,8.600683734034142,6.41025641025641,defaulted,False,False
1841-09-25,state,Pennsylvania,Pennsylvania,S-2250,81.0,5.0,ytm,10.443548244199604,6.172839506172839,defaulted,False,False
1841-09-25,state,Pennsylvania,Pennsylvania,S-2270,78.5,5.0,ytm,8.51573079562951,6.369426751592357,defaulted,False,False
1841-10-02,state,Pennsylvania,Pennsylvania,S-2250,80.0,5.0,ytm,10.785366552119129,6.25,defaulted,False,False
1841-10-02,state,Pennsylvania,Pennsylvania,S-2270,78.5,5.0,ytm,8.522499607210957,6.369426751592357,defaulted,False,False
1841-10-16,state,Pennsylvania,Pennsylvania,S-2250,74.0,5.0,ytm,12.844341808289611,6.756756756756757,defaulted,False,False
1841-10-16,state,Pennsylvania,Pennsylvania,S-2270,74.0,5.0,ytm,9.386845423570309,6.756756756756757,defaulted,False,False
1841-10-23,state,Pennsylvania,Pennsylvania,S-2250,74.0,5.0,ytm,12.876791519328512,6.756756756756757,defaulted,False,False
1841-10-23,state,Pennsylvania,Pennsylvania,S-2270,74.0,5.0,ytm,9.395360808900364,6.756756756756757,defaulted,False,False
1841-10-30,state,Pennsylvania,Pennsylvania,S-2250,73.0,5.0,ytm,13.261230713212871,6.8493150684931505,defaulted,False,False
1841-10-30,state,Pennsylvania,Pennsylvania,S-2270,73.0,5.0,ytm,9.599732767885673,6.8493150684931505,defaulted,False,False
1841-11-06,state,Pennsylvania,Pennsylvania,S-2250,72.0,5.0,ytm,13.653017736965554,6.944444444444445,defaulted,False,False
1841-11-06,state,Pennsylvania,Pennsylvania,S-2270,72.0,5.0,ytm,9.807190716416512,6.944444444444445,defaulted,False,False
1841-11-20,state,Pennsylvania,Pennsylvania,S-2250,68.5,5.0,ytm,15.02070043888484,7.2992700729927,defaulted,False,False
1841-11-20,state,Pennsylvania,Pennsylvania,S-2270,68.5,5.0,ytm,10.542083638678983,7.2992700729927,defaulted,False,False
1841-11-27,state,Pennsylvania,Pennsylvania,S-2250,68.5,5.0,ytm,15.063215062124122,7.2992700729927,defaulted,False,False
1841-11-27,state,Pennsylvania,Pennsylvania,S-2270,68.5,5.0,ytm,10.552990489799893,7.2992700729927,defaulted,False,False
1841-12-04,state,Pennsylvania,Pennsylvania,S-2250,60.0,5.0,ytm,18.51494291470786,8.333333333333332,defaulted,False,False
1841-12-04,state,Pennsylvania,Pennsylvania,S-2270,60.0,5.0,ytm,12.440677966101694,8.333333333333332,defaulted,False,False
1841-12-11,state,Pennsylvania,Pennsylvania,S-2250,61.0,5.0,ytm,18.151356652500816,8.19672131147541,defaulted,False,False
1841-12-11,state,Pennsylvania,Pennsylvania,S-2270,61.0,5.0,ytm,12.223868406556878,8.19672131147541,defaulted,False,False
1841-12-18,state,Pennsylvania,Pennsylvania,S-2250,60.0,5.0,ytm,18.631355932203387,8.333333333333332,defaulted,False,False
1841-12-18,state,Pennsylvania,Pennsylvania,S-2270,60.0,5.0,ytm,12.470197547683926,8.333333333333332,defaulted,False,False
1841-12-25,state,Pennsylvania,Pennsylvania,S-2250,60.0,5.0,ytm,18.690395095367847,8.333333333333332,defaulted,False,False
1841-12-25,state,Pennsylvania,Pennsylvania,S-2270,60.0,5.0,ytm,12.485063161488563,8.333333333333332,defaulted,False,False
1842-01-01,state,Pennsylvania,Pennsylvania,S-2250,60.0,5.0,ytm,18.75,8.333333333333332,defaulted,False,False
1842-01-01,state,Pennsylvania,Pennsylvania,S-2270,60.0,5.0,ytm,12.5,8.333333333333332,defaulted,False,False
1842-01-08,state,Pennsylvania,Pennsylvania,S-2250,50.0,5.0,ytm,23.413571756075193,10.0,defaulted,False,False
1842-01-08,state,Pennsylvania,Pennsylvania,S-2270,50.0,5.0,ytm,15.020011435105774,10.0,defaulted,False,False
1842-01-15,state,Pennsylvania,Pennsylvania,S-2250,50.0,5.0,ytm,23.494586500806264,10.0,defaulted,False,False
1842-01-15,state,Pennsylvania,Pennsylvania,S-2270,50.0,5.0,ytm,15.04011921137093,10.0,defaulted,False,False
1842-01-22,state,Pennsylvania,Pennsylvania,S-2250,52.0,5.0,ytm,22.59868421052632,9.615384615384617,defaulted,False,False
1842-01-22,state,Pennsylvania,Pennsylvania,S-2270,52.0,5.0,ytm,14.530833287976922,9.615384615384617,defaulted,False,False
1842-02-05,state,Pennsylvania,Pennsylvania,S-2250,52.0,5.0,ytm,22.755960729312765,9.615384615384617,defaulted,False,False
1842-02-05,state,Pennsylvania,Pennsylvania,S-2270,52.0,5.0,ytm,14.569394563651942,9.615384615384617,defaulted,False,False
1842-02-19,state,Pennsylvania,Pennsylvania,S-2250,52.0,5.0,ytm,22.916356045922175,9.615384615384617,defaulted,False,False
1842-02-19,state,Pennsylvania,Pennsylvania,S-2270,52.0,5.0,ytm,14.608331654056828,9.615384615384617,defaulted,False,False
1842-02-26,state,Pennsylvania,Pennsylvania,S-2250,52.0,5.0,ytm,22.997752388087655,9.615384615384617,defaulted,False,False
1842-02-26,state,Pennsylvania,Pennsylvania,S-2270,52.0,5.0,ytm,14.627942850846589,9.615384615384617,defaulted,False,False
1842-03-05,state,Pennsylvania,Pennsylvania,S-2250,49.5,5.0,ytm,24.339716077913508,10.1010101010101,defaulted,False,False
1842-03-05,state,Pennsylvania,Pennsylvania,S-2270,49.5,5.0,ytm,15.31986650148975,10.1010101010101,defaulted,False,False
1842-03-12,state,Pennsylvania,Pennsylvania,S-2250,49.5,5.0,ytm,24.428540858697453,10.1010101010101,defaulted,False,False
1842-03-12,state,Pennsylvania,Pennsylvania,S-2270,49.5,5.0,ytm,15.341050345471348,10.1010101010101,defaulted,False,False
1842-08-06,state,Pennsylvania,Pennsylvania,S-2240,48.0,5.0,current_yield,10.416666666666668,10.416666666666668,defaulted,False,False
1842-08-13,state,Pennsylvania,Pennsylvania,S-2240,37.0,5.0,current_yield,13.513513513513514,13.513513513513514,defaulted,False,False
1842-08-13,state,Pennsylvania,Pennsylvania,S-2250,37.0,5.0,current_yield,13.513513513513514,13.513513513513514,defaulted,False,False
1842-08-13,state,Pennsylvania,Pennsylvania,S-2270,37.0,5.0,current_yield,13.513513513513514,13.513513513513514,defaulted,False,False
1842-08-20,state,Pennsylvania,Pennsylvania,S-2240,37.0,5.0,current_yield,13.513513513513514,13.513513513513514,defaulted,False,False
1842-08-20,state,Pennsylvania,Pennsylvania,S-2250,37.0,5.0,current_yield,13.513513513513514,13.513513513513514,defaulted,False,False
1842-08-20,state,Pennsylvania,Pennsylvania,S-2270,37.0,5.0,current_yield,13.513513513513514,13.513513513513514,defaulted,False,False
1842-08-27,state,Pennsylvania,Pennsylvania,S-2240,40.0,5.0,current_yield,12.5,12.5,defaulted,False,False
1842-08-27,state,Pennsylvania,Pennsylvania,S-2250,40.0,5.0,current_yield,12.5,12.5,defaulted,False,False
1842-08-27,state,Pennsylvania,Pennsylvania,S-2270,40.0,5.0,current_yield,12.5,12.5,defaulted,False,False
1842-09-03,state,Pennsylvania,Pennsylvania,S-2240,40.0,5.0,current_yield,12.5,12.5,defaulted,False,False
1842-09-03,state,Pennsylvania,Pennsylvania,S-2250,40.0,5.0,current_yield,12.5,12.5,defaulted,False,False
1842-09-03,state,Pennsylvania,Pennsylvania,S-2270,40.0,5.0,current_yield,12.5,12.5,defaulted,False,False
1842-09-10,state,Pennsylvania,Pennsylvania,S-2240,40.0,5.0,current_yield,12.5,12.5,defaulted,False,False
1842-09-10,state,Pennsylvania,Pennsylvania,S-2250,40.0,5.0,current_yield,12.5,12.5,defaulted,False,False
1842-09-10,state,Pennsylvania,Pennsylvania,S-2270,40.0,5.0,current_yield,12.5,12.5,defaulted,False,False
1842-09-17,state,Pennsylvania,Pennsylvania,S-2240,40.0,5.0,current_yield,12.5,12.5,defaulted,False,False
1842-09-17,state,Pennsylvania,Pennsylvania,S-2250,40.0,5.0,current_yield,12.5,12.5,defaulted,False,False
1842-09-17,state,Pennsylvania,Pennsylvania,S-2270,40.0,5.0,current_yield,12.5,12.5,defaulted,False,False
1842-09-24,state,Pennsylvania,Pennsylvania,S-2240,40.0,5.0,current_yield,12.5,12.5,defaulted,False,False
1842-09-24,state,Pennsylvania,Pennsylvania,S-2250,40.0,5.0,current_yield,12.5,12.5,defaulted,False,False
1842-09-24,state,Pennsylvania,Pennsylvania,S-2270,40.0,5.0,current_yield,12.5,12.5,defaulted,False,False
1842-12-17,state,Pennsylvania,Pennsylvania,S-2410,45.5,6.0,current_yield,13.186813186813188,13.186813186813188,defaulted,False,False
1842-12-31,state,Pennsylvania,Pennsylvania,S-2330,44.5,5.0,current_yield,11.235955056179774,11.235955056179774,defaulted,False,False
1842-12-31,state,Pennsylvania,Pennsylvania,S-2410,46.0,6.0,current_yield,13.043478260869565,13.043478260869565,defaulted,False,False
1843-01-07,state,Pennsylvania,Pennsylvania,S-2330,44.5,5.0,current_yield,11.235955056179774,11.235955056179774,defaulted,False,False
1843-01-07,state,Pennsylvania,Pennsylvania,S-2410,46.0,6.0,current_yield,13.043478260869565,13.043478260869565,defaulted,False,False
1843-01-14,state,Pennsylvania,Pennsylvania,S-2330,42.0,5.0,current_yield,11.904761904761903,11.904761904761903,defaulted,False,False
1843-01-14,state,Pennsylvania,Pennsylvania,S-2410,41.0,6.0,current_yield,14.634146341463412,14.634146341463412,defaulted,False,False
1843-01-21,state,Pennsylvania,Pennsylvania,S-2330,40.0,5.0,current_yield,12.5,12.5,defaulted,False,False
1843-01-21,state,Pennsylvania,Pennsylvania,S-2410,44.0,6.0,current_yield,13.636363636363637,13.636363636363637,defaulted,False,False
1843-01-28,state,Pennsylvania,Pennsylvania,S-2330,42.0,5.0,current_yield,11.904761904761903,11.904761904761903,defaulted,False,False
1843-01-28,state,Pennsylvania,Pennsylvania,S-2410,45.0,6.0,current_yield,13.333333333333334,13.333333333333334,defaulted,False,False
1843-02-11,state,Pennsylvania,Pennsylvania,S-2330,42.0,5.0,current_yield,11.904761904761903,11.904761904761903,defaulted,False,False
1843-02-11,state,Pennsylvania,Pennsylvania,S-2410,48.5,6.0,current_yield,12.371134020618555,12.371134020618555,defaulted,False,False
1843-02-18,state,Pennsylvania,Pennsylvania,S-2330,41.5,5.0,current_yield,12.048192771084338,12.048192771084338,defaulted,False,False
1843-02-18,state,Pennsylvania,Pennsylvania,S-2410,47.0,6.0,current_yield,12.76595744680851,12.76595744680851,defaulted,False,False
1843-02-25,state,Pennsylvania,Pennsylvania,S-2330,40.75,5.0,current_yield,12.269938650306749,12.269938650306749,defaulted,False,False
1843-02-25,state,Pennsylvania,Pennsylvania,S-2410,45.0,6.0,current_yield,13.333333333333334,13.333333333333334,defaulted,False,False
1843-03-04,state,Pennsylvania,Pennsylvania,S-2330,39.0,5.0,current_yield,12.82051282051282,12.82051282051282,defaulted,False,False
1843-03-04,state,Pennsylvania,Pennsylvania,S-2410,44.0,6.0,current_yield,13.636363636363637,13.636363636363637,defaulted,False,False
1843-03-11,state,Pennsylvania,Pennsylvania,S-2330,39.25,5.0,current_yield,12.738853503184714,12.738853503184714,defaulted,False,False
1843-03-11,state,Pennsylvania,Pennsylvania,S-2410,43.0,6.0,current_yield,13.953488372093023,13.953488372093023,defaulted,False,False
1843-03-18,state,Pennsylvania,Pennsylvania,S-2330,37.0,5.0,current_yield,13.513513513513514,13.513513513513514,defaulted,False,False
1843-03-18,state,Pennsylvania,Pennsylvania,S-2410,43.0,6.0,current_yield,13.953488372093023,13.953488372093023,defaulted,False,False
1843-03-26,state,Pennsylvania,Pennsylvania,S-2330,38.0,5.0,current_yield,13.157894736842104,13.157894736842104,defaulted,False,False
1843-03-26,state,Pennsylvania,Pennsylvania,S-2410,43.0,6.0,current_yield,13.953488372093023,13.953488372093023,defaulted,False,False
1843-04-01,state,Pennsylvania,Pennsylvania,S-2330,38.5,5.0,current_yield,12.987012987012983,12.987012987012983,defaulted,False,False
1843-04-01,state,Pennsylvania,Pennsylvania,S-2410,44.0,6.0,current_yield,13.636363636363637,13.636363636363637,defaulted,False,False
1843-04-08,state,Pennsylvania,Pennsylvania,S-2330,39.75,5.0,current_yield,12.57861635220126,12.57861635220126,defaulted,False,False
1843-04-08,state,Pennsylvania,Pennsylvania,S-2410,44.0,6.0,current_yield,13.636363636363637,13.636363636363637,defaulted,False,False
1843-04-15,state,Pennsylvania,Pennsylvania,S-2330,39.75,5.0,current_yield,12.57861635220126,12.57861635220126,defaulted,False,False
1843-04-15,state,Pennsylvania,Pennsylvania,S-2410,44.0,6.0,current_yield,13.636363636363637,13.636363636363637,defaulted,False,False
1843-04-22,state,Pennsylvania,Pennsylvania,S-2330,48.5,5.0,current_yield,10.309278350515465,10.309278350515465,defaulted,False,False
1843-04-22,state,Pennsylvania,Pennsylvania,S-2410,49.0,6.0,current_yield,12.244897959183673,12.244897959183673,defaulted,False,False
1843-04-29,state,Pennsylvania,Pennsylvania,S-2330,43.0,5.0,current_yield,11.627906976744184,11.627906976744184,defaulted,False,False
1843-04-29,state,Pennsylvania,Pennsylvania,S-2410,47.0,6.0,current_yield,12.76595744680851,12.76595744680851,defaulted,False,False
1843-05-06,state,Pennsylvania,Pennsylvania,S-2330,48.0,5.0,current_yield,10.416666666666668,10.416666666666668,defaulted,False,False
1843-05-06,state,Pennsylvania,Pennsylvania,S-2410,50.0,6.0,current_yield,12.0,12.0,defaulted,False,False
1843-05-13,state,Pennsylvania,Pennsylvania,S-2330,47.0,5.0,current_yield,10.638297872340424,10.638297872340424,defaulted,False,False
1843-05-13,state,Pennsylvania,Pennsylvania,S-2410,50.0,6.0,current_yield,12.0,12.0,defaulted,False,False
1843-05-20,state,Pennsylvania,Pennsylvania,S-2330,45.75,5.0,current_yield,10.92896174863388,10.92896174863388,defaulted,False,False
1843-05-20,state,Pennsylvania,Pennsylvania,S-2410,48.0,6.0,current_yield,12.5,12.5,defaulted,False,False
1843-05-27,state,Pennsylvania,Pennsylvania,S-2330,47.5,5.0,current_yield,10.526315789473683,10.526315789473683,defaulted,False,False
1843-05-27,state,Pennsylvania,Pennsylvania,S-2410,49.0,6.0,current_yield,12.244897959183673,12.244897959183673,defaulted,False,False
1843-06-03,state,Pennsylvania,Pennsylvania,S-2330,49.25,5.0,current_yield,10.152284263959393,10.152284263959393,defaulted,False,False
1843-06-03,state,Pennsylvania,Pennsylvania,S-2410,52.5,6.0,current_yield,11.428571428571429,11.428571428571429,defaulted,False,False
1843-06-10,state,Pennsylvania,Pennsylvania,S-2330,45.0,5.0,current_yield,11.11111111111111,11.11111111111111,defaulted,False,False
1843-06-10,state,Pennsylvania,Pennsylvania,S-2410,48.0,6.0,current_yield,12.5,12.5,defaulted,False,False
1843-06-17,state,Pennsylvania,Pennsylvania,S-2330,46.5,5.0,current_yield,10.75268817204301,10.75268817204301,defaulted,False,False
1843-06-17,state,Pennsylvania,Pennsylvania,S-2410,50.0,6.0,current_yield,12.0,12.0,defaulted,False,False
1843-06-24,state,Pennsylvania,Pennsylvania,S-2330,45.75,5.0,current_yield,10.92896174863388,10.92896174863388,defaulted,False,False
1843-06-24,state,Pennsylvania,Pennsylvania,S-2410,50.0,6.0,current_yield,12.0,12.0,defaulted,False,False
1843-07-01,state,Pennsylvania,Pennsylvania,S-2330,48.5,5.0,current_yield,10.309278350515465,10.309278350515465,defaulted,False,False
1843-07-01,state,Pennsylvania,Pennsylvania,S-2410,50.5,6.0,current_yield,11.88118811881188,11.88118811881188,defaulted,False,False
1843-07-08,state,Pennsylvania,Pennsylvania,S-2330,48.25,5.0,current_yield,10.362694300518134,10.362694300518134,defaulted,False,False
1843-07-08,state,Pennsylvania,Pennsylvania,S-2410,53.0,6.0,current_yield,11.320754716981131,11.320754716981131,defaulted,False,False
1843-07-15,state,Pennsylvania,Pennsylvania,S-2330,48.75,5.0,current_yield,10.256410256410255,10.256410256410255,defaulted,False,False
1843-07-15,state,Pennsylvania,Pennsylvania,S-2410,51.0,6.0,current_yield,11.76470588235294,11.76470588235294,defaulted,False,False
1843-07-22,state,Pennsylvania,Pennsylvania,S-2330,48.75,5.0,current_yield,10.256410256410255,10.256410256410255,defaulted,False,False
1843-07-22,state,Pennsylvania,Pennsylvania,S-2410,53.0,6.0,current_yield,11.320754716981131,11.320754716981131,defaulted,False,False
1843-07-29,state,Pennsylvania,Pennsylvania,S-2330,49.5,5.0,current_yield,10.1010101010101,10.1010101010101,defaulted,False,False
1843-07-29,state,Pennsylvania,Pennsylvania,S-2410,54.0,6.0,current_yield,11.11111111111111,11.11111111111111,defaulted,False,False
1843-08-05,state,Pennsylvania,Pennsylvania,S-2330,48.5,5.0,current_yield,10.309278350515465,10.309278350515465,defaulted,False,False
1843-08-05,state,Pennsylvania,Pennsylvania,S-2410,54.0,6.0,current_yield,11.11111111111111,11.11111111111111,defaulted,False,False
1843-08-12,state,Pennsylvania,Pennsylvania,S-2330,50.25,5.0,current_yield,9.950248756218906,9.950248756218906,defaulted,False,False
1843-08-12,state,Pennsylvania,Pennsylvania,S-2410,54.5,6.0,current_yield,11.009174311926609,11.009174311926609,defaulted,False,False
1843-08-19,state,Pennsylvania,Pennsylvania,S-2330,53.0,5.0,current_yield,9.433962264150944,9.433962264150944,defaulted,False,False
1843-08-19,state,Pennsylvania,Pennsylvania,S-2410,57.0,6.0,current_yield,10.526315789473683,10.526315789473683,defaulted,False,False
1843-08-26,state,Pennsylvania,Pennsylvania,S-2330,53.0,5.0,current_yield,9.433962264150944,9.433962264150944,defaulted,False,False
1843-08-26,state,Pennsylvania,Pennsylvania,S-2410,56.0,6.0,current_yield,10.714285714285714,10.714285714285714,defaulted,False,False
1843-09-01,state,Pennsylvania,Pennsylvania,S-2330,53.0,5.0,current_yield,9.433962264150944,9.433962264150944,defaulted,False,False
1843-09-01,state,Pennsylvania,Pennsylvania,S-2410,58.0,6.0,current_yield,10.344827586206897,10.344827586206897,defaulted,False,False
1843-09-09,state,Pennsylvania,Pennsylvania,S-2330,57.0,5.0,current_yield,8.771929824561402,8.771929824561402,defaulted,False,False
1843-09-09,state,Pennsylvania,Pennsylvania,S-2410,63.0,6.0,current_yield,9.523809523809524,9.523809523809524,defaulted,False,False
1843-09-16,state,Pennsylvania,Pennsylvania,S-2330,56.75,5.0,current_yield,8.81057268722467,8.81057268722467,defaulted,False,False
1843-09-16,state,Pennsylvania,Pennsylvania,S-2410,62.0,6.0,current_yield,9.67741935483871,9.67741935483871,defaulted,False,False
1843-09-23,state,Pennsylvania,Pennsylvania,S-2330,58.625,5.0,current_yield,8.528784648187633,8.528784648187633,defaulted,False,False
1843-09-23,state,Pennsylvania,Pennsylvania,S-2410,63.0,6.0,current_yield,9.523809523809524,9.523809523809524,defaulted,False,False
1843-09-30,state,Pennsylvania,Pennsylvania,S-2330,62.0,5.0,current_yield,8.064516129032258,8.064516129032258,defaulted,False,False
1843-09-30,state,Pennsylvania,Pennsylvania,S-2410,66.0,6.0,current_yield,9.090909090909092,9.090909090909092,defaulted,False,False
1843-10-07,state,Pennsylvania,Pennsylvania,S-2330,61.125,5.0,current_yield,8.1799591002045,8.1799591002045,defaulted,False,False
1843-10-07,state,Pennsylvania,Pennsylvania,S-2410,64.0,6.0,current_yield,9.375,9.375,defaulted,False,False
1843-10-21,state,Pennsylvania,Pennsylvania,S-2330,60.5,5.0,current_yield,8.264462809917356,8.264462809917356,defaulted,False,False
1843-10-21,state,Pennsylvania,Pennsylvania,S-2410,64.0,6.0,current_yield,9.375,9.375,defaulted,False,False
1843-10-28,state,Pennsylvania,Pennsylvania,S-2330,60.5,5.0,current_yield,8.264462809917356,8.264462809917356,defaulted,False,False
1843-10-28,state,Pennsylvania,Pennsylvania,S-2410,65.0,6.0,current_yield,9.230769230769232,9.230769230769232,defaulted,False,False
1843-11-04,state,Pennsylvania,Pennsylvania,S-2270,66.0,5.0,current_yield,7.575757575757576,7.575757575757576,defaulted,False,False
1843-11-04,state,Pennsylvania,Pennsylvania,S-2330,62.25,5.0,current_yield,8.032128514056225,8.032128514056225,defaulted,False,False
1843-11-04,state,Pennsylvania,Pennsylvania,S-2410,64.0,6.0,current_yield,9.375,9.375,defaulted,False,False
1843-11-18,state,Pennsylvania,Pennsylvania,S-2270,66.0,5.0,current_yield,7.575757575757576,7.575757575757576,defaulted,False,False
1843-11-18,state,Pennsylvania,Pennsylvania,S-2330,67.5,5.0,current_yield,7.4074074074074066,7.4074074074074066,defaulted,False,False
1843-11-18,state,Pennsylvania,Pennsylvania,S-2410,72.0,6.0,current_yield,8.333333333333332,8.333333333333332,defaulted,False,False
1843-12-09,state,Pennsylvania,Pennsylvania,S-2270,68.25,5.0,current_yield,7.326007326007327,7.326007326007327,defaulted,False,False
1843-12-09,state,Pennsylvania,Pennsylvania,S-2330,67.5,5.0,current_yield,7.4074074074074066,7.4074074074074066,defaulted,False,False
1843-12-09,state,Pennsylvania,Pennsylvania,S-2410,73.0,6.0,current_yield,8.21917808219178,8.21917808219178,defaulted,False,False
1843-12-16,state,Pennsylvania,Pennsylvania,S-2270,67.25,5.0,current_yield,7.434944237918216,7.434944237918216,defaulted,False,False
1843-12-16,state,Pennsylvania,Pennsylvania,S-2330,67.5,5.0,current_yield,7.4074074074074066,7.4074074074074066,defaulted,False,False
1843-12-16,state,Pennsylvania,Pennsylvania,S-2410,73.0,6.0,current_yield,8.21917808219178,8.21917808219178,defaulted,False,False
1843-12-23,state,Pennsylvania,Pennsylvania,S-2270,68.0,5.0,current_yield,7.352941176470589,7.352941176470589,defaulted,False,False
1843-12-23,state,Pennsylvania,Pennsylvania,S-2330,67.5,5.0,current_yield,7.4074074074074066,7.4074074074074066,defaulted,False,False
1843-12-23,state,Pennsylvania,Pennsylvania,S-2410,73.0,6.0,current_yield,8.21917808219178,8.21917808219178,defaulted,False,False
1843-12-30,state,Pennsylvania,Pennsylvania,S-2330,67.5,5.0,current_yield,7.4074074074074066,7.4074074074074066,defaulted,False,False
1843-12-30,state,Pennsylvania,Pennsylvania,S-2410,72.0,6.0,current_yield,8.333333333333332,8.333333333333332,defaulted,False,False
1844-01-06,state,Pennsylvania,Pennsylvania,S-2330,65.5,5.0,current_yield,7.633587786259542,7.633587786259542,defaulted,False,False
1844-01-06,state,Pennsylvania,Pennsylvania,S-2410,70.0,6.0,current_yield,8.571428571428571,8.571428571428571,defaulted,False,False
1844-01-13,state,Pennsylvania,Pennsylvania,S-2330,65.75,5.0,current_yield,7.604562737642586,7.604562737642586,defaulted,False,False
1844-01-13,state,Pennsylvania,Pennsylvania,S-2410,69.5,6.0,current_yield,8.633093525179856,8.633093525179856,defaulted,False,False
1844-01-20,state,Pennsylvania,Pennsylvania,S-2330,63.25,5.0,current_yield,7.905138339920949,7.905138339920949,defaulted,False,False
1844-01-20,state,Pennsylvania,Pennsylvania,S-2410,69.5,6.0,current_yield,8.633093525179856,8.633093525179856,defaulted,False,False
1844-01-27,state,Pennsylvania,Pennsylvania,S-2330,63.875,5.0,current_yield,7.8277886497064575,7.8277886497064575,defaulted,False,False
1844-01-27,state,Pennsylvania,Pennsylvania,S-2410,66.0,6.0,current_yield,9.090909090909092,9.090909090909092,defaulted,False,False
1844-02-03,state,Pennsylvania,Pennsylvania,S-2330,65.0,5.0,current_yield,7.6923076923076925,7.6923076923076925,defaulted,False,False
1844-02-03,state,Pennsylvania,Pennsylvania,S-2410,69.0,6.0,current_yield,8.695652173913043,8.695652173913043,defaulted,False,False
1844-02-10,state,Pennsylvania,Pennsylvania,S-2330,65.25,5.0,current_yield,7.662835249042145,7.662835249042145,defaulted,False,False
1844-02-10,state,Pennsylvania,Pennsylvania,S-2410,69.0,6.0,current_yield,8.695652173913043,8.695652173913043,defaulted,False,False
1844-02-17,state,Pennsylvania,Pennsylvania,S-2330,67.25,5.0,current_yield,7.434944237918216,7.434944237918216,defaulted,False,False
1844-02-17,state,Pennsylvania,Pennsylvania,S-2410,71.0,6.0,current_yield,8.450704225352112,8.450704225352112,defaulted,False,False
1844-02-24,state,Pennsylvania,Pennsylvania,S-2330,68.75,5.0,current_yield,7.272727272727272,7.272727272727272,defaulted,False,False
1844-02-24,state,Pennsylvania,Pennsylvania,S-2410,70.0,6.0,current_yield,8.571428571428571,8.571428571428571,defaulted,False,False
1844-03-02,state,Pennsylvania,Pennsylvania,S-2330,69.5,5.0,current_yield,7.194244604316546,7.194244604316546,defaulted,False,False
1844-03-02,state,Pennsylvania,Pennsylvania,S-2410,71.5,6.0,current_yield,8.391608391608392,8.391608391608392,defaulted,False,False
1844-03-09,state,Pennsylvania,Pennsylvania,S-2330,70.5,5.0,current_yield,7.092198581560284,7.092198581560284,defaulted,False,False
1844-03-09,state,Pennsylvania,Pennsylvania,S-2410,72.0,6.0,current_yield,8.333333333333332,8.333333333333332,defaulted,False,False
1844-03-23,state,Pennsylvania,Pennsylvania,S-2330,68.5,5.0,current_yield,7.2992700729927,7.2992700729927,defaulted,False,False
1844-03-23,state,Pennsylvania,Pennsylvania,S-2410,70.5,6.0,current_yield,8.51063829787234,8.51063829787234,defaulted,False,False
1844-03-30,state,Pennsylvania,Pennsylvania,S-2330,68.0,5.0,current_yield,7.352941176470589,7.352941176470589,defaulted,False,False
1844-03-30,state,Pennsylvania,Pennsylvania,S-2410,68.0,6.0,current_yield,8.823529411764707,8.823529411764707,defaulted,False,False
1844-04-06,state,Pennsylvania,Pennsylvania,S-2330,63.5,5.0,current_yield,7.874015748031496,7.874015748031496,defaulted,False,False
1844-04-06,state,Pennsylvania,Pennsylvania,S-2410,66.0,6.0,current_yield,9.090909090909092,9.090909090909092,defaulted,False,False
1844-04-20,state,Pennsylvania,Pennsylvania,S-2330,65.25,5.0,current_yield,7.662835249042145,7.662835249042145,defaulted,False,False
1844-04-20,state,Pennsylvania,Pennsylvania,S-2410,69.0,6.0,current_yield,8.695652173913043,8.695652173913043,defaulted,False,False
1844-04-27,state,Pennsylvania,Pennsylvania,S-2330,67.75,5.0,current_yield,7.380073800738007,7.380073800738007,defaulted,False,False
1844-04-27,state,Pennsylvania,Pennsylvania,S-2410,70.0,6.0,current_yield,8.571428571428571,8.571428571428571,defaulted,False,False
1844-05-11,state,Pennsylvania,Pennsylvania,S-2330,76.0,5.0,current_yield,6.578947368421052,6.578947368421052,defaulted,False,False
1844-05-11,state,Pennsylvania,Pennsylvania,S-2410,79.0,6.0,current_yield,7.59493670886076,7.59493670886076,defaulted,False,False
1844-05-18,state,Pennsylvania,Pennsylvania,S-2330,76.75,5.0,current_yield,6.514657980456026,6.514657980456026,defaulted,False,False
1844-05-18,state,Pennsylvania,Pennsylvania,S-2410,80.5,6.0,current_yield,7.453416149068323,7.453416149068323,defaulted,False,False
1844-05-25,state,Pennsylvania,Pennsylvania,S-2330,80.0,5.0,current_yield,6.25,6.25,defaulted,False,False
1844-05-25,state,Pennsylvania,Pennsylvania,S-2410,84.0,6.0,current_yield,7.142857142857142,7.142857142857142,defaulted,False,False
1844-06-01,state,Pennsylvania,Pennsylvania,S-2330,79.5,5.0,current_yield,6.289308176100629,6.289308176100629,defaulted,False,False
1844-06-01,state,Pennsylvania,Pennsylvania,S-2410,82.0,6.0,current_yield,7.317073170731707,7.317073170731707,defaulted,False,False
1844-06-08,state,Pennsylvania,Pennsylvania,S-2330,77.5,5.0,current_yield,6.451612903225806,6.451612903225806,defaulted,False,False
1844-06-08,state,Pennsylvania,Pennsylvania,S-2410,82.0,6.0,current_yield,7.317073170731707,7.317073170731707,defaulted,False,False
1844-06-15,state,Pennsylvania,Pennsylvania,S-2330,78.0,5.0,current_yield,6.41025641025641,6.41025641025641,defaulted,False,False
1844-06-15,state,Pennsylvania,Pennsylvania,S-2410,81.0,6.0,current_yield,7.4074074074074066,7.4074074074074066,defaulted,False,False
1844-06-22,state,Pennsylvania,Pennsylvania,S-2330,73.0,5.0,current_yield,6.8493150684931505,6.8493150684931505,defaulted,False,False
1844-06-22,state,Pennsylvania,Pennsylvania,S-2410,79.75,6.0,current_yield,7.523510971786834,7.523510971786834,defaulted,False,False
1844-06-29,state,Pennsylvania,Pennsylvania,S-2330,75.25,5.0,current_yield,6.64451827242525,6.64451827242525,defaulted,False,False
1844-06-29,state,Pennsylvania,Pennsylvania,S-2410,79.0,6.0,current_yield,7.59493670886076,7.59493670886076,defaulted,False,False
1844-07-06,state,Pennsylvania,Pennsylvania,S-2330,74.5,5.0,current_yield,6.7114093959731544,6.7114093959731544,defaulted,False,False
1844-07-06,state,Pennsylvania,Pennsylvania,S-2410,76.0,6.0,current_yield,7.894736842105263,7.894736842105263,defaulted,False,False
1844-07-13,state,Pennsylvania,Pennsylvania,S-2330,74.5,5.0,current_yield,6.7114093959731544,6.7114093959731544,defaulted,False,False
1844-07-13,state,Pennsylvania,Pennsylvania,S-2410,76.0,6.0,current_yield,7.894736842105263,7.894736842105263,defaulted,False,False
1844-07-20,state,Pennsylvania,Pennsylvania,S-2330,75.0,5.0,current_yield,6.666666666666667,6.666666666666667,defaulted,False,False
1844-07-20,state,Pennsylvania,Pennsylvania,S-2410,78.0,6.0,current_yield,7.6923076923076925,7.6923076923076925,defaulted,False,False
1844-07-27,state,Pennsylvania,Pennsylvania,S-2330,75.25,5.0,current_yield,6.64451827242525,6.64451827242525,defaulted,False,False
1844-07-27,state,Pennsylvania,Pennsylvania,S-2410,77.0,6.0,current_yield,7.792207792207792,7.792207792207792,defaulted,False,False
1844-08-03,state,Pennsylvania,Pennsylvania,S-2330,74.25,5.0,current_yield,6.7340067340067336,6.7340067340067336,defaulted,False,False
1844-08-03,state,Pennsylvania,Pennsylvania,S-2410,79.5,6.0,current_yield,7.547169811320755,7.547169811320755,defaulted,False,False
1844-08-10,state,Pennsylvania,Pennsylvania,S-2330,73.5,5.0,current_yield,6.802721088435375,6.802721088435375,defaulted,False,False
1844-08-10,state,Pennsylvania,Pennsylvania,S-2410,75.0,6.0,current_yield,8.0,8.0,defaulted,False,False
1844-08-17,state,Pennsylvania,Pennsylvania,S-2330,74.5,5.0,current_yield,6.7114093959731544,6.7114093959731544,defaulted,False,False
1844-08-17,state,Pennsylvania,Pennsylvania,S-2410,76.0,6.0,current_yield,7.894736842105263,7.894736842105263,defaulted,False,False
1844-08-24,state,Pennsylvania,Pennsylvania,S-2330,73.5,5.0,current_yield,6.802721088435375,6.802721088435375,defaulted,False,False
1844-08-24,state,Pennsylvania,Pennsylvania,S-2410,76.0,6.0,current_yield,7.894736842105263,7.894736842105263,defaulted,False,False
1844-08-31,state,Pennsylvania,Pennsylvania,S-2330,71.0,5.0,current_yield,7.042253521126761,7.042253521126761,defaulted,False,False
1844-08-31,state,Pennsylvania,Pennsylvania,S-2410,72.5,6.0,current_yield,8.275862068965518,8.275862068965518,defaulted,False,False
1844-09-07,state,Pennsylvania,Pennsylvania,S-2330,72.5,5.0,current_yield,6.896551724137931,6.896551724137931,defaulted,False,False
1844-09-07,state,Pennsylvania,Pennsylvania,S-2410,70.0,6.0,current_yield,8.571428571428571,8.571428571428571,defaulted,False,False
1844-09-14,state,Pennsylvania,Pennsylvania,S-2330,72.5,5.0,current_yield,6.896551724137931,6.896551724137931,defaulted,False,False
1844-09-14,state,Pennsylvania,Pennsylvania,S-2410,70.0,6.0,current_yield,8.571428571428571,8.571428571428571,defaulted,False,False
1844-09-21,state,Pennsylvania,Pennsylvania,S-2330,72.5,5.0,current_yield,6.896551724137931,6.896551724137931,defaulted,False,False
1844-09-21,state,Pennsylvania,Pennsylvania,S-2410,71.0,6.0,current_yield,8.450704225352112,8.450704225352112,defaulted,False,False
1844-09-28,state,Pennsylvania,Pennsylvania,S-2330,71.5,5.0,current_yield,6.993006993006993,6.993006993006993,defaulted,False,False
1844-09-28,state,Pennsylvania,Pennsylvania,S-2410,71.0,6.0,current_yield,8.450704225352112,8.450704225352112,defaulted,False,False
1844-10-06,state,Pennsylvania,Pennsylvania,S-2330,71.5,5.0,current_yield,6.993006993006993,6.993006993006993,defaulted,False,False
1844-10-06,state,Pennsylvania,Pennsylvania,S-2410,71.0,6.0,current_yield,8.450704225352112,8.450704225352112,defaulted,False,False
1844-10-12,state,Pennsylvania,Pennsylvania,S-2330,74.25,5.0,current_yield,6.7340067340067336,6.7340067340067336,defaulted,False,False
1844-10-12,state,Pennsylvania,Pennsylvania,S-2410,71.0,6.0,current_yield,8.450704225352112,8.450704225352112,defaulted,False,False
1844-10-19,state,Pennsylvania,Pennsylvania,S-2330,74.25,5.0,current_yield,6.7340067340067336,6.7340067340067336,defaulted,False,False
1844-10-19,state,Pennsylvania,Pennsylvania,S-2410,71.0,6.0,current_yield,8.450704225352112,8.450704225352112,defaulted,False,False
1844-10-26,state,Pennsylvania,Pennsylvania,S-2330,74.25,5.0,current_yield,6.7340067340067336,6.7340067340067336,defaulted,False,False
1844-10-26,state,Pennsylvania,Pennsylvania,S-2410,74.5,6.0,current_yield,8.053691275167784,8.053691275167784,defaulted,False,False
1844-11-02,state,Pennsylvania,Pennsylvania,S-2330,73.75,5.0,current_yield,6.779661016949152,6.779661016949152,defaulted,False,False
1844-11-02,state,Pennsylvania,Pennsylvania,S-2410,74.5,6.0,current_yield,8.053691275167784,8.053691275167784,defaulted,False,False
1844-11-09,state,Pennsylvania,Pennsylvania,S-2330,73.75,5.0,current_yield,6.779661016949152,6.779661016949152,defaulted,False,False
1844-11-09,state,Pennsylvania,Pennsylvania,S-2410,74.5,6.0,current_yield,8.053691275167784,8.053691275167784,defaulted,False,False
1844-11-23,state,Pennsylvania,Pennsylvania,S-2330,67.5,5.0,current_yield,7.4074074074074066,7.4074074074074066,defaulted,False,False
1844-11-23,state,Pennsylvania,Pennsylvania,S-2410,70.0,6.0,current_yield,8.571428571428571,8.571428571428571,defaulted,False,False
1844-11-30,state,Pennsylvania,Pennsylvania,S-2330,67.0,5.0,current_yield,7.462686567164178,7.462686567164178,defaulted,False,False
1844-11-30,state,Pennsylvania,Pennsylvania,S-2410,70.0,6.0,current_yield,8.571428571428571,8.571428571428571,defaulted,False,False
1844-12-07,state,Pennsylvania,Pennsylvania,S-2330,69.5,5.0,current_yield,7.194244604316546,7.194244604316546,defaulted,False,False
1844-12-07,state,Pennsylvania,Pennsylvania,S-2410,69.5,6.0,current_yield,8.633093525179856,8.633093525179856,defaulted,False,False
1844-12-14,state,Pennsylvania,Pennsylvania,S-2410,70.0,6.0,current_yield,8.571428571428571,8.571428571428571,defaulted,False,False
1844-12-21,state,Pennsylvania,Pennsylvania,S-2410,71.25,6.0,current_yield,8.421052631578947,8.421052631578947,defaulted,False,False
1844-12-28,state,Pennsylvania,Pennsylvania,S-2410,72.75,6.0,current_yield,8.24742268041237,8.24742268041237,defaulted,False,False
1845-01-04,state,Pennsylvania,Pennsylvania,S-2410,72.75,6.0,current_yield,8.24742268041237,8.24742268041237,defaulted,False,False
1845-01-11,state,Pennsylvania,Pennsylvania,S-2410,71.0,6.0,current_yield,8.450704225352112,8.450704225352112,defaulted,False,False
1845-01-18,state,Pennsylvania,Pennsylvania,S-2410,71.0,6.0,current_yield,8.450704225352112,8.450704225352112,defaulted,False,False
1845-01-25,state,Pennsylvania,Pennsylvania,S-2410,71.0,6.0,current_yield,8.450704225352112,8.450704225352112,defaulted,False,False
