date,S-2476,S-1136,S-2400,S-2450,S-2410,S-2420,S-2430,S-2260,S-2440,S-2470,S-2460,S-2210,S-2220,S-2230,S-2240,S-2250,S-2270,S-2280,S-2290,S-2300,S-2310,S-2320,S-2380,S-2330,S-2340,S-2350,S-2360,S-2370,S-2100,S-2010,S-0660,S-0670,S-2590,S-2570,S-2650,S-2640,S-2630
1786-08-16,,,,,,,,,,,,,,,,,,,,,,,,,,,,,,,,,,,,,
1787-03-07,,,,,,,,,,,,,,,,,,,,,,,,,,,,,,,,,,,,,
1788-03-28,,,,,,,,,,,,,,,,,,,,,,,,,,,,,,,,,,,,,
1788-04-19,,,,,,,,,,,,,,,,,,,,,,,,,,,,,,,,,,,,,
1788-05-31,,,,,,,,,,,,,,,,,,,,,,,,,,,,,,,,,,,,,
1788-06-30,,,,,,,,,,,,,,,,,,,,,,,,,,,,,,,,,,,,,
1788-07-31,,,,,,,,,,,,,,,,,,,,,,,,,,,,,,,,,,,,,
1788-08-30,,,,,,,,,,,,,,,,,,,,,,,,,,,,,,,,,,,,,
1788-09-27,,,,,,,,,,,,,,,,,,,,,,,,,,,,,,,,,,,,,
1788-10-25,,,,,,,,,,,,,,,,,,,,,,,,,,,,,,,,,,,,,
1788-11-29,,,,,,,,,,,,,,,,,,,,,,,,,,,,,,,,,,,,,
1788-12-27,,,,,,,,,,,,,,,,,,,,,,,,,,,,,,,,,,,,,
1789-01-31,,,,,,,,,,,,,,,,,,,,,,,,,,,,,,,,,,,,,
1789-02-28,,,,,,,,,,,,,,,,,,,,,,,,,,,,,,,,,,,,,
1789-03-31,,,,,,,,,,,,,,,,,,,,,,,,,,,,,,,,,,,,,
1789-04-30,,,,,,,,,,,,,,,,,,,,,,,,,,,,,,,,,,,,,
1789-05-31,,,,,,,,,,,,,,,,,,,,,,,,,,,,,,,,,,,,,
1789-06-30,,,,,,,,,,,,,,,,,,,,,,,,,,,,,,,,,,,,,
1789-07-31,,,,,,,,,,,,,,,,,,,,,,,,,,,,,,,,,,,,,
1789-09-30,,,,,,,,,,,,,,,,,,,,,,,,,,,,,,,,,,,,,
1789-10-31,,,,,,,,,,,,,,,,,,,,,,,,,,,,,,,,,,,,,
1789-11-30,,,,,,,,,,,,,,,,,,,,,,,,,,,,,,,,,,,,,
1789-12-04,,,,,,,,,,,,,,,,,,,,,,,,,,,,,,,,,,,,,
1789-12-31,,,,,,,,,,,,,,,,,,,,,,,,,,,,,,,,,,,,,
1790-01-31,,,,,,,,,,,,,,,,,,,,,,,,,,,,,,,,,,,,,
1790-02-10,,,,,,,,,,,,,,,,,,,,,,,,,,,,,,,,,,,,,
1790-02-28,,,,,,,,,,,,,,,,,,,,,,,,,,,,,,,,,,,,,
1790-03-31,,,,,,,,,,,,,,,,,,,,,,,,,,,,,,,,,,,,,
1790-04-30,,,,,,,,,,,,,,,,,,,,,,,,,,,,,,,,,,,,,
1790-05-31,,,,,,,,,,,,,,,,,,,,,,,,,,,,,,,,,,,,,
1790-06-30,,,,,,,,,,,,,,,,,,,,,,,,,,,,,,,,,,,,,
1790-07-31,,,,,,,,,,,,,,,,,,,,,,,,,,,,,,,,,,,,,
1790-08-31,,,,,,,,,,,,,,,,,,,,,,,,,,,,,,,,,,,,,
1790-09-30,,,,,,,,,,,,,,,,,,,,,,,,,,,,,,,,,,,,,
1790-10-30,,,,,,,,,,,,,,,,,,,,,,,,,,,,,,,,,,,,,
1790-11-03,,,,,,,,,,,,,,,,,,,,,,,,,,,,,,,,,,,,,
1790-11-06,40.0,,,,,,,,,,,,,,,,,,,,,,,,,,,,,,,,,,,,
1790-11-10,41.25,,,,,,,,,,,,,,,,,,,,,,,,,,,,,,,,,,,,
1790-11-13,41.25,,,,,,,,,,,,,,,,,,,,,,,,,,,,,,,,,,,,
1790-11-17,41.25,,,,,,,,,,,,,,,,,,,,,,,,,,,,,,,,,,,,
1790-11-20,41.25,,,,,,,,,,,,,,,,,,,,,,,,,,,,,,,,,,,,
1790-11-24,41.25,,,,,,,,,,,,,,,,,,,,,,,,,,,,,,,,,,,,
1790-11-27,42.0,,,,,,,,,,,,,,,,,,,,,,,,,,,,,,,,,,,,
1790-11-30,,,,,,,,,,,,,,,,,,,,,,,,,,,,,,,,,,,,,
1790-12-01,42.0,,,,,,,,,,,,,,,,,,,,,,,,,,,,,,,,,,,,
1790-12-04,42.0,,,,,,,,,,,,,,,,,,,,,,,,,,,,,,,,,,,,
1790-12-09,42.0,,,,,,,,,,,,,,,,,,,,,,,,,,,,,,,,,,,,
1790-12-11,42.0,,,,,,,,,,,,,,,,,,,,,,,,,,,,,,,,,,,,
1790-12-15,45.0,,,,,,,,,,,,,,,,,,,,,,,,,,,,,,,,,,,,
1790-12-18,46.25,,,,,,,,,,,,,,,,,,,,,,,,,,,,,,,,,,,,
1790-12-22,50.0,,,,,,,,,,,,,,,,,,,,,,,,,,,,,,,,,,,,
1790-12-25,50.0,,,,,,,,,,,,,,,,,,,,,,,,,,,,,,,,,,,,
1790-12-29,62.5,,,,,,,,,,,,,,,,,,,,,,,,,,,,,,,,,,,,
1790-12-31,62.5,,,,,,,,,,,,,,,,,,,,,,,,,,,,,,,,,,,,
1791-01-01,62.5,,,,,,,,,,,,,,,,,,,,,,,,,,,,,,,,,,,,
1791-01-05,62.5,,,,,,,,,,,,,,,,,,,,,,,,,,,,,,,,,,,,
1791-01-08,62.5,,,,,,,,,,,,,,,,,,,,,,,,,,,,,,,,,,,,
1791-01-12,62.5,,,,,,,,,,,,,,,,,,,,,,,,,,,,,,,,,,,,
1791-01-15,,57.5,,,,,,,,,,,,,,,,,,,,,,,,,,,,,,,,,,,
1791-01-19,,57.5,,,,,,,,,,,,,,,,,,,,,,,,,,,,,,,,,,,
1791-01-22,,57.5,,,,,,,,,,,,,,,,,,,,,,,,,,,,,,,,,,,
1791-01-25,,57.5,,,,,,,,,,,,,,,,,,,,,,,,,,,,,,,,,,,
1791-01-29,,57.5,,,,,,,,,,,,,,,,,,,,,,,,,,,,,,,,,,,
1791-01-31,,57.5,,,,,,,,,,,,,,,,,,,,,,,,,,,,,,,,,,,
1791-02-02,,57.5,,,,,,,,,,,,,,,,,,,,,,,,,,,,,,,,,,,
1791-02-05,,57.5,,,,,,,,,,,,,,,,,,,,,,,,,,,,,,,,,,,
1791-02-09,,60.0,,,,,,,,,,,,,,,,,,,,,,,,,,,,,,,,,,,
1791-02-12,,60.0,,,,,,,,,,,,,,,,,,,,,,,,,,,,,,,,,,,
1791-02-16,,62.5,,,,,,,,,,,,,,,,,,,,,,,,,,,,,,,,,,,
1791-02-19,,62.5,,,,,,,,,,,,,,,,,,,,,,,,,,,,,,,,,,,
1791-02-23,,62.5,,,,,,,,,,,,,,,,,,,,,,,,,,,,,,,,,,,
1791-02-26,,62.5,,,,,,,,,,,,,,,,,,,,,,,,,,,,,,,,,,,
1791-02-28,,62.5,,,,,,,,,,,,,,,,,,,,,,,,,,,,,,,,,,,
1791-03-05,,62.5,,,,,,,,,,,,,,,,,,,,,,,,,,,,,,,,,,,
1791-03-09,,62.5,,,,,,,,,,,,,,,,,,,,,,,,,,,,,,,,,,,
1791-03-16,,62.5,,,,,,,,,,,,,,,,,,,,,,,,,,,,,,,,,,,
1791-03-23,,62.5,,,,,,,,,,,,,,,,,,,,,,,,,,,,,,,,,,,
1791-03-26,,62.5,,,,,,,,,,,,,,,,,,,,,,,,,,,,,,,,,,,
1791-03-30,,60.83,,,,,,,,,,,,,,,,,,,,,,,,,,,,,,,,,,,
1791-03-31,,62.5,,,,,,,,,,,,,,,,,,,,,,,,,,,,,,,,,,,
1791-04-02,,60.83,,,,,,,,,,,,,,,,,,,,,,,,,,,,,,,,,,,
1791-04-06,,60.83,,,,,,,,,,,,,,,,,,,,,,,,,,,,,,,,,,,
1791-04-09,,60.83,,,,,,,,,,,,,,,,,,,,,,,,,,,,,,,,,,,
1791-04-13,,60.83,,,,,,,,,,,,,,,,,,,,,,,,,,,,,,,,,,,
1791-04-16,,60.83,,,,,,,,,,,,,,,,,,,,,,,,,,,,,,,,,,,
1791-04-20,,60.83,,,,,,,,,,,,,,,,,,,,,,,,,,,,,,,,,,,
1791-04-23,,61.67,,,,,,,,,,,,,,,,,,,,,,,,,,,,,,,,,,,
1791-04-27,,61.67,,,,,,,,,,,,,,,,,,,,,,,,,,,,,,,,,,,
1791-04-30,62.5,61.67,,,,,,,,,,,,,,,,,,,,,,,,,,,,,,,,,,,
1791-05-04,,61.67,,,,,,,,,,,,,,,,,,,,,,,,,,,,,,,,,,,
1791-05-07,,61.67,,,,,,,,,,,,,,,,,,,,,,,,,,,,,,,,,,,
1791-05-14,,61.67,,,,,,,,,,,,,,,,,,,,,,,,,,,,,,,,,,,
1791-05-18,,61.67,,,,,,,,,,,,,,,,,,,,,,,,,,,,,,,,,,,
1791-05-21,,61.67,,,,,,,,,,,,,,,,,,,,,,,,,,,,,,,,,,,
1791-05-25,,61.67,,,,,,,,,,,,,,,,,,,,,,,,,,,,,,,,,,,
1791-05-28,,62.5,,,,,,,,,,,,,,,,,,,,,,,,,,,,,,,,,,,
1791-05-31,62.5,,,,,,,,,,,,,,,,,,,,,,,,,,,,,,,,,,,,
1791-06-01,,62.5,,,,,,,,,,,,,,,,,,,,,,,,,,,,,,,,,,,
1791-06-04,,62.5,,,,,,,,,,,,,,,,,,,,,,,,,,,,,,,,,,,
1791-06-08,,62.5,,,,,,,,,,,,,,,,,,,,,,,,,,,,,,,,,,,
1791-06-11,,62.5,,,,,,,,,,,,,,,,,,,,,,,,,,,,,,,,,,,
1791-06-15,,62.5,,,,,,,,,,,,,,,,,,,,,,,,,,,,,,,,,,,
1791-06-18,,65.0,,,,,,,,,,,,,,,,,,,,,,,,,,,,,,,,,,,
1791-06-22,,65.0,,,,,,,,,,,,,,,,,,,,,,,,,,,,,,,,,,,
1791-06-25,,65.0,,,,,,,,,,,,,,,,,,,,,,,,,,,,,,,,,,,
1791-06-29,,65.0,,,,,,,,,,,,,,,,,,,,,,,,,,,,,,,,,,,
1791-06-30,62.5,,,,,,,,,,,,,,,,,,,,,,,,,,,,,,,,,,,,
1791-07-02,,65.0,,,,,,,,,,,,,,,,,,,,,,,,,,,,,,,,,,,
1791-07-06,,65.0,,,,,,,,,,,,,,,,,,,,,,,,,,,,,,,,,,,
1791-07-09,,65.0,,,,,,,,,,,,,,,,,,,,,,,,,,,,,,,,,,,
1791-07-13,,65.0,,,,,,,,,,,,,,,,,,,,,,,,,,,,,,,,,,,
1791-07-16,,65.0,,,,,,,,,,,,,,,,,,,,,,,,,,,,,,,,,,,
1791-07-20,,65.0,,,,,,,,,,,,,,,,,,,,,,,,,,,,,,,,,,,
1791-07-23,,70.0,,,,,,,,,,,,,,,,,,,,,,,,,,,,,,,,,,,
1791-07-27,,70.0,,,,,,,,,,,,,,,,,,,,,,,,,,,,,,,,,,,
1791-07-30,65.0,70.0,,,,,,,,,,,,,,,,,,,,,,,,,,,,,,,,,,,
1791-08-03,,70.0,,,,,,,,,,,,,,,,,,,,,,,,,,,,,,,,,,,
1791-08-06,,72.5,,,,,,,,,,,,,,,,,,,,,,,,,,,,,,,,,,,
1791-08-10,,92.5,,,,,,,,,,,,,,,,,,,,,,,,,,,,,,,,,,,
1791-08-13,,92.5,,,,,,,,,,,,,,,,,,,,,,,,,,,,,,,,,,,
1791-08-17,,77.5,,,,,,,,,,,,,,,,,,,,,,,,,,,,,,,,,,,
1791-08-20,,77.5,,,,,,,,,,,,,,,,,,,,,,,,,,,,,,,,,,,
1791-08-24,,77.5,,,,,,,,,,,,,,,,,,,,,,,,,,,,,,,,,,,
1791-08-27,,77.5,,,,,,,,,,,,,,,,,,,,,,,,,,,,,,,,,,,
1791-08-31,77.5,77.5,,,,,,,,,,,,,,,,,,,,,,,,,,,,,,,,,,,
1791-09-03,,72.5,,,,,,,,,,,,,,,,,,,,,,,,,,,,,,,,,,,
1791-09-07,,72.5,,,,,,,,,,,,,,,,,,,,,,,,,,,,,,,,,,,
1791-09-10,,75.0,,,,,,,,,,,,,,,,,,,,,,,,,,,,,,,,,,,
1791-09-14,,75.0,,,,,,,,,,,,,,,,,,,,,,,,,,,,,,,,,,,
1791-09-17,,75.0,,,,,,,,,,,,,,,,,,,,,,,,,,,,,,,,,,,
1791-09-21,,75.0,,,,,,,,,,,,,,,,,,,,,,,,,,,,,,,,,,,
1791-09-24,,75.0,,,,,,,,,,,,,,,,,,,,,,,,,,,,,,,,,,,
1791-09-28,,75.0,,,,,,,,,,,,,,,,,,,,,,,,,,,,,,,,,,,
1791-10-01,,75.0,,,,,,,,,,,,,,,,,,,,,,,,,,,,,,,,,,,
1791-10-05,,,,,,,,,,,,,,,,,,,,,,,,,,,,,,,,,,,,,
1791-10-08,,,,,,,,,,,,,,,,,,,,,,,,,,,,,,,,,,,,,
1791-10-12,,,,,,,,,,,,,,,,,,,,,,,,,,,,,,,,,,,,,
1791-10-15,,,,,,,,,,,,,,,,,,,,,,,,,,,,,,,,,,,,,
1791-10-19,,,,,,,,,,,,,,,,,,,,,,,,,,,,,,,,,,,,,
1791-10-22,,,,,,,,,,,,,,,,,,,,,,,,,,,,,,,,,,,,,
1791-10-26,,,,,,,,,,,,,,,,,,,,,,,,,,,,,,,,,,,,,
1791-10-29,,,,,,,,,,,,,,,,,,,,,,,,,,,,,,,,,,,,,
1791-10-31,77.5,,,,,,,,,,,,,,,,,,,,,,,,,,,,,,,,,,,,
1791-11-02,,,,,,,,,,,,,,,,,,,,,,,,,,,,,,,,,,,,,
1791-11-05,,,,,,,,,,,,,,,,,,,,,,,,,,,,,,,,,,,,,
1791-11-09,,,,,,,,,,,,,,,,,,,,,,,,,,,,,,,,,,,,,
1791-11-12,,,,,,,,,,,,,,,,,,,,,,,,,,,,,,,,,,,,,
1791-11-16,,,,,,,,,,,,,,,,,,,,,,,,,,,,,,,,,,,,,
1791-11-19,,,,,,,,,,,,,,,,,,,,,,,,,,,,,,,,,,,,,
1791-11-23,,,,,,,,,,,,,,,,,,,,,,,,,,,,,,,,,,,,,
1791-11-26,,,,,,,,,,,,,,,,,,,,,,,,,,,,,,,,,,,,,
1791-11-30,,,,,,,,,,,,,,,,,,,,,,,,,,,,,,,,,,,,,
1791-12-03,,,,,,,,,,,,,,,,,,,,,,,,,,,,,,,,,,,,,
1791-12-07,,,,,,,,,,,,,,,,,,,,,,,,,,,,,,,,,,,,,
1791-12-10,,,,,,,,,,,,,,,,,,,,,,,,,,,,,,,,,,,,,
1791-12-14,,,,,,,,,,,,,,,,,,,,,,,,,,,,,,,,,,,,,
1791-12-17,,,,,,,,,,,,,,,,,,,,,,,,,,,,,,,,,,,,,
1791-12-21,,,,,,,,,,,,,,,,,,,,,,,,,,,,,,,,,,,,,
1791-12-24,,,,,,,,,,,,,,,,,,,,,,,,,,,,,,,,,,,,,
1791-12-28,,,,,,,,,,,,,,,,,,,,,,,,,,,,,,,,,,,,,
1791-12-31,,,,,,,,,,,,,,,,,,,,,,,,,,,,,,,,,,,,,
1792-01-01,,,,,,,,,,,,,,,,,,,,,,,,,,,,,,,,,,,,,
1792-01-04,,,,,,,,,,,,,,,,,,,,,,,,,,,,,,,,,,,,,
1792-01-07,,,,,,,,,,,,,,,,,,,,,,,,,,,,,,,,,,,,,
1792-01-11,,,,,,,,,,,,,,,,,,,,,,,,,,,,,,,,,,,,,
1792-01-14,,,,,,,,,,,,,,,,,,,,,,,,,,,,,,,,,,,,,
1792-01-18,,,,,,,,,,,,,,,,,,,,,,,,,,,,,,,,,,,,,
1792-01-21,,,,,,,,,,,,,,,,,,,,,,,,,,,,,,,,,,,,,
1792-01-25,,,,,,,,,,,,,,,,,,,,,,,,,,,,,,,,,,,,,
1792-01-28,,,,,,,,,,,,,,,,,,,,,,,,,,,,,,,,,,,,,
1792-01-31,,,,,,,,,,,,,,,,,,,,,,,,,,,,,,,,,,,,,
1792-02-01,,,,,,,,,,,,,,,,,,,,,,,,,,,,,,,,,,,,,
1792-02-05,,,,,,,,,,,,,,,,,,,,,,,,,,,,,,,,,,,,,
1792-02-08,,,,,,,,,,,,,,,,,,,,,,,,,,,,,,,,,,,,,
1792-02-15,,,,,,,,,,,,,,,,,,,,,,,,,,,,,,,,,,,,,
1792-02-22,,,,,,,,,,,,,,,,,,,,,,,,,,,,,,,,,,,,,
1792-02-25,,,,,,,,,,,,,,,,,,,,,,,,,,,,,,,,,,,,,
1792-02-29,,,,,,,,,,,,,,,,,,,,,,,,,,,,,,,,,,,,,
1792-03-03,,,,,,,,,,,,,,,,,,,,,,,,,,,,,,,,,,,,,
1792-03-07,,,,,,,,,,,,,,,,,,,,,,,,,,,,,,,,,,,,,
1792-03-10,,,,,,,,,,,,,,,,,,,,,,,,,,,,,,,,,,,,,
1792-03-14,,,,,,,,,,,,,,,,,,,,,,,,,,,,,,,,,,,,,
1792-03-17,,,,,,,,,,,,,,,,,,,,,,,,,,,,,,,,,,,,,
1792-03-21,,,,,,,,,,,,,,,,,,,,,,,,,,,,,,,,,,,,,
1792-03-24,,,,,,,,,,,,,,,,,,,,,,,,,,,,,,,,,,,,,
1792-03-28,,,,,,,,,,,,,,,,,,,,,,,,,,,,,,,,,,,,,
1792-03-31,,,,,,,,,,,,,,,,,,,,,,,,,,,,,,,,,,,,,
1792-04-04,,,,,,,,,,,,,,,,,,,,,,,,,,,,,,,,,,,,,
1792-04-07,,,,,,,,,,,,,,,,,,,,,,,,,,,,,,,,,,,,,
1792-04-11,,,,,,,,,,,,,,,,,,,,,,,,,,,,,,,,,,,,,
1792-04-14,,,,,,,,,,,,,,,,,,,,,,,,,,,,,,,,,,,,,
1792-04-21,,,,,,,,,,,,,,,,,,,,,,,,,,,,,,,,,,,,,
1792-04-28,,,,,,,,,,,,,,,,,,,,,,,,,,,,,,,,,,,,,
1792-04-30,,,,,,,,,,,,,,,,,,,,,,,,,,,,,,,,,,,,,
1792-05-02,,,,,,,,,,,,,,,,,,,,,,,,,,,,,,,,,,,,,
1792-05-05,,,,,,,,,,,,,,,,,,,,,,,,,,,,,,,,,,,,,
1792-05-12,,,,,,,,,,,,,,,,,,,,,,,,,,,,,,,,,,,,,
1792-05-16,,,,,,,,,,,,,,,,,,,,,,,,,,,,,,,,,,,,,
1792-05-23,,,,,,,,,,,,,,,,,,,,,,,,,,,,,,,,,,,,,
1792-05-26,,,,,,,,,,,,,,,,,,,,,,,,,,,,,,,,,,,,,
1792-05-30,,,,,,,,,,,,,,,,,,,,,,,,,,,,,,,,,,,,,
1792-05-31,,,,,,,,,,,,,,,,,,,,,,,,,,,,,,,,,,,,,
1792-06-02,,,,,,,,,,,,,,,,,,,,,,,,,,,,,,,,,,,,,
1792-06-06,,,,,,,,,,,,,,,,,,,,,,,,,,,,,,,,,,,,,
1792-06-09,,,,,,,,,,,,,,,,,,,,,,,,,,,,,,,,,,,,,
1792-06-13,,,,,,,,,,,,,,,,,,,,,,,,,,,,,,,,,,,,,
1792-06-16,,,,,,,,,,,,,,,,,,,,,,,,,,,,,,,,,,,,,
1792-06-20,,,,,,,,,,,,,,,,,,,,,,,,,,,,,,,,,,,,,
1792-06-23,,,,,,,,,,,,,,,,,,,,,,,,,,,,,,,,,,,,,
1792-06-27,,,,,,,,,,,,,,,,,,,,,,,,,,,,,,,,,,,,,
1792-06-30,,,,,,,,,,,,,,,,,,,,,,,,,,,,,,,,,,,,,
1792-07-04,,,,,,,,,,,,,,,,,,,,,,,,,,,,,,,,,,,,,
1792-07-07,,,,,,,,,,,,,,,,,,,,,,,,,,,,,,,,,,,,,
1792-07-11,,,,,,,,,,,,,,,,,,,,,,,,,,,,,,,,,,,,,
1792-07-14,,,,,,,,,,,,,,,,,,,,,,,,,,,,,,,,,,,,,
1792-07-18,,,,,,,,,,,,,,,,,,,,,,,,,,,,,,,,,,,,,
1792-07-21,,,,,,,,,,,,,,,,,,,,,,,,,,,,,,,,,,,,,
1792-07-25,,,,,,,,,,,,,,,,,,,,,,,,,,,,,,,,,,,,,
1792-07-28,,,,,,,,,,,,,,,,,,,,,,,,,,,,,,,,,,,,,
1792-07-28,,,,,,,,,,,,,,,,,,,,,,,,,,,,,,,,,,,,,
1792-07-31,,,,,,,,,,,,,,,,,,,,,,,,,,,,,,,,,,,,,
1792-08-01,,,,,,,,,,,,,,,,,,,,,,,,,,,,,,,,,,,,,
1792-08-04,,,,,,,,,,,,,,,,,,,,,,,,,,,,,,,,,,,,,
1792-08-08,,,,,,,,,,,,,,,,,,,,,,,,,,,,,,,,,,,,,
1792-08-08,,,,,,,,,,,,,,,,,,,,,,,,,,,,,,,,,,,,,
1792-08-11,,,,,,,,,,,,,,,,,,,,,,,,,,,,,,,,,,,,,
1792-08-15,,,,,,,,,,,,,,,,,,,,,,,,,,,,,,,,,,,,,
1792-08-18,,,,,,,,,,,,,,,,,,,,,,,,,,,,,,,,,,,,,
1792-08-22,,,,,,,,,,,,,,,,,,,,,,,,,,,,,,,,,,,,,
1792-08-25,,,,,,,,,,,,,,,,,,,,,,,,,,,,,,,,,,,,,
1792-08-29,,,,,,,,,,,,,,,,,,,,,,,,,,,,,,,,,,,,,
1792-08-31,,,,,,,,,,,,,,,,,,,,,,,,,,,,,,,,,,,,,
1792-09-12,,,,,,,,,,,,,,,,,,,,,,,,,,,,,,,,,,,,,
1792-09-15,,,,,,,,,,,,,,,,,,,,,,,,,,,,,,,,,,,,,
1792-09-19,,,,,,,,,,,,,,,,,,,,,,,,,,,,,,,,,,,,,
1792-09-22,,,,,,,,,,,,,,,,,,,,,,,,,,,,,,,,,,,,,
1792-09-26,,,,,,,,,,,,,,,,,,,,,,,,,,,,,,,,,,,,,
1792-09-29,,,,,,,,,,,,,,,,,,,,,,,,,,,,,,,,,,,,,
1792-10-03,,,,,,,,,,,,,,,,,,,,,,,,,,,,,,,,,,,,,
1792-10-06,,,,,,,,,,,,,,,,,,,,,,,,,,,,,,,,,,,,,
1792-10-10,,,,,,,,,,,,,,,,,,,,,,,,,,,,,,,,,,,,,
1792-10-13,,,,,,,,,,,,,,,,,,,,,,,,,,,,,,,,,,,,,
1792-10-17,,,,,,,,,,,,,,,,,,,,,,,,,,,,,,,,,,,,,
1792-10-20,,,,,,,,,,,,,,,,,,,,,,,,,,,,,,,,,,,,,
1792-10-24,,,,,,,,,,,,,,,,,,,,,,,,,,,,,,,,,,,,,
1792-10-27,,,,,,,,,,,,,,,,,,,,,,,,,,,,,,,,,,,,,
1792-10-31,,,,,,,,,,,,,,,,,,,,,,,,,,,,,,,,,,,,,
1792-11-03,,,,,,,,,,,,,,,,,,,,,,,,,,,,,,,,,,,,,
1792-11-07,,,,,,,,,,,,,,,,,,,,,,,,,,,,,,,,,,,,,
1792-11-10,,,,,,,,,,,,,,,,,,,,,,,,,,,,,,,,,,,,,
1792-11-14,,,,,,,,,,,,,,,,,,,,,,,,,,,,,,,,,,,,,
1792-11-17,,,,,,,,,,,,,,,,,,,,,,,,,,,,,,,,,,,,,
1792-11-21,,,,,,,,,,,,,,,,,,,,,,,,,,,,,,,,,,,,,
1792-11-24,,,,,,,,,,,,,,,,,,,,,,,,,,,,,,,,,,,,,
1792-11-28,,,,,,,,,,,,,,,,,,,,,,,,,,,,,,,,,,,,,
1792-11-30,,,,,,,,,,,,,,,,,,,,,,,,,,,,,,,,,,,,,
1792-12-01,,,,,,,,,,,,,,,,,,,,,,,,,,,,,,,,,,,,,
1792-12-05,,,,,,,,,,,,,,,,,,,,,,,,,,,,,,,,,,,,,
1792-12-08,,,,,,,,,,,,,,,,,,,,,,,,,,,,,,,,,,,,,
1792-12-12,,,,,,,,,,,,,,,,,,,,,,,,,,,,,,,,,,,,,
1792-12-15,,,,,,,,,,,,,,,,,,,,,,,,,,,,,,,,,,,,,
1792-12-19,,,,,,,,,,,,,,,,,,,,,,,,,,,,,,,,,,,,,
1792-12-22,,,,,,,,,,,,,,,,,,,,,,,,,,,,,,,,,,,,,
1792-12-26,,,,,,,,,,,,,,,,,,,,,,,,,,,,,,,,,,,,,
1792-12-29,,,,,,,,,,,,,,,,,,,,,,,,,,,,,,,,,,,,,
1793-01-02,,,,,,,,,,,,,,,,,,,,,,,,,,,,,,,,,,,,,
1793-01-05,,,,,,,,,,,,,,,,,,,,,,,,,,,,,,,,,,,,,
1793-01-09,,,,,,,,,,,,,,,,,,,,,,,,,,,,,,,,,,,,,
1793-01-12,,,,,,,,,,,,,,,,,,,,,,,,,,,,,,,,,,,,,
1793-01-16,,,,,,,,,,,,,,,,,,,,,,,,,,,,,,,,,,,,,
1793-01-19,,,,,,,,,,,,,,,,,,,,,,,,,,,,,,,,,,,,,
1793-01-23,,,,,,,,,,,,,,,,,,,,,,,,,,,,,,,,,,,,,
1793-01-26,,,,,,,,,,,,,,,,,,,,,,,,,,,,,,,,,,,,,
1793-01-30,,,,,,,,,,,,,,,,,,,,,,,,,,,,,,,,,,,,,
1793-02-02,,,,,,,,,,,,,,,,,,,,,,,,,,,,,,,,,,,,,
1793-02-06,,,,,,,,,,,,,,,,,,,,,,,,,,,,,,,,,,,,,
1793-02-09,,,,,,,,,,,,,,,,,,,,,,,,,,,,,,,,,,,,,
1793-02-13,,,,,,,,,,,,,,,,,,,,,,,,,,,,,,,,,,,,,
1793-02-16,,,,,,,,,,,,,,,,,,,,,,,,,,,,,,,,,,,,,
1793-02-20,,,,,,,,,,,,,,,,,,,,,,,,,,,,,,,,,,,,,
1793-02-23,,,,,,,,,,,,,,,,,,,,,,,,,,,,,,,,,,,,,
1793-02-27,,,,,,,,,,,,,,,,,,,,,,,,,,,,,,,,,,,,,
1793-03-02,,,,,,,,,,,,,,,,,,,,,,,,,,,,,,,,,,,,,
1793-03-06,,,,,,,,,,,,,,,,,,,,,,,,,,,,,,,,,,,,,
1793-03-09,,,,,,,,,,,,,,,,,,,,,,,,,,,,,,,,,,,,,
1793-03-13,,,,,,,,,,,,,,,,,,,,,,,,,,,,,,,,,,,,,
1793-03-16,,,,,,,,,,,,,,,,,,,,,,,,,,,,,,,,,,,,,
1793-03-20,,,,,,,,,,,,,,,,,,,,,,,,,,,,,,,,,,,,,
1793-03-23,,,,,,,,,,,,,,,,,,,,,,,,,,,,,,,,,,,,,
1793-03-27,,,,,,,,,,,,,,,,,,,,,,,,,,,,,,,,,,,,,
1793-03-30,,,,,,,,,,,,,,,,,,,,,,,,,,,,,,,,,,,,,
1793-04-03,,,,,,,,,,,,,,,,,,,,,,,,,,,,,,,,,,,,,
1793-04-06,,,,,,,,,,,,,,,,,,,,,,,,,,,,,,,,,,,,,
1793-04-10,,,,,,,,,,,,,,,,,,,,,,,,,,,,,,,,,,,,,
1793-04-13,,,,,,,,,,,,,,,,,,,,,,,,,,,,,,,,,,,,,
1793-04-17,,,,,,,,,,,,,,,,,,,,,,,,,,,,,,,,,,,,,
1793-04-20,,,,,,,,,,,,,,,,,,,,,,,,,,,,,,,,,,,,,
1793-04-24,,,,,,,,,,,,,,,,,,,,,,,,,,,,,,,,,,,,,
1793-04-27,,,,,,,,,,,,,,,,,,,,,,,,,,,,,,,,,,,,,
1793-05-01,,,,,,,,,,,,,,,,,,,,,,,,,,,,,,,,,,,,,
1793-05-04,,,,,,,,,,,,,,,,,,,,,,,,,,,,,,,,,,,,,
1793-05-08,,,,,,,,,,,,,,,,,,,,,,,,,,,,,,,,,,,,,
1793-05-11,,,,,,,,,,,,,,,,,,,,,,,,,,,,,,,,,,,,,
1793-05-15,,,,,,,,,,,,,,,,,,,,,,,,,,,,,,,,,,,,,
1793-05-18,,,,,,,,,,,,,,,,,,,,,,,,,,,,,,,,,,,,,
1793-05-22,,,,,,,,,,,,,,,,,,,,,,,,,,,,,,,,,,,,,
1793-05-25,,,,,,,,,,,,,,,,,,,,,,,,,,,,,,,,,,,,,
1793-05-29,,,,,,,,,,,,,,,,,,,,,,,,,,,,,,,,,,,,,
1793-06-01,,,,,,,,,,,,,,,,,,,,,,,,,,,,,,,,,,,,,
1793-06-05,,,,,,,,,,,,,,,,,,,,,,,,,,,,,,,,,,,,,
1793-06-08,,,,,,,,,,,,,,,,,,,,,,,,,,,,,,,,,,,,,
1793-06-12,,,,,,,,,,,,,,,,,,,,,,,,,,,,,,,,,,,,,
1793-06-15,,,,,,,,,,,,,,,,,,,,,,,,,,,,,,,,,,,,,
1793-06-19,,,,,,,,,,,,,,,,,,,,,,,,,,,,,,,,,,,,,
1793-06-22,,,,,,,,,,,,,,,,,,,,,,,,,,,,,,,,,,,,,
1793-06-26,,,,,,,,,,,,,,,,,,,,,,,,,,,,,,,,,,,,,
1793-06-29,,,,,,,,,,,,,,,,,,,,,,,,,,,,,,,,,,,,,
1793-07-03,,,,,,,,,,,,,,,,,,,,,,,,,,,,,,,,,,,,,
1793-07-06,,,,,,,,,,,,,,,,,,,,,,,,,,,,,,,,,,,,,
1793-07-10,,,,,,,,,,,,,,,,,,,,,,,,,,,,,,,,,,,,,
1793-07-13,,,,,,,,,,,,,,,,,,,,,,,,,,,,,,,,,,,,,
1793-07-17,,,,,,,,,,,,,,,,,,,,,,,,,,,,,,,,,,,,,
1793-07-20,,,,,,,,,,,,,,,,,,,,,,,,,,,,,,,,,,,,,
1793-07-24,,,,,,,,,,,,,,,,,,,,,,,,,,,,,,,,,,,,,
1793-07-27,,,,,,,,,,,,,,,,,,,,,,,,,,,,,,,,,,,,,
1793-07-31,,,,,,,,,,,,,,,,,,,,,,,,,,,,,,,,,,,,,
1793-08-03,,,,,,,,,,,,,,,,,,,,,,,,,,,,,,,,,,,,,
1793-08-07,,,,,,,,,,,,,,,,,,,,,,,,,,,,,,,,,,,,,
1793-08-10,,,,,,,,,,,,,,,,,,,,,,,,,,,,,,,,,,,,,
1793-08-14,,,,,,,,,,,,,,,,,,,,,,,,,,,,,,,,,,,,,
1793-08-17,,,,,,,,,,,,,,,,,,,,,,,,,,,,,,,,,,,,,
1793-08-21,,,,,,,,,,,,,,,,,,,,,,,,,,,,,,,,,,,,,
1793-08-24,,,,,,,,,,,,,,,,,,,,,,,,,,,,,,,,,,,,,
1793-08-28,,,,,,,,,,,,,,,,,,,,,,,,,,,,,,,,,,,,,
1793-08-31,,,,,,,,,,,,,,,,,,,,,,,,,,,,,,,,,,,,,
1793-09-04,,,,,,,,,,,,,,,,,,,,,,,,,,,,,,,,,,,,,
1793-09-07,,,,,,,,,,,,,,,,,,,,,,,,,,,,,,,,,,,,,
1794-01-01,,,,,,,,,,,,,,,,,,,,,,,,,,,,,,,,,,,,,
1794-01-08,,,,,,,,,,,,,,,,,,,,,,,,,,,,,,,,,,,,,
1794-01-14,,,,,,,,,,,,,,,,,,,,,,,,,,,,,,,,,,,,,
1794-01-21,,,,,,,,,,,,,,,,,,,,,,,,,,,,,,,,,,,,,
1794-01-25,,,,,,,,,,,,,,,,,,,,,,,,,,,,,,,,,,,,,
1794-01-31,,,,,,,,,,,,,,,,,,,,,,,,,,,,,,,,,,,,,
1794-02-06,,,,,,,,,,,,,,,,,,,,,,,,,,,,,,,,,,,,,
1794-02-13,,,,,,,,,,,,,,,,,,,,,,,,,,,,,,,,,,,,,
1794-02-20,,,,,,,,,,,,,,,,,,,,,,,,,,,,,,,,,,,,,
1794-03-01,,,,,,,,,,,,,,,,,,,,,,,,,,,,,,,,,,,,,
1794-03-06,,,,,,,,,,,,,,,,,,,,,,,,,,,,,,,,,,,,,
1794-03-07,,,,,,,,,,,,,,,,,,,,,,,,,,,,,,,,,,,,,
1794-03-15,,,,,,,,,,,,,,,,,,,,,,,,,,,,,,,,,,,,,
1794-03-21,,,,,,,,,,,,,,,,,,,,,,,,,,,,,,,,,,,,,
1794-04-09,,,,,,,,,,,,,,,,,,,,,,,,,,,,,,,,,,,,,
1794-04-12,,,,,,,,,,,,,,,,,,,,,,,,,,,,,,,,,,,,,
1794-05-17,,,,,,,,,,,,,,,,,,,,,,,,,,,,,,,,,,,,,
1794-06-21,,,,,,,,,,,,,,,,,,,,,,,,,,,,,,,,,,,,,
1794-07-05,,,,,,,,,,,,,,,,,,,,,,,,,,,,,,,,,,,,,
1794-07-05,,,,,,,,,,,,,,,,,,,,,,,,,,,,,,,,,,,,,
1795-01-02,,,,,,,,,,,,,,,,,,,,,,,,,,,,,,,,,,,,,
1795-01-10,,,,,,,,,,,,,,,,,,,,,,,,,,,,,,,,,,,,,
1795-01-17,,,,,,,,,,,,,,,,,,,,,,,,,,,,,,,,,,,,,
1795-01-24,,,,,,,,,,,,,,,,,,,,,,,,,,,,,,,,,,,,,
1795-01-30,,,,,,,,,,,,,,,,,,,,,,,,,,,,,,,,,,,,,
1795-02-03,,,,,,,,,,,,,,,,,,,,,,,,,,,,,,,,,,,,,
1795-02-09,,,,,,,,,,,,,,,,,,,,,,,,,,,,,,,,,,,,,
1795-02-11,,,,,,,,,,,,,,,,,,,,,,,,,,,,,,,,,,,,,
1795-02-16,,,,,,,,,,,,,,,,,,,,,,,,,,,,,,,,,,,,,
1795-02-21,,,,,,,,,,,,,,,,,,,,,,,,,,,,,,,,,,,,,
1795-02-28,,,,,,,,,,,,,,,,,,,,,,,,,,,,,,,,,,,,,
1795-03-04,,,,,,,,,,,,,,,,,,,,,,,,,,,,,,,,,,,,,
1795-03-07,,,,,,,,,,,,,,,,,,,,,,,,,,,,,,,,,,,,,
1795-03-14,,,,,,,,,,,,,,,,,,,,,,,,,,,,,,,,,,,,,
1795-03-17,,,,,,,,,,,,,,,,,,,,,,,,,,,,,,,,,,,,,
1795-03-24,,,,,,,,,,,,,,,,,,,,,,,,,,,,,,,,,,,,,
1795-03-31,,,,,,,,,,,,,,,,,,,,,,,,,,,,,,,,,,,,,
1795-04-04,,,,,,,,,,,,,,,,,,,,,,,,,,,,,,,,,,,,,
1795-04-11,,,,,,,,,,,,,,,,,,,,,,,,,,,,,,,,,,,,,
1795-04-18,,,,,,,,,,,,,,,,,,,,,,,,,,,,,,,,,,,,,
1795-04-25,,,,,,,,,,,,,,,,,,,,,,,,,,,,,,,,,,,,,
1795-05-01,,,,,,,,,,,,,,,,,,,,,,,,,,,,,,,,,,,,,
1795-05-08,,,,,,,,,,,,,,,,,,,,,,,,,,,,,,,,,,,,,
1795-05-15,,,,,,,,,,,,,,,,,,,,,,,,,,,,,,,,,,,,,
1795-05-21,,,,,,,,,,,,,,,,,,,,,,,,,,,,,,,,,,,,,
1795-05-27,,,,,,,,,,,,,,,,,,,,,,,,,,,,,,,,,,,,,
1795-06-04,,,,,,,,,,,,,,,,,,,,,,,,,,,,,,,,,,,,,
1795-06-09,,,,,,,,,,,,,,,,,,,,,,,,,,,,,,,,,,,,,
1795-06-15,,,,,,,,,,,,,,,,,,,,,,,,,,,,,,,,,,,,,
1795-06-22,,,,,,,,,,,,,,,,,,,,,,,,,,,,,,,,,,,,,
1795-06-29,,,,,,,,,,,,,,,,,,,,,,,,,,,,,,,,,,,,,
1795-07-02,,,,,,,,,,,,,,,,,,,,,,,,,,,,,,,,,,,,,
1795-07-09,,,,,,,,,,,,,,,,,,,,,,,,,,,,,,,,,,,,,
1795-07-16,,,,,,,,,,,,,,,,,,,,,,,,,,,,,,,,,,,,,
1795-07-23,,,,,,,,,,,,,,,,,,,,,,,,,,,,,,,,,,,,,
1795-07-31,,,,,,,,,,,,,,,,,,,,,,,,,,,,,,,,,,,,,
1795-08-07,,,,,,,,,,,,,,,,,,,,,,,,,,,,,,,,,,,,,
1795-08-14,,,,,,,,,,,,,,,,,,,,,,,,,,,,,,,,,,,,,
1795-08-24,,,,,,,,,,,,,,,,,,,,,,,,,,,,,,,,,,,,,
1795-08-29,,,,,,,,,,,,,,,,,,,,,,,,,,,,,,,,,,,,,
1795-09-04,,,,,,,,,,,,,,,,,,,,,,,,,,,,,,,,,,,,,
1795-09-11,,,,,,,,,,,,,,,,,,,,,,,,,,,,,,,,,,,,,
1795-09-18,,,,,,,,,,,,,,,,,,,,,,,,,,,,,,,,,,,,,
1795-09-25,,,,,,,,,,,,,,,,,,,,,,,,,,,,,,,,,,,,,
1795-09-28,,,,,,,,,,,,,,,,,,,,,,,,,,,,,,,,,,,,,
1795-10-02,,,,,,,,,,,,,,,,,,,,,,,,,,,,,,,,,,,,,
1795-10-07,,,,,,,,,,,,,,,,,,,,,,,,,,,,,,,,,,,,,
1795-10-19,,,,,,,,,,,,,,,,,,,,,,,,,,,,,,,,,,,,,
1795-10-24,,,,,,,,,,,,,,,,,,,,,,,,,,,,,,,,,,,,,
1795-10-31,,,,,,,,,,,,,,,,,,,,,,,,,,,,,,,,,,,,,
1795-11-05,,,,,,,,,,,,,,,,,,,,,,,,,,,,,,,,,,,,,
1795-11-12,,,,,,,,,,,,,,,,,,,,,,,,,,,,,,,,,,,,,
1795-11-18,,,,,,,,,,,,,,,,,,,,,,,,,,,,,,,,,,,,,
1795-11-27,,,,,,,,,,,,,,,,,,,,,,,,,,,,,,,,,,,,,
1795-11-28,,,,,,,,,,,,,,,,,,,,,,,,,,,,,,,,,,,,,
1795-12-01,,,,,,,,,,,,,,,,,,,,,,,,,,,,,,,,,,,,,
1795-12-05,,,,,,,,,,,,,,,,,,,,,,,,,,,,,,,,,,,,,
1795-12-12,,,,,,,,,,,,,,,,,,,,,,,,,,,,,,,,,,,,,
1795-12-16,,,,,,,,,,,,,,,,,,,,,,,,,,,,,,,,,,,,,
1795-12-17,,,,,,,,,,,,,,,,,,,,,,,,,,,,,,,,,,,,,
1795-12-20,,,,,,,,,,,,,,,,,,,,,,,,,,,,,,,,,,,,,
1795-12-26,,,,,,,,,,,,,,,,,,,,,,,,,,,,,,,,,,,,,
1795-12-30,,,,,,,,,,,,,,,,,,,,,,,,,,,,,,,,,,,,,
1796-01-01,,,,,,,,,,,,,,,,,,,,,,,,,,,,,,,,,,,,,
1796-01-04,,,,,,,,,,,,,,,,,,,,,,,,,,,,,,,,,,,,,
1796-01-08,,,,,,,,,,,,,,,,,,,,,,,,,,,,,,,,,,,,,
1796-01-12,,,,,,,,,,,,,,,,,,,,,,,,,,,,,,,,,,,,,
1796-01-14,,,,,,,,,,,,,,,,,,,,,,,,,,,,,,,,,,,,,
1796-01-18,,,,,,,,,,,,,,,,,,,,,,,,,,,,,,,,,,,,,
1796-01-21,,,,,,,,,,,,,,,,,,,,,,,,,,,,,,,,,,,,,
1796-01-24,,,,,,,,,,,,,,,,,,,,,,,,,,,,,,,,,,,,,
1796-01-27,,,,,,,,,,,,,,,,,,,,,,,,,,,,,,,,,,,,,
1796-01-29,,,,,,,,,,,,,,,,,,,,,,,,,,,,,,,,,,,,,
1796-02-01,,,,,,,,,,,,,,,,,,,,,,,,,,,,,,,,,,,,,
1796-02-04,,,,,,,,,,,,,,,,,,,,,,,,,,,,,,,,,,,,,
1796-02-08,,,,,,,,,,,,,,,,,,,,,,,,,,,,,,,,,,,,,
1796-02-12,,,,,,,,,,,,,,,,,,,,,,,,,,,,,,,,,,,,,
1796-02-15,,,,,,,,,,,,,,,,,,,,,,,,,,,,,,,,,,,,,
1796-02-23,,,,,,,,,,,,,,,,,,,,,,,,,,,,,,,,,,,,,
1796-02-25,,,,,,,,,,,,,,,,,,,,,,,,,,,,,,,,,,,,,
1796-03-04,,,,,,,,,,,,,,,,,,,,,,,,,,,,,,,,,,,,,
1796-03-21,,,,,,,,,,,,,,,,,,,,,,,,,,,,,,,,,,,,,
1796-03-24,,,,,,,,,,,,,,,,,,,,,,,,,,,,,,,,,,,,,
1796-03-28,,,,,,,,,,,,,,,,,,,,,,,,,,,,,,,,,,,,,
1796-04-01,,,,,,,,,,,,,,,,,,,,,,,,,,,,,,,,,,,,,
1796-04-04,,,,,,,,,,,,,,,,,,,,,,,,,,,,,,,,,,,,,
1796-04-06,,,,,,,,,,,,,,,,,,,,,,,,,,,,,,,,,,,,,
1796-04-12,,,,,,,,,,,,,,,,,,,,,,,,,,,,,,,,,,,,,
1796-04-14,,,,,,,,,,,,,,,,,,,,,,,,,,,,,,,,,,,,,
1796-04-19,,,,,,,,,,,,,,,,,,,,,,,,,,,,,,,,,,,,,
1796-04-22,,,,,,,,,,,,,,,,,,,,,,,,,,,,,,,,,,,,,
1796-04-26,,,,,,,,,,,,,,,,,,,,,,,,,,,,,,,,,,,,,
1796-04-29,,,,,,,,,,,,,,,,,,,,,,,,,,,,,,,,,,,,,
1796-05-03,,,,,,,,,,,,,,,,,,,,,,,,,,,,,,,,,,,,,
1796-05-06,,,,,,,,,,,,,,,,,,,,,,,,,,,,,,,,,,,,,
1796-05-10,,,,,,,,,,,,,,,,,,,,,,,,,,,,,,,,,,,,,
1796-05-13,,,,,,,,,,,,,,,,,,,,,,,,,,,,,,,,,,,,,
1796-05-17,,,,,,,,,,,,,,,,,,,,,,,,,,,,,,,,,,,,,
1796-05-20,,,,,,,,,,,,,,,,,,,,,,,,,,,,,,,,,,,,,
1796-05-27,,,,,,,,,,,,,,,,,,,,,,,,,,,,,,,,,,,,,
1796-05-30,,,,,,,,,,,,,,,,,,,,,,,,,,,,,,,,,,,,,
1796-06-03,,,,,,,,,,,,,,,,,,,,,,,,,,,,,,,,,,,,,
1796-06-07,,,,,,,,,,,,,,,,,,,,,,,,,,,,,,,,,,,,,
1796-06-10,,,,,,,,,,,,,,,,,,,,,,,,,,,,,,,,,,,,,
1796-06-17,,,,,,,,,,,,,,,,,,,,,,,,,,,,,,,,,,,,,
1796-06-21,,,,,,,,,,,,,,,,,,,,,,,,,,,,,,,,,,,,,
1796-06-24,,,,,,,,,,,,,,,,,,,,,,,,,,,,,,,,,,,,,
1796-06-27,,,,,,,,,,,,,,,,,,,,,,,,,,,,,,,,,,,,,
1796-07-01,,,,,,,,,,,,,,,,,,,,,,,,,,,,,,,,,,,,,
1796-07-05,,,,,,,,,,,,,,,,,,,,,,,,,,,,,,,,,,,,,
1796-07-08,,,,,,,,,,,,,,,,,,,,,,,,,,,,,,,,,,,,,
1796-07-12,,,,,,,,,,,,,,,,,,,,,,,,,,,,,,,,,,,,,
1796-07-15,,,,,,,,,,,,,,,,,,,,,,,,,,,,,,,,,,,,,
1796-07-18,,,,,,,,,,,,,,,,,,,,,,,,,,,,,,,,,,,,,
1796-07-22,,,,,,,,,,,,,,,,,,,,,,,,,,,,,,,,,,,,,
1796-07-25,,,,,,,,,,,,,,,,,,,,,,,,,,,,,,,,,,,,,
1796-07-29,,,,,,,,,,,,,,,,,,,,,,,,,,,,,,,,,,,,,
1796-08-02,,,,,,,,,,,,,,,,,,,,,,,,,,,,,,,,,,,,,
1796-08-09,,,,,,,,,,,,,,,,,,,,,,,,,,,,,,,,,,,,,
1796-08-12,,,,,,,,,,,,,,,,,,,,,,,,,,,,,,,,,,,,,
1796-08-16,,,,,,,,,,,,,,,,,,,,,,,,,,,,,,,,,,,,,
1796-08-19,,,,,,,,,,,,,,,,,,,,,,,,,,,,,,,,,,,,,
1796-08-23,,,,,,,,,,,,,,,,,,,,,,,,,,,,,,,,,,,,,
1796-08-26,,,,,,,,,,,,,,,,,,,,,,,,,,,,,,,,,,,,,
1796-08-30,,,,,,,,,,,,,,,,,,,,,,,,,,,,,,,,,,,,,
1796-09-02,,,,,,,,,,,,,,,,,,,,,,,,,,,,,,,,,,,,,
1796-09-06,,,,,,,,,,,,,,,,,,,,,,,,,,,,,,,,,,,,,
1796-09-09,,,,,,,,,,,,,,,,,,,,,,,,,,,,,,,,,,,,,
1796-09-13,,,,,,,,,,,,,,,,,,,,,,,,,,,,,,,,,,,,,
1796-09-16,,,,,,,,,,,,,,,,,,,,,,,,,,,,,,,,,,,,,
1796-09-20,,,,,,,,,,,,,,,,,,,,,,,,,,,,,,,,,,,,,
1796-09-23,,,,,,,,,,,,,,,,,,,,,,,,,,,,,,,,,,,,,
1796-09-26,,,,,,,,,,,,,,,,,,,,,,,,,,,,,,,,,,,,,
1796-09-30,,,,,,,,,,,,,,,,,,,,,,,,,,,,,,,,,,,,,
1796-10-04,,,,,,,,,,,,,,,,,,,,,,,,,,,,,,,,,,,,,
1796-10-07,,,,,,,,,,,,,,,,,,,,,,,,,,,,,,,,,,,,,
1796-10-11,,,,,,,,,,,,,,,,,,,,,,,,,,,,,,,,,,,,,
1796-10-18,,,,,,,,,,,,,,,,,,,,,,,,,,,,,,,,,,,,,
1796-10-21,,,,,,,,,,,,,,,,,,,,,,,,,,,,,,,,,,,,,
1796-10-24,,,,,,,,,,,,,,,,,,,,,,,,,,,,,,,,,,,,,
1796-11-01,,,,,,,,,,,,,,,,,,,,,,,,,,,,,,,,,,,,,
1796-11-04,,,,,,,,,,,,,,,,,,,,,,,,,,,,,,,,,,,,,
1796-11-08,,,,,,,,,,,,,,,,,,,,,,,,,,,,,,,,,,,,,
1796-11-11,,,,,,,,,,,,,,,,,,,,,,,,,,,,,,,,,,,,,
1796-11-14,,,,,,,,,,,,,,,,,,,,,,,,,,,,,,,,,,,,,
1796-11-18,,,,,,,,,,,,,,,,,,,,,,,,,,,,,,,,,,,,,
1796-11-21,,,,,,,,,,,,,,,,,,,,,,,,,,,,,,,,,,,,,
1796-11-25,,,,,,,,,,,,,,,,,,,,,,,,,,,,,,,,,,,,,
1796-11-30,,,,,,,,,,,,,,,,,,,,,,,,,,,,,,,,,,,,,
1796-12-02,,,,,,,,,,,,,,,,,,,,,,,,,,,,,,,,,,,,,
1796-12-06,,,,,,,,,,,,,,,,,,,,,,,,,,,,,,,,,,,,,
1796-12-09,,,,,,,,,,,,,,,,,,,,,,,,,,,,,,,,,,,,,
1796-12-13,,,,,,,,,,,,,,,,,,,,,,,,,,,,,,,,,,,,,
1796-12-16,,,,,,,,,,,,,,,,,,,,,,,,,,,,,,,,,,,,,
1796-12-19,,,,,,,,,,,,,,,,,,,,,,,,,,,,,,,,,,,,,
1796-12-23,,,,,,,,,,,,,,,,,,,,,,,,,,,,,,,,,,,,,
1796-12-27,,,,,,,,,,,,,,,,,,,,,,,,,,,,,,,,,,,,,
1796-12-30,,,,,,,,,,,,,,,,,,,,,,,,,,,,,,,,,,,,,
1797-01-03,,,,,,,,,,,,,,,,,,,,,,,,,,,,,,,,,,,,,
1797-01-06,,,,,,,,,,,,,,,,,,,,,,,,,,,,,,,,,,,,,
1797-01-10,,,,,,,,,,,,,,,,,,,,,,,,,,,,,,,,,,,,,
1797-01-13,,,,,,,,,,,,,,,,,,,,,,,,,,,,,,,,,,,,,
1797-01-17,,,,,,,,,,,,,,,,,,,,,,,,,,,,,,,,,,,,,
1797-01-20,,,,,,,,,,,,,,,,,,,,,,,,,,,,,,,,,,,,,
1797-01-23,,,,,,,,,,,,,,,,,,,,,,,,,,,,,,,,,,,,,
1797-01-31,,,,,,,,,,,,,,,,,,,,,,,,,,,,,,,,,,,,,
1797-02-03,,,,,,,,,,,,,,,,,,,,,,,,,,,,,,,,,,,,,
1797-02-11,,,,,,,,,,,,,,,,,,,,,,,,,,,,,,,,,,,,,
1797-02-21,,,,,,,,,,,,,,,,,,,,,,,,,,,,,,,,,,,,,
1797-02-24,,,,,,,,,,,,,,,,,,,,,,,,,,,,,,,,,,,,,
1797-02-28,,,,,,,,,,,,,,,,,,,,,,,,,,,,,,,,,,,,,
1797-03-01,,,,,,,,,,,,,,,,,,,,,,,,,,,,,,,,,,,,,
1797-03-02,,,,,,,,,,,,,,,,,,,,,,,,,,,,,,,,,,,,,
1797-03-03,,,,,,,,,,,,,,,,,,,,,,,,,,,,,,,,,,,,,
1797-03-07,,,,,,,,,,,,,,,,,,,,,,,,,,,,,,,,,,,,,
1797-03-08,,,,,,,,,,,,,,,,,,,,,,,,,,,,,,,,,,,,,
1797-03-09,,,,,,,,,,,,,,,,,,,,,,,,,,,,,,,,,,,,,
1797-03-10,,,,,,,,,,,,,,,,,,,,,,,,,,,,,,,,,,,,,
1797-03-11,,,,,,,,,,,,,,,,,,,,,,,,,,,,,,,,,,,,,
1797-03-14,,,,,,,,,,,,,,,,,,,,,,,,,,,,,,,,,,,,,
1797-03-15,,,,,,,,,,,,,,,,,,,,,,,,,,,,,,,,,,,,,
1797-03-16,,,,,,,,,,,,,,,,,,,,,,,,,,,,,,,,,,,,,
1797-03-17,,,,,,,,,,,,,,,,,,,,,,,,,,,,,,,,,,,,,
1797-03-20,,,,,,,,,,,,,,,,,,,,,,,,,,,,,,,,,,,,,
1797-03-21,,,,,,,,,,,,,,,,,,,,,,,,,,,,,,,,,,,,,
1797-03-28,,,,,,,,,,,,,,,,,,,,,,,,,,,,,,,,,,,,,
1797-03-30,,,,,,,,,,,,,,,,,,,,,,,,,,,,,,,,,,,,,
1797-03-31,,,,,,,,,,,,,,,,,,,,,,,,,,,,,,,,,,,,,
1797-04-06,,,,,,,,,,,,,,,,,,,,,,,,,,,,,,,,,,,,,
1797-04-15,,,,,,,,,,,,,,,,,,,,,,,,,,,,,,,,,,,,,
1797-04-20,,,,,,,,,,,,,,,,,,,,,,,,,,,,,,,,,,,,,
1797-04-21,,,,,,,,,,,,,,,,,,,,,,,,,,,,,,,,,,,,,
1797-04-28,,,,,,,,,,,,,,,,,,,,,,,,,,,,,,,,,,,,,
1797-05-01,,,,,,,,,,,,,,,,,,,,,,,,,,,,,,,,,,,,,
1797-05-03,,,,,,,,,,,,,,,,,,,,,,,,,,,,,,,,,,,,,
1797-05-10,,,,,,,,,,,,,,,,,,,,,,,,,,,,,,,,,,,,,
1797-05-12,,,,,,,,,,,,,,,,,,,,,,,,,,,,,,,,,,,,,
1797-05-13,,,,,,,,,,,,,,,,,,,,,,,,,,,,,,,,,,,,,
1797-05-18,,,,,,,,,,,,,,,,,,,,,,,,,,,,,,,,,,,,,
1797-05-20,,,,,,,,,,,,,,,,,,,,,,,,,,,,,,,,,,,,,
1797-05-30,,,,,,,,,,,,,,,,,,,,,,,,,,,,,,,,,,,,,
1797-06-02,,,,,,,,,,,,,,,,,,,,,,,,,,,,,,,,,,,,,
1797-06-03,,,,,,,,,,,,,,,,,,,,,,,,,,,,,,,,,,,,,
1797-06-06,,,,,,,,,,,,,,,,,,,,,,,,,,,,,,,,,,,,,
1797-06-09,,,,,,,,,,,,,,,,,,,,,,,,,,,,,,,,,,,,,
1797-06-13,,,,,,,,,,,,,,,,,,,,,,,,,,,,,,,,,,,,,
1797-06-16,,,,,,,,,,,,,,,,,,,,,,,,,,,,,,,,,,,,,
1797-06-20,,,,,,,,,,,,,,,,,,,,,,,,,,,,,,,,,,,,,
1797-06-23,,,,,,,,,,,,,,,,,,,,,,,,,,,,,,,,,,,,,
1797-07-01,,,,,,,,,,,,,,,,,,,,,,,,,,,,,,,,,,,,,
1797-07-07,,,,,,,,,,,,,,,,,,,,,,,,,,,,,,,,,,,,,
1797-07-13,,,,,,,,,,,,,,,,,,,,,,,,,,,,,,,,,,,,,
1797-07-15,,,,,,,,,,,,,,,,,,,,,,,,,,,,,,,,,,,,,
1797-07-17,,,,,,,,,,,,,,,,,,,,,,,,,,,,,,,,,,,,,
1797-07-19,,,,,,,,,,,,,,,,,,,,,,,,,,,,,,,,,,,,,
1797-07-21,,,,,,,,,,,,,,,,,,,,,,,,,,,,,,,,,,,,,
1797-07-25,,,,,,,,,,,,,,,,,,,,,,,,,,,,,,,,,,,,,
1797-07-26,,,,,,,,,,,,,,,,,,,,,,,,,,,,,,,,,,,,,
1797-07-27,,,,,,,,,,,,,,,,,,,,,,,,,,,,,,,,,,,,,
1797-08-08,,,,,,,,,,,,,,,,,,,,,,,,,,,,,,,,,,,,,
1797-08-09,,,,,,,,,,,,,,,,,,,,,,,,,,,,,,,,,,,,,
1797-08-12,,,,,,,,,,,,,,,,,,,,,,,,,,,,,,,,,,,,,
1797-08-16,,,,,,,,,,,,,,,,,,,,,,,,,,,,,,,,,,,,,
1797-08-22,,,,,,,,,,,,,,,,,,,,,,,,,,,,,,,,,,,,,
1797-08-25,,,,,,,,,,,,,,,,,,,,,,,,,,,,,,,,,,,,,
1797-08-29,,,,,,,,,,,,,,,,,,,,,,,,,,,,,,,,,,,,,
1797-09-01,,,,,,,,,,,,,,,,,,,,,,,,,,,,,,,,,,,,,
1797-09-04,,,,,,,,,,,,,,,,,,,,,,,,,,,,,,,,,,,,,
1797-09-08,,,,,,,,,,,,,,,,,,,,,,,,,,,,,,,,,,,,,
1797-09-12,,,,,,,,,,,,,,,,,,,,,,,,,,,,,,,,,,,,,
1797-09-22,,,,,,,,,,,,,,,,,,,,,,,,,,,,,,,,,,,,,
1797-09-26,,,,,,,,,,,,,,,,,,,,,,,,,,,,,,,,,,,,,
1797-09-29,,,,,,,,,,,,,,,,,,,,,,,,,,,,,,,,,,,,,
1797-10-03,,,,,,,,,,,,,,,,,,,,,,,,,,,,,,,,,,,,,
1797-10-06,,,,,,,,,,,,,,,,,,,,,,,,,,,,,,,,,,,,,
1797-10-10,,,,,,,,,,,,,,,,,,,,,,,,,,,,,,,,,,,,,
1797-10-20,,,,,,,,,,,,,,,,,,,,,,,,,,,,,,,,,,,,,
1797-10-24,,,,,,,,,,,,,,,,,,,,,,,,,,,,,,,,,,,,,
1797-10-27,,,,,,,,,,,,,,,,,,,,,,,,,,,,,,,,,,,,,
1797-10-31,,,,,,,,,,,,,,,,,,,,,,,,,,,,,,,,,,,,,
1797-11-03,,,,,,,,,,,,,,,,,,,,,,,,,,,,,,,,,,,,,
1797-11-07,,,,,,,,,,,,,,,,,,,,,,,,,,,,,,,,,,,,,
1797-11-10,,,,,,,,,,,,,,,,,,,,,,,,,,,,,,,,,,,,,
1797-11-17,,,,,,,,,,,,,,,,,,,,,,,,,,,,,,,,,,,,,
1797-11-21,,,,,,,,,,,,,,,,,,,,,,,,,,,,,,,,,,,,,
1797-11-24,,,,,,,,,,,,,,,,,,,,,,,,,,,,,,,,,,,,,
1797-11-27,,,,,,,,,,,,,,,,,,,,,,,,,,,,,,,,,,,,,
1797-11-28,,,,,,,,,,,,,,,,,,,,,,,,,,,,,,,,,,,,,
1797-11-29,,,,,,,,,,,,,,,,,,,,,,,,,,,,,,,,,,,,,
1797-11-30,,,,,,,,,,,,,,,,,,,,,,,,,,,,,,,,,,,,,
1797-12-01,,,,,,,,,,,,,,,,,,,,,,,,,,,,,,,,,,,,,
1797-12-02,,,,,,,,,,,,,,,,,,,,,,,,,,,,,,,,,,,,,
1797-12-04,,,,,,,,,,,,,,,,,,,,,,,,,,,,,,,,,,,,,
1797-12-05,,,,,,,,,,,,,,,,,,,,,,,,,,,,,,,,,,,,,
1797-12-06,,,,,,,,,,,,,,,,,,,,,,,,,,,,,,,,,,,,,
1797-12-07,,,,,,,,,,,,,,,,,,,,,,,,,,,,,,,,,,,,,
1797-12-08,,,,,,,,,,,,,,,,,,,,,,,,,,,,,,,,,,,,,
1797-12-12,,,,,,,,,,,,,,,,,,,,,,,,,,,,,,,,,,,,,
1797-12-13,,,,,,,,,,,,,,,,,,,,,,,,,,,,,,,,,,,,,
1797-12-14,,,,,,,,,,,,,,,,,,,,,,,,,,,,,,,,,,,,,
1797-12-15,,,,,,,,,,,,,,,,,,,,,,,,,,,,,,,,,,,,,
1797-12-16,,,,,,,,,,,,,,,,,,,,,,,,,,,,,,,,,,,,,
1797-12-18,,,,,,,,,,,,,,,,,,,,,,,,,,,,,,,,,,,,,
1797-12-22,,,,,,,,,,,,,,,,,,,,,,,,,,,,,,,,,,,,,
1797-12-23,,,,,,,,,,,,,,,,,,,,,,,,,,,,,,,,,,,,,
1797-12-26,,,,,,,,,,,,,,,,,,,,,,,,,,,,,,,,,,,,,
1797-12-27,,,,,,,,,,,,,,,,,,,,,,,,,,,,,,,,,,,,,
1797-12-29,,,,,,,,,,,,,,,,,,,,,,,,,,,,,,,,,,,,,
1798-01-04,,,,,,,,,,,,,,,,,,,,,,,,,,,,,,,,,,,,,
1798-01-08,,,,,,,,,,,,,,,,,,,,,,,,,,,,,,,,,,,,,
1798-01-10,,,,,,,,,,,,,,,,,,,,,,,,,,,,,,,,,,,,,
1798-01-11,,,,,,,,,,,,,,,,,,,,,,,,,,,,,,,,,,,,,
1798-01-12,,,,,,,,,,,,,,,,,,,,,,,,,,,,,,,,,,,,,
1798-01-13,,,,,,,,,,,,,,,,,,,,,,,,,,,,,,,,,,,,,
1798-01-17,,,,,,,,,,,,,,,,,,,,,,,,,,,,,,,,,,,,,
1798-01-18,,,,,,,,,,,,,,,,,,,,,,,,,,,,,,,,,,,,,
1798-01-19,,,,,,,,,,,,,,,,,,,,,,,,,,,,,,,,,,,,,
1798-01-22,,,,,,,,,,,,,,,,,,,,,,,,,,,,,,,,,,,,,
1798-01-24,,,,,,,,,,,,,,,,,,,,,,,,,,,,,,,,,,,,,
1798-01-25,,,,,,,,,,,,,,,,,,,,,,,,,,,,,,,,,,,,,
1798-01-27,,,,,,,,,,,,,,,,,,,,,,,,,,,,,,,,,,,,,
1798-01-31,,,,,,,,,,,,,,,,,,,,,,,,,,,,,,,,,,,,,
1798-02-01,,,,,,,,,,,,,,,,,,,,,,,,,,,,,,,,,,,,,
1798-02-02,,,,,,,,,,,,,,,,,,,,,,,,,,,,,,,,,,,,,
1798-02-05,,,,,,,,,,,,,,,,,,,,,,,,,,,,,,,,,,,,,
1798-02-08,,,,,,,,,,,,,,,,,,,,,,,,,,,,,,,,,,,,,
1798-02-09,,,,,,,,,,,,,,,,,,,,,,,,,,,,,,,,,,,,,
1798-02-10,,,,,,,,,,,,,,,,,,,,,,,,,,,,,,,,,,,,,
1798-02-12,,,,,,,,,,,,,,,,,,,,,,,,,,,,,,,,,,,,,
1798-02-13,,,,,,,,,,,,,,,,,,,,,,,,,,,,,,,,,,,,,
1798-02-14,,,,,,,,,,,,,,,,,,,,,,,,,,,,,,,,,,,,,
1798-02-15,,,,,,,,,,,,,,,,,,,,,,,,,,,,,,,,,,,,,
1798-02-16,,,,,,,,,,,,,,,,,,,,,,,,,,,,,,,,,,,,,
1798-02-17,,,,,,,,,,,,,,,,,,,,,,,,,,,,,,,,,,,,,
1798-02-19,,,,,,,,,,,,,,,,,,,,,,,,,,,,,,,,,,,,,
1798-02-20,,,,,,,,,,,,,,,,,,,,,,,,,,,,,,,,,,,,,
1798-02-24,,,,,,,,,,,,,,,,,,,,,,,,,,,,,,,,,,,,,
1798-02-27,,,,,,,,,,,,,,,,,,,,,,,,,,,,,,,,,,,,,
1798-03-01,,,,,,,,,,,,,,,,,,,,,,,,,,,,,,,,,,,,,
1798-03-09,,,,,,,,,,,,,,,,,,,,,,,,,,,,,,,,,,,,,
1798-03-10,,,,,,,,,,,,,,,,,,,,,,,,,,,,,,,,,,,,,
1798-03-12,,,,,,,,,,,,,,,,,,,,,,,,,,,,,,,,,,,,,
1798-03-13,,,,,,,,,,,,,,,,,,,,,,,,,,,,,,,,,,,,,
1798-03-16,,,,,,,,,,,,,,,,,,,,,,,,,,,,,,,,,,,,,
1798-03-17,,,,,,,,,,,,,,,,,,,,,,,,,,,,,,,,,,,,,
1798-03-20,,,,,,,,,,,,,,,,,,,,,,,,,,,,,,,,,,,,,
1798-03-21,,,,,,,,,,,,,,,,,,,,,,,,,,,,,,,,,,,,,
1798-03-22,,,,,,,,,,,,,,,,,,,,,,,,,,,,,,,,,,,,,
1798-03-23,,,,,,,,,,,,,,,,,,,,,,,,,,,,,,,,,,,,,
1798-03-24,,,,,,,,,,,,,,,,,,,,,,,,,,,,,,,,,,,,,
1798-03-27,,,,,,,,,,,,,,,,,,,,,,,,,,,,,,,,,,,,,
1798-03-28,,,,,,,,,,,,,,,,,,,,,,,,,,,,,,,,,,,,,
1798-03-31,,,,,,,,,,,,,,,,,,,,,,,,,,,,,,,,,,,,,
1798-04-03,,,,,,,,,,,,,,,,,,,,,,,,,,,,,,,,,,,,,
1798-04-04,,,,,,,,,,,,,,,,,,,,,,,,,,,,,,,,,,,,,
1798-04-05,,,,,,,,,,,,,,,,,,,,,,,,,,,,,,,,,,,,,
1798-04-06,,,,,,,,,,,,,,,,,,,,,,,,,,,,,,,,,,,,,
1798-04-09,,,,,,,,,,,,,,,,,,,,,,,,,,,,,,,,,,,,,
1798-04-11,,,,,,,,,,,,,,,,,,,,,,,,,,,,,,,,,,,,,
1798-04-13,,,,,,,,,,,,,,,,,,,,,,,,,,,,,,,,,,,,,
1798-04-14,,,,,,,,,,,,,,,,,,,,,,,,,,,,,,,,,,,,,
1798-04-16,,,,,,,,,,,,,,,,,,,,,,,,,,,,,,,,,,,,,
1798-04-18,,,,,,,,,,,,,,,,,,,,,,,,,,,,,,,,,,,,,
1798-04-19,,,,,,,,,,,,,,,,,,,,,,,,,,,,,,,,,,,,,
1798-04-23,,,,,,,,,,,,,,,,,,,,,,,,,,,,,,,,,,,,,
1798-04-24,,,,,,,,,,,,,,,,,,,,,,,,,,,,,,,,,,,,,
1798-04-25,,,,,,,,,,,,,,,,,,,,,,,,,,,,,,,,,,,,,
1798-04-26,,,,,,,,,,,,,,,,,,,,,,,,,,,,,,,,,,,,,
1798-04-27,,,,,,,,,,,,,,,,,,,,,,,,,,,,,,,,,,,,,
1798-04-28,,,,,,,,,,,,,,,,,,,,,,,,,,,,,,,,,,,,,
1798-05-03,,,,,,,,,,,,,,,,,,,,,,,,,,,,,,,,,,,,,
1798-05-04,,,,,,,,,,,,,,,,,,,,,,,,,,,,,,,,,,,,,
1798-05-05,,,,,,,,,,,,,,,,,,,,,,,,,,,,,,,,,,,,,
1798-05-07,,,,,,,,,,,,,,,,,,,,,,,,,,,,,,,,,,,,,
1798-05-08,,,,,,,,,,,,,,,,,,,,,,,,,,,,,,,,,,,,,
1798-05-11,,,,,,,,,,,,,,,,,,,,,,,,,,,,,,,,,,,,,
1798-05-12,,,,,,,,,,,,,,,,,,,,,,,,,,,,,,,,,,,,,
1798-05-15,,,,,,,,,,,,,,,,,,,,,,,,,,,,,,,,,,,,,
1798-05-16,,,,,,,,,,,,,,,,,,,,,,,,,,,,,,,,,,,,,
1798-05-17,,,,,,,,,,,,,,,,,,,,,,,,,,,,,,,,,,,,,
1798-05-19,,,,,,,,,,,,,,,,,,,,,,,,,,,,,,,,,,,,,
1798-05-22,,,,,,,,,,,,,,,,,,,,,,,,,,,,,,,,,,,,,
1798-05-24,,,,,,,,,,,,,,,,,,,,,,,,,,,,,,,,,,,,,
1798-05-25,,,,,,,,,,,,,,,,,,,,,,,,,,,,,,,,,,,,,
1798-05-26,,,,,,,,,,,,,,,,,,,,,,,,,,,,,,,,,,,,,
1798-05-29,,,,,,,,,,,,,,,,,,,,,,,,,,,,,,,,,,,,,
1798-05-31,,,,,,,,,,,,,,,,,,,,,,,,,,,,,,,,,,,,,
1798-06-02,,,,,,,,,,,,,,,,,,,,,,,,,,,,,,,,,,,,,
1798-06-05,,,,,,,,,,,,,,,,,,,,,,,,,,,,,,,,,,,,,
1798-06-07,,,,,,,,,,,,,,,,,,,,,,,,,,,,,,,,,,,,,
1798-06-09,,,,,,,,,,,,,,,,,,,,,,,,,,,,,,,,,,,,,
1798-06-14,,,,,,,,,,,,,,,,,,,,,,,,,,,,,,,,,,,,,
1798-06-15,,,,,,,,,,,,,,,,,,,,,,,,,,,,,,,,,,,,,
1798-06-18,,,,,,,,,,,,,,,,,,,,,,,,,,,,,,,,,,,,,
1798-06-21,,,,,,,,,,,,,,,,,,,,,,,,,,,,,,,,,,,,,
1798-06-25,,,,,,,,,,,,,,,,,,,,,,,,,,,,,,,,,,,,,
1798-06-26,,,,,,,,,,,,,,,,,,,,,,,,,,,,,,,,,,,,,
1798-06-28,,,,,,,,,,,,,,,,,,,,,,,,,,,,,,,,,,,,,
1798-06-30,,,,,,,,,,,,,,,,,,,,,,,,,,,,,,,,,,,,,
1798-07-05,,,,,,,,,,,,,,,,,,,,,,,,,,,,,,,,,,,,,
1798-07-07,,,,,,,,,,,,,,,,,,,,,,,,,,,,,,,,,,,,,
1798-07-31,,,,,,,,,,,,,,,,,,,,,,,,,,,,,,,,,,,,,
1798-08-01,,,,,,,,,,,,,,,,,,,,,,,,,,,,,,,,,,,,,
1798-08-02,,,,,,,,,,,,,,,,,,,,,,,,,,,,,,,,,,,,,
1798-08-16,,,,,,,,,,,,,,,,,,,,,,,,,,,,,,,,,,,,,
1798-11-22,,,,,,,,,,,,,,,,,,,,,,,,,,,,,,,,,,,,,
1798-12-23,,,,,,,,,,,,,,,,,,,,,,,,,,,,,,,,,,,,,
1799-01-03,,,,,,,,,,,,,,,,,,,,,,,,,,,,,,,,,,,,,
1799-01-10,,,,,,,,,,,,,,,,,,,,,,,,,,,,,,,,,,,,,
1799-01-15,,,,,,,,,,,,,,,,,,,,,,,,,,,,,,,,,,,,,
1799-01-22,,,,,,,,,,,,,,,,,,,,,,,,,,,,,,,,,,,,,
1799-02-02,,,,,,,,,,,,,,,,,,,,,,,,,,,,,,,,,,,,,
1799-02-26,,,,,,,,,,,,,,,,,,,,,,,,,,,,,,,,,,,,,
1799-03-26,,,,,,,,,,,,,,,,,,,,,,,,,,,,,,,,,,,,,
1799-04-04,,,,,,,,,,,,,,,,,,,,,,,,,,,,,,,,,,,,,
1799-04-13,,,,,,,,,,,,,,,,,,,,,,,,,,,,,,,,,,,,,
1799-04-30,,,,,,,,,,,,,,,,,,,,,,,,,,,,,,,,,,,,,
1799-05-17,,,,,,,,,,,,,,,,,,,,,,,,,,,,,,,,,,,,,
1799-05-29,,,,,,,,,,,,,,,,,,,,,,,,,,,,,,,,,,,,,
1799-06-05,,,,,,,,,,,,,,,,,,,,,,,,,,,,,,,,,,,,,
1799-06-08,,,,,,,,,,,,,,,,,,,,,,,,,,,,,,,,,,,,,
1799-10-31,,,,,,,,,,,,,,,,,,,,,,,,,,,,,,,,,,,,,
1799-12-12,,,,,,,,,,,,,,,,,,,,,,,,,,,,,,,,,,,,,
1800-01-01,,,,,,,,,,,,,,,,,,,,,,,,,,,,,,,,,,,,,
1800-01-30,,,,,,,,,,,,,,,,,,,,,,,,,,,,,,,,,,,,,
1800-02-26,,,,,,,,,,,,,,,,,,,,,,,,,,,,,,,,,,,,,
1800-03-05,,,,,,,,,,,,,,,,,,,,,,,,,,,,,,,,,,,,,
1800-03-18,,,,,,,,,,,,,,,,,,,,,,,,,,,,,,,,,,,,,
1800-04-01,,,,,,,,,,,,,,,,,,,,,,,,,,,,,,,,,,,,,
1800-04-19,,,,,,,,,,,,,,,,,,,,,,,,,,,,,,,,,,,,,
1800-04-22,,,,,,,,,,,,,,,,,,,,,,,,,,,,,,,,,,,,,
1800-05-01,,,,,,,,,,,,,,,,,,,,,,,,,,,,,,,,,,,,,
1800-05-07,,,,,,,,,,,,,,,,,,,,,,,,,,,,,,,,,,,,,
1800-05-13,,,,,,,,,,,,,,,,,,,,,,,,,,,,,,,,,,,,,
1800-05-20,,,,,,,,,,,,,,,,,,,,,,,,,,,,,,,,,,,,,
1800-06-05,,,,,,,,,,,,,,,,,,,,,,,,,,,,,,,,,,,,,
1800-06-11,,,,,,,,,,,,,,,,,,,,,,,,,,,,,,,,,,,,,
1800-06-17,,,,,,,,,,,,,,,,,,,,,,,,,,,,,,,,,,,,,
1800-06-23,,,,,,,,,,,,,,,,,,,,,,,,,,,,,,,,,,,,,
1800-06-27,,,,,,,,,,,,,,,,,,,,,,,,,,,,,,,,,,,,,
1800-06-30,,,,,,,,,,,,,,,,,,,,,,,,,,,,,,,,,,,,,
1800-07-07,,,,,,,,,,,,,,,,,,,,,,,,,,,,,,,,,,,,,
1800-07-14,,,,,,,,,,,,,,,,,,,,,,,,,,,,,,,,,,,,,
1800-07-21,,,,,,,,,,,,,,,,,,,,,,,,,,,,,,,,,,,,,
1800-07-28,,,,,,,,,,,,,,,,,,,,,,,,,,,,,,,,,,,,,
1800-08-04,,,,,,,,,,,,,,,,,,,,,,,,,,,,,,,,,,,,,
1800-08-11,,,,,,,,,,,,,,,,,,,,,,,,,,,,,,,,,,,,,
1800-08-18,,,,,,,,,,,,,,,,,,,,,,,,,,,,,,,,,,,,,
1800-08-25,,,,,,,,,,,,,,,,,,,,,,,,,,,,,,,,,,,,,
1800-09-01,,,,,,,,,,,,,,,,,,,,,,,,,,,,,,,,,,,,,
1800-09-08,,,,,,,,,,,,,,,,,,,,,,,,,,,,,,,,,,,,,
1800-09-15,,,,,,,,,,,,,,,,,,,,,,,,,,,,,,,,,,,,,
1800-09-22,,,,,,,,,,,,,,,,,,,,,,,,,,,,,,,,,,,,,
1800-09-29,,,,,,,,,,,,,,,,,,,,,,,,,,,,,,,,,,,,,
1800-10-02,,,,,,,,,,,,,,,,,,,,,,,,,,,,,,,,,,,,,
1800-10-06,,,,,,,,,,,,,,,,,,,,,,,,,,,,,,,,,,,,,
1800-10-13,,,,,,,,,,,,,,,,,,,,,,,,,,,,,,,,,,,,,
1800-10-20,,,,,,,,,,,,,,,,,,,,,,,,,,,,,,,,,,,,,
1800-10-27,,,,,,,,,,,,,,,,,,,,,,,,,,,,,,,,,,,,,
1800-11-01,,,,,,,,,,,,,,,,,,,,,,,,,,,,,,,,,,,,,
1800-11-03,,,,,,,,,,,,,,,,,,,,,,,,,,,,,,,,,,,,,
1800-11-10,,,,,,,,,,,,,,,,,,,,,,,,,,,,,,,,,,,,,
1800-11-15,,,,,,,,,,,,,,,,,,,,,,,,,,,,,,,,,,,,,
1800-11-24,,,,,,,,,,,,,,,,,,,,,,,,,,,,,,,,,,,,,
1800-11-28,,,,,,,,,,,,,,,,,,,,,,,,,,,,,,,,,,,,,
1800-12-05,,,,,,,,,,,,,,,,,,,,,,,,,,,,,,,,,,,,,
1800-12-12,,,,,,,,,,,,,,,,,,,,,,,,,,,,,,,,,,,,,
1800-12-19,,,,,,,,,,,,,,,,,,,,,,,,,,,,,,,,,,,,,
1800-12-31,,,,,,,,,,,,,,,,,,,,,,,,,,,,,,,,,,,,,
1801-01-05,,,,,,,,,,,,,,,,,,,,,,,,,,,,,,,,,,,,,
1801-01-17,,,,,,,,,,,,,,,,,,,,,,,,,,,,,,,,,,,,,
1801-01-19,,,,,,,,,,,,,,,,,,,,,,,,,,,,,,,,,,,,,
1801-01-24,,,,,,,,,,,,,,,,,,,,,,,,,,,,,,,,,,,,,
1801-01-26,,,,,,,,,,,,,,,,,,,,,,,,,,,,,,,,,,,,,
1801-02-02,,,,,,,,,,,,,,,,,,,,,,,,,,,,,,,,,,,,,
1801-02-16,,,,,,,,,,,,,,,,,,,,,,,,,,,,,,,,,,,,,
1801-02-21,,,,,,,,,,,,,,,,,,,,,,,,,,,,,,,,,,,,,
1801-02-25,,,,,,,,,,,,,,,,,,,,,,,,,,,,,,,,,,,,,
1801-02-27,,,,,,,,,,,,,,,,,,,,,,,,,,,,,,,,,,,,,
1801-03-04,,,,,,,,,,,,,,,,,,,,,,,,,,,,,,,,,,,,,
1801-03-18,,,,,,,,,,,,,,,,,,,,,,,,,,,,,,,,,,,,,
1802-11-13,,,,,,,,,,,,,,,,,,,,,,,,,,,,,,,,,,,,,
1802-11-20,,,,,,,,,,,,,,,,,,,,,,,,,,,,,,,,,,,,,
1802-11-27,,,,,,,,,,,,,,,,,,,,,,,,,,,,,,,,,,,,,
1802-12-04,,,,,,,,,,,,,,,,,,,,,,,,,,,,,,,,,,,,,
1802-12-11,,,,,,,,,,,,,,,,,,,,,,,,,,,,,,,,,,,,,
1802-12-18,,,,,,,,,,,,,,,,,,,,,,,,,,,,,,,,,,,,,
1803-01-01,,,,,,,,,,,,,,,,,,,,,,,,,,,,,,,,,,,,,
1803-01-08,,,,,,,,,,,,,,,,,,,,,,,,,,,,,,,,,,,,,
1803-01-15,,,,,,,,,,,,,,,,,,,,,,,,,,,,,,,,,,,,,
1803-01-22,,,,,,,,,,,,,,,,,,,,,,,,,,,,,,,,,,,,,
1803-01-29,,,,,,,,,,,,,,,,,,,,,,,,,,,,,,,,,,,,,
1803-02-05,,,,,,,,,,,,,,,,,,,,,,,,,,,,,,,,,,,,,
1803-02-12,,,,,,,,,,,,,,,,,,,,,,,,,,,,,,,,,,,,,
1803-02-19,,,,,,,,,,,,,,,,,,,,,,,,,,,,,,,,,,,,,
1803-02-26,,,,,,,,,,,,,,,,,,,,,,,,,,,,,,,,,,,,,
1803-03-05,,,,,,,,,,,,,,,,,,,,,,,,,,,,,,,,,,,,,
1803-03-12,,,,,,,,,,,,,,,,,,,,,,,,,,,,,,,,,,,,,
1803-03-19,,,,,,,,,,,,,,,,,,,,,,,,,,,,,,,,,,,,,
1803-03-26,,,,,,,,,,,,,,,,,,,,,,,,,,,,,,,,,,,,,
1803-04-16,,,,,,,,,,,,,,,,,,,,,,,,,,,,,,,,,,,,,
1803-04-23,,,,,,,,,,,,,,,,,,,,,,,,,,,,,,,,,,,,,
1803-04-30,,,,,,,,,,,,,,,,,,,,,,,,,,,,,,,,,,,,,
1803-05-07,,,,,,,,,,,,,,,,,,,,,,,,,,,,,,,,,,,,,
1803-05-14,,,,,,,,,,,,,,,,,,,,,,,,,,,,,,,,,,,,,
1803-05-21,,,,,,,,,,,,,,,,,,,,,,,,,,,,,,,,,,,,,
1803-05-28,,,,,,,,,,,,,,,,,,,,,,,,,,,,,,,,,,,,,
1803-06-04,,,,,,,,,,,,,,,,,,,,,,,,,,,,,,,,,,,,,
1803-06-11,,,,,,,,,,,,,,,,,,,,,,,,,,,,,,,,,,,,,
1803-06-18,,,,,,,,,,,,,,,,,,,,,,,,,,,,,,,,,,,,,
1803-06-25,,,,,,,,,,,,,,,,,,,,,,,,,,,,,,,,,,,,,
1803-07-02,,,,,,,,,,,,,,,,,,,,,,,,,,,,,,,,,,,,,
1803-07-09,,,,,,,,,,,,,,,,,,,,,,,,,,,,,,,,,,,,,
1803-07-16,,,,,,,,,,,,,,,,,,,,,,,,,,,,,,,,,,,,,
1803-07-23,,,,,,,,,,,,,,,,,,,,,,,,,,,,,,,,,,,,,
1803-07-30,,,,,,,,,,,,,,,,,,,,,,,,,,,,,,,,,,,,,
1803-08-06,,,,,,,,,,,,,,,,,,,,,,,,,,,,,,,,,,,,,
1803-08-13,,,,,,,,,,,,,,,,,,,,,,,,,,,,,,,,,,,,,
1803-08-20,,,,,,,,,,,,,,,,,,,,,,,,,,,,,,,,,,,,,
1803-08-27,,,,,,,,,,,,,,,,,,,,,,,,,,,,,,,,,,,,,
1803-09-03,,,,,,,,,,,,,,,,,,,,,,,,,,,,,,,,,,,,,
1803-09-10,,,,,,,,,,,,,,,,,,,,,,,,,,,,,,,,,,,,,
1803-09-17,,,,,,,,,,,,,,,,,,,,,,,,,,,,,,,,,,,,,
1803-10-29,,,,,,,,,,,,,,,,,,,,,,,,,,,,,,,,,,,,,
1803-11-05,,,,,,,,,,,,,,,,,,,,,,,,,,,,,,,,,,,,,
1803-11-12,,,,,,,,,,,,,,,,,,,,,,,,,,,,,,,,,,,,,
1803-11-19,,,,,,,,,,,,,,,,,,,,,,,,,,,,,,,,,,,,,
1803-11-26,,,,,,,,,,,,,,,,,,,,,,,,,,,,,,,,,,,,,
1803-12-03,,,,,,,,,,,,,,,,,,,,,,,,,,,,,,,,,,,,,
1803-12-10,,,,,,,,,,,,,,,,,,,,,,,,,,,,,,,,,,,,,
1803-12-16,,,,,,,,,,,,,,,,,,,,,,,,,,,,,,,,,,,,,
1803-12-24,,,,,,,,,,,,,,,,,,,,,,,,,,,,,,,,,,,,,
1803-12-31,,,,,,,,,,,,,,,,,,,,,,,,,,,,,,,,,,,,,
1804-01-07,,,,,,,,,,,,,,,,,,,,,,,,,,,,,,,,,,,,,
1804-01-14,,,,,,,,,,,,,,,,,,,,,,,,,,,,,,,,,,,,,
1804-01-21,,,,,,,,,,,,,,,,,,,,,,,,,,,,,,,,,,,,,
1804-01-28,,,,,,,,,,,,,,,,,,,,,,,,,,,,,,,,,,,,,
1804-02-04,,,,,,,,,,,,,,,,,,,,,,,,,,,,,,,,,,,,,
1804-02-11,,,,,,,,,,,,,,,,,,,,,,,,,,,,,,,,,,,,,
1804-02-11,,,,,,,,,,,,,,,,,,,,,,,,,,,,,,,,,,,,,
1804-02-18,,,,,,,,,,,,,,,,,,,,,,,,,,,,,,,,,,,,,
1804-02-25,,,,,,,,,,,,,,,,,,,,,,,,,,,,,,,,,,,,,
1804-03-03,,,,,,,,,,,,,,,,,,,,,,,,,,,,,,,,,,,,,
1804-03-10,,,,,,,,,,,,,,,,,,,,,,,,,,,,,,,,,,,,,
1804-03-17,,,,,,,,,,,,,,,,,,,,,,,,,,,,,,,,,,,,,
1804-03-24,,,,,,,,,,,,,,,,,,,,,,,,,,,,,,,,,,,,,
1804-03-31,,,,,,,,,,,,,,,,,,,,,,,,,,,,,,,,,,,,,
1804-04-07,,,,,,,,,,,,,,,,,,,,,,,,,,,,,,,,,,,,,
1804-04-14,,,,,,,,,,,,,,,,,,,,,,,,,,,,,,,,,,,,,
1804-04-21,,,,,,,,,,,,,,,,,,,,,,,,,,,,,,,,,,,,,
1804-05-05,,,,,,,,,,,,,,,,,,,,,,,,,,,,,,,,,,,,,
1804-05-12,,,,,,,,,,,,,,,,,,,,,,,,,,,,,,,,,,,,,
1804-05-19,,,,,,,,,,,,,,,,,,,,,,,,,,,,,,,,,,,,,
1804-06-02,,,,,,,,,,,,,,,,,,,,,,,,,,,,,,,,,,,,,
1804-06-09,,,,,,,,,,,,,,,,,,,,,,,,,,,,,,,,,,,,,
1804-06-16,,,,,,,,,,,,,,,,,,,,,,,,,,,,,,,,,,,,,
1804-06-23,,,,,,,,,,,,,,,,,,,,,,,,,,,,,,,,,,,,,
1804-06-30,,,,,,,,,,,,,,,,,,,,,,,,,,,,,,,,,,,,,
1804-07-07,,,,,,,,,,,,,,,,,,,,,,,,,,,,,,,,,,,,,
1804-07-14,,,,,,,,,,,,,,,,,,,,,,,,,,,,,,,,,,,,,
1804-07-21,,,,,,,,,,,,,,,,,,,,,,,,,,,,,,,,,,,,,
1804-07-28,,,,,,,,,,,,,,,,,,,,,,,,,,,,,,,,,,,,,
1804-08-04,,,,,,,,,,,,,,,,,,,,,,,,,,,,,,,,,,,,,
1804-08-11,,,,,,,,,,,,,,,,,,,,,,,,,,,,,,,,,,,,,
1804-08-18,,,,,,,,,,,,,,,,,,,,,,,,,,,,,,,,,,,,,
1804-08-25,,,,,,,,,,,,,,,,,,,,,,,,,,,,,,,,,,,,,
1804-09-01,,,,,,,,,,,,,,,,,,,,,,,,,,,,,,,,,,,,,
1804-09-08,,,,,,,,,,,,,,,,,,,,,,,,,,,,,,,,,,,,,
1804-09-15,,,,,,,,,,,,,,,,,,,,,,,,,,,,,,,,,,,,,
1804-09-22,,,,,,,,,,,,,,,,,,,,,,,,,,,,,,,,,,,,,
1804-09-29,,,,,,,,,,,,,,,,,,,,,,,,,,,,,,,,,,,,,
1804-10-06,,,,,,,,,,,,,,,,,,,,,,,,,,,,,,,,,,,,,
1804-10-13,,,,,,,,,,,,,,,,,,,,,,,,,,,,,,,,,,,,,
1804-10-20,,,,,,,,,,,,,,,,,,,,,,,,,,,,,,,,,,,,,
1804-10-27,,,,,,,,,,,,,,,,,,,,,,,,,,,,,,,,,,,,,
1804-11-03,,,,,,,,,,,,,,,,,,,,,,,,,,,,,,,,,,,,,
1804-11-10,,,,,,,,,,,,,,,,,,,,,,,,,,,,,,,,,,,,,
1804-11-17,,,,,,,,,,,,,,,,,,,,,,,,,,,,,,,,,,,,,
1804-11-24,,,,,,,,,,,,,,,,,,,,,,,,,,,,,,,,,,,,,
1804-12-01,,,,,,,,,,,,,,,,,,,,,,,,,,,,,,,,,,,,,
1804-12-03,,,,,,,,,,,,,,,,,,,,,,,,,,,,,,,,,,,,,
1804-12-08,,,,,,,,,,,,,,,,,,,,,,,,,,,,,,,,,,,,,
1804-12-15,,,,,,,,,,,,,,,,,,,,,,,,,,,,,,,,,,,,,
1804-12-22,,,,,,,,,,,,,,,,,,,,,,,,,,,,,,,,,,,,,
1804-12-29,,,,,,,,,,,,,,,,,,,,,,,,,,,,,,,,,,,,,
1805-01-07,,,,,,,,,,,,,,,,,,,,,,,,,,,,,,,,,,,,,
1805-01-14,,,,,,,,,,,,,,,,,,,,,,,,,,,,,,,,,,,,,
1805-01-21,,,,,,,,,,,,,,,,,,,,,,,,,,,,,,,,,,,,,
1805-01-28,,,,,,,,,,,,,,,,,,,,,,,,,,,,,,,,,,,,,
1805-02-04,,,,,,,,,,,,,,,,,,,,,,,,,,,,,,,,,,,,,
1805-02-11,,,,,,,,,,,,,,,,,,,,,,,,,,,,,,,,,,,,,
1805-02-18,,,,,,,,,,,,,,,,,,,,,,,,,,,,,,,,,,,,,
1805-02-25,,,,,,,,,,,,,,,,,,,,,,,,,,,,,,,,,,,,,
1805-03-04,,,,,,,,,,,,,,,,,,,,,,,,,,,,,,,,,,,,,
1805-03-11,,,,,,,,,,,,,,,,,,,,,,,,,,,,,,,,,,,,,
1805-03-18,,,,,,,,,,,,,,,,,,,,,,,,,,,,,,,,,,,,,
1805-03-25,,,,,,,,,,,,,,,,,,,,,,,,,,,,,,,,,,,,,
1805-04-08,,,,,,,,,,,,,,,,,,,,,,,,,,,,,,,,,,,,,
1805-04-15,,,,,,,,,,,,,,,,,,,,,,,,,,,,,,,,,,,,,
1805-04-22,,,,,,,,,,,,,,,,,,,,,,,,,,,,,,,,,,,,,
1805-04-29,,,,,,,,,,,,,,,,,,,,,,,,,,,,,,,,,,,,,
1805-05-06,,,,,,,,,,,,,,,,,,,,,,,,,,,,,,,,,,,,,
1805-05-13,,,,,,,,,,,,,,,,,,,,,,,,,,,,,,,,,,,,,
1805-05-20,,,,,,,,,,,,,,,,,,,,,,,,,,,,,,,,,,,,,
1805-05-27,,,,,,,,,,,,,,,,,,,,,,,,,,,,,,,,,,,,,
1805-06-03,,,,,,,,,,,,,,,,,,,,,,,,,,,,,,,,,,,,,
1805-06-10,,,,,,,,,,,,,,,,,,,,,,,,,,,,,,,,,,,,,
1805-06-17,,,,,,,,,,,,,,,,,,,,,,,,,,,,,,,,,,,,,
1805-06-24,,,,,,,,,,,,,,,,,,,,,,,,,,,,,,,,,,,,,
1805-07-01,,,,,,,,,,,,,,,,,,,,,,,,,,,,,,,,,,,,,
1805-07-08,,,,,,,,,,,,,,,,,,,,,,,,,,,,,,,,,,,,,
1805-07-15,,,,,,,,,,,,,,,,,,,,,,,,,,,,,,,,,,,,,
1805-07-22,,,,,,,,,,,,,,,,,,,,,,,,,,,,,,,,,,,,,
1805-07-29,,,,,,,,,,,,,,,,,,,,,,,,,,,,,,,,,,,,,
1805-08-05,,,,,,,,,,,,,,,,,,,,,,,,,,,,,,,,,,,,,
1805-08-12,,,,,,,,,,,,,,,,,,,,,,,,,,,,,,,,,,,,,
1805-08-19,,,,,,,,,,,,,,,,,,,,,,,,,,,,,,,,,,,,,
1805-08-26,,,,,,,,,,,,,,,,,,,,,,,,,,,,,,,,,,,,,
1805-09-02,,,,,,,,,,,,,,,,,,,,,,,,,,,,,,,,,,,,,
1805-09-09,,,,,,,,,,,,,,,,,,,,,,,,,,,,,,,,,,,,,
1805-09-16,,,,,,,,,,,,,,,,,,,,,,,,,,,,,,,,,,,,,
1805-09-23,,,,,,,,,,,,,,,,,,,,,,,,,,,,,,,,,,,,,
1805-09-30,,,,,,,,,,,,,,,,,,,,,,,,,,,,,,,,,,,,,
1805-10-07,,,,,,,,,,,,,,,,,,,,,,,,,,,,,,,,,,,,,
1805-10-14,,,,,,,,,,,,,,,,,,,,,,,,,,,,,,,,,,,,,
1805-10-21,,,,,,,,,,,,,,,,,,,,,,,,,,,,,,,,,,,,,
1805-10-28,,,,,,,,,,,,,,,,,,,,,,,,,,,,,,,,,,,,,
1805-11-04,,,,,,,,,,,,,,,,,,,,,,,,,,,,,,,,,,,,,
1805-11-11,,,,,,,,,,,,,,,,,,,,,,,,,,,,,,,,,,,,,
1805-11-18,,,,,,,,,,,,,,,,,,,,,,,,,,,,,,,,,,,,,
1805-11-25,,,,,,,,,,,,,,,,,,,,,,,,,,,,,,,,,,,,,
1805-12-02,,,,,,,,,,,,,,,,,,,,,,,,,,,,,,,,,,,,,
1805-12-09,,,,,,,,,,,,,,,,,,,,,,,,,,,,,,,,,,,,,
1805-12-16,,,,,,,,,,,,,,,,,,,,,,,,,,,,,,,,,,,,,
1805-12-23,,,,,,,,,,,,,,,,,,,,,,,,,,,,,,,,,,,,,
1805-12-30,,,,,,,,,,,,,,,,,,,,,,,,,,,,,,,,,,,,,
1806-01-06,,,,,,,,,,,,,,,,,,,,,,,,,,,,,,,,,,,,,
1806-01-13,,,,,,,,,,,,,,,,,,,,,,,,,,,,,,,,,,,,,
1806-01-20,,,,,,,,,,,,,,,,,,,,,,,,,,,,,,,,,,,,,
1806-01-27,,,,,,,,,,,,,,,,,,,,,,,,,,,,,,,,,,,,,
1806-02-03,,,,,,,,,,,,,,,,,,,,,,,,,,,,,,,,,,,,,
1806-02-10,,,,,,,,,,,,,,,,,,,,,,,,,,,,,,,,,,,,,
1806-02-17,,,,,,,,,,,,,,,,,,,,,,,,,,,,,,,,,,,,,
1806-02-24,,,,,,,,,,,,,,,,,,,,,,,,,,,,,,,,,,,,,
1806-03-03,,,,,,,,,,,,,,,,,,,,,,,,,,,,,,,,,,,,,
1806-03-10,,,,,,,,,,,,,,,,,,,,,,,,,,,,,,,,,,,,,
1806-03-17,,,,,,,,,,,,,,,,,,,,,,,,,,,,,,,,,,,,,
1806-03-24,,,,,,,,,,,,,,,,,,,,,,,,,,,,,,,,,,,,,
1806-03-31,,,,,,,,,,,,,,,,,,,,,,,,,,,,,,,,,,,,,
1806-04-07,,,,,,,,,,,,,,,,,,,,,,,,,,,,,,,,,,,,,
1806-04-14,,,,,,,,,,,,,,,,,,,,,,,,,,,,,,,,,,,,,
1806-04-21,,,,,,,,,,,,,,,,,,,,,,,,,,,,,,,,,,,,,
1806-04-28,,,,,,,,,,,,,,,,,,,,,,,,,,,,,,,,,,,,,
1806-05-05,,,,,,,,,,,,,,,,,,,,,,,,,,,,,,,,,,,,,
1806-05-12,,,,,,,,,,,,,,,,,,,,,,,,,,,,,,,,,,,,,
1806-05-19,,,,,,,,,,,,,,,,,,,,,,,,,,,,,,,,,,,,,
1806-05-26,,,,,,,,,,,,,,,,,,,,,,,,,,,,,,,,,,,,,
1806-06-02,,,,,,,,,,,,,,,,,,,,,,,,,,,,,,,,,,,,,
1806-06-09,,,,,,,,,,,,,,,,,,,,,,,,,,,,,,,,,,,,,
1806-06-16,,,,,,,,,,,,,,,,,,,,,,,,,,,,,,,,,,,,,
1806-06-23,,,,,,,,,,,,,,,,,,,,,,,,,,,,,,,,,,,,,
1806-06-30,,,,,,,,,,,,,,,,,,,,,,,,,,,,,,,,,,,,,
1806-07-07,,,,,,,,,,,,,,,,,,,,,,,,,,,,,,,,,,,,,
1806-07-14,,,,,,,,,,,,,,,,,,,,,,,,,,,,,,,,,,,,,
1806-07-21,,,,,,,,,,,,,,,,,,,,,,,,,,,,,,,,,,,,,
1806-07-28,,,,,,,,,,,,,,,,,,,,,,,,,,,,,,,,,,,,,
1806-08-04,,,,,,,,,,,,,,,,,,,,,,,,,,,,,,,,,,,,,
1806-08-11,,,,,,,,,,,,,,,,,,,,,,,,,,,,,,,,,,,,,
1806-08-18,,,,,,,,,,,,,,,,,,,,,,,,,,,,,,,,,,,,,
1806-08-25,,,,,,,,,,,,,,,,,,,,,,,,,,,,,,,,,,,,,
1806-09-01,,,,,,,,,,,,,,,,,,,,,,,,,,,,,,,,,,,,,
1806-09-08,,,,,,,,,,,,,,,,,,,,,,,,,,,,,,,,,,,,,
1806-09-15,,,,,,,,,,,,,,,,,,,,,,,,,,,,,,,,,,,,,
1806-09-22,,,,,,,,,,,,,,,,,,,,,,,,,,,,,,,,,,,,,
1806-09-29,,,,,,,,,,,,,,,,,,,,,,,,,,,,,,,,,,,,,
1806-10-06,,,,,,,,,,,,,,,,,,,,,,,,,,,,,,,,,,,,,
1806-10-13,,,,,,,,,,,,,,,,,,,,,,,,,,,,,,,,,,,,,
1806-10-20,,,,,,,,,,,,,,,,,,,,,,,,,,,,,,,,,,,,,
1806-10-27,,,,,,,,,,,,,,,,,,,,,,,,,,,,,,,,,,,,,
1806-11-03,,,,,,,,,,,,,,,,,,,,,,,,,,,,,,,,,,,,,
1806-11-10,,,,,,,,,,,,,,,,,,,,,,,,,,,,,,,,,,,,,
1806-11-17,,,,,,,,,,,,,,,,,,,,,,,,,,,,,,,,,,,,,
1806-11-24,,,,,,,,,,,,,,,,,,,,,,,,,,,,,,,,,,,,,
1806-12-01,,,,,,,,,,,,,,,,,,,,,,,,,,,,,,,,,,,,,
1806-12-08,,,,,,,,,,,,,,,,,,,,,,,,,,,,,,,,,,,,,
1806-12-15,,,,,,,,,,,,,,,,,,,,,,,,,,,,,,,,,,,,,
1806-12-22,,,,,,,,,,,,,,,,,,,,,,,,,,,,,,,,,,,,,
1806-12-29,,,,,,,,,,,,,,,,,,,,,,,,,,,,,,,,,,,,,
1807-01-05,,,,,,,,,,,,,,,,,,,,,,,,,,,,,,,,,,,,,
1807-01-12,,,,,,,,,,,,,,,,,,,,,,,,,,,,,,,,,,,,,
1807-01-19,,,,,,,,,,,,,,,,,,,,,,,,,,,,,,,,,,,,,
1807-01-26,,,,,,,,,,,,,,,,,,,,,,,,,,,,,,,,,,,,,
1807-02-03,,,,,,,,,,,,,,,,,,,,,,,,,,,,,,,,,,,,,
1807-02-09,,,,,,,,,,,,,,,,,,,,,,,,,,,,,,,,,,,,,
1807-02-16,,,,,,,,,,,,,,,,,,,,,,,,,,,,,,,,,,,,,
1807-02-23,,,,,,,,,,,,,,,,,,,,,,,,,,,,,,,,,,,,,
1807-03-02,,,,,,,,,,,,,,,,,,,,,,,,,,,,,,,,,,,,,
1807-03-09,,,,,,,,,,,,,,,,,,,,,,,,,,,,,,,,,,,,,
1807-03-16,,,,,,,,,,,,,,,,,,,,,,,,,,,,,,,,,,,,,
1807-03-23,,,,,,,,,,,,,,,,,,,,,,,,,,,,,,,,,,,,,
1807-03-30,,,,,,,,,,,,,,,,,,,,,,,,,,,,,,,,,,,,,
1807-04-06,,,,,,,,,,,,,,,,,,,,,,,,,,,,,,,,,,,,,
1807-04-13,,,,,,,,,,,,,,,,,,,,,,,,,,,,,,,,,,,,,
1807-04-20,,,,,,,,,,,,,,,,,,,,,,,,,,,,,,,,,,,,,
1807-04-27,,,,,,,,,,,,,,,,,,,,,,,,,,,,,,,,,,,,,
1807-05-04,,,,,,,,,,,,,,,,,,,,,,,,,,,,,,,,,,,,,
1807-05-11,,,,,,,,,,,,,,,,,,,,,,,,,,,,,,,,,,,,,
1807-05-18,,,,,,,,,,,,,,,,,,,,,,,,,,,,,,,,,,,,,
1807-05-25,,,,,,,,,,,,,,,,,,,,,,,,,,,,,,,,,,,,,
1807-06-01,,,,,,,,,,,,,,,,,,,,,,,,,,,,,,,,,,,,,
1807-06-08,,,,,,,,,,,,,,,,,,,,,,,,,,,,,,,,,,,,,
1807-06-15,,,,,,,,,,,,,,,,,,,,,,,,,,,,,,,,,,,,,
1807-06-22,,,,,,,,,,,,,,,,,,,,,,,,,,,,,,,,,,,,,
1807-06-29,,,,,,,,,,,,,,,,,,,,,,,,,,,,,,,,,,,,,
1807-07-06,,,,,,,,,,,,,,,,,,,,,,,,,,,,,,,,,,,,,
1807-07-13,,,,,,,,,,,,,,,,,,,,,,,,,,,,,,,,,,,,,
1807-07-20,,,,,,,,,,,,,,,,,,,,,,,,,,,,,,,,,,,,,
1807-07-27,,,,,,,,,,,,,,,,,,,,,,,,,,,,,,,,,,,,,
1807-08-03,,,,,,,,,,,,,,,,,,,,,,,,,,,,,,,,,,,,,
1807-08-10,,,,,,,,,,,,,,,,,,,,,,,,,,,,,,,,,,,,,
1807-08-17,,,,,,,,,,,,,,,,,,,,,,,,,,,,,,,,,,,,,
1807-08-24,,,,,,,,,,,,,,,,,,,,,,,,,,,,,,,,,,,,,
1807-08-31,,,,,,,,,,,,,,,,,,,,,,,,,,,,,,,,,,,,,
1807-09-07,,,,,,,,,,,,,,,,,,,,,,,,,,,,,,,,,,,,,
1807-09-14,,,,,,,,,,,,,,,,,,,,,,,,,,,,,,,,,,,,,
1807-09-21,,,,,,,,,,,,,,,,,,,,,,,,,,,,,,,,,,,,,
1807-09-28,,,,,,,,,,,,,,,,,,,,,,,,,,,,,,,,,,,,,
1807-10-05,,,,,,,,,,,,,,,,,,,,,,,,,,,,,,,,,,,,,
1807-10-12,,,,,,,,,,,,,,,,,,,,,,,,,,,,,,,,,,,,,
1807-10-19,,,,,,,,,,,,,,,,,,,,,,,,,,,,,,,,,,,,,
1807-10-26,,,,,,,,,,,,,,,,,,,,,,,,,,,,,,,,,,,,,
1807-11-02,,,,,,,,,,,,,,,,,,,,,,,,,,,,,,,,,,,,,
1807-11-09,,,,,,,,,,,,,,,,,,,,,,,,,,,,,,,,,,,,,
1807-11-16,,,,,,,,,,,,,,,,,,,,,,,,,,,,,,,,,,,,,
1807-11-23,,,,,,,,,,,,,,,,,,,,,,,,,,,,,,,,,,,,,
1807-11-30,,,,,,,,,,,,,,,,,,,,,,,,,,,,,,,,,,,,,
1807-12-07,,,,,,,,,,,,,,,,,,,,,,,,,,,,,,,,,,,,,
1807-12-14,,,,,,,,,,,,,,,,,,,,,,,,,,,,,,,,,,,,,
1807-12-21,,,,,,,,,,,,,,,,,,,,,,,,,,,,,,,,,,,,,
1807-12-28,,,,,,,,,,,,,,,,,,,,,,,,,,,,,,,,,,,,,
1808-01-04,,,,,,,,,,,,,,,,,,,,,,,,,,,,,,,,,,,,,
1808-01-11,,,,,,,,,,,,,,,,,,,,,,,,,,,,,,,,,,,,,
1808-01-18,,,,,,,,,,,,,,,,,,,,,,,,,,,,,,,,,,,,,
1808-01-25,,,,,,,,,,,,,,,,,,,,,,,,,,,,,,,,,,,,,
1808-02-01,,,,,,,,,,,,,,,,,,,,,,,,,,,,,,,,,,,,,
1808-02-08,,,,,,,,,,,,,,,,,,,,,,,,,,,,,,,,,,,,,
1808-02-15,,,,,,,,,,,,,,,,,,,,,,,,,,,,,,,,,,,,,
1808-02-22,,,,,,,,,,,,,,,,,,,,,,,,,,,,,,,,,,,,,
1808-02-29,,,,,,,,,,,,,,,,,,,,,,,,,,,,,,,,,,,,,
1808-03-07,,,,,,,,,,,,,,,,,,,,,,,,,,,,,,,,,,,,,
1808-03-14,,,,,,,,,,,,,,,,,,,,,,,,,,,,,,,,,,,,,
1808-03-21,,,,,,,,,,,,,,,,,,,,,,,,,,,,,,,,,,,,,
1808-03-28,,,,,,,,,,,,,,,,,,,,,,,,,,,,,,,,,,,,,
1808-04-04,,,,,,,,,,,,,,,,,,,,,,,,,,,,,,,,,,,,,
1808-04-11,,,,,,,,,,,,,,,,,,,,,,,,,,,,,,,,,,,,,
1808-04-18,,,,,,,,,,,,,,,,,,,,,,,,,,,,,,,,,,,,,
1808-04-25,,,,,,,,,,,,,,,,,,,,,,,,,,,,,,,,,,,,,
1808-05-02,,,,,,,,,,,,,,,,,,,,,,,,,,,,,,,,,,,,,
1808-05-09,,,,,,,,,,,,,,,,,,,,,,,,,,,,,,,,,,,,,
1808-05-16,,,,,,,,,,,,,,,,,,,,,,,,,,,,,,,,,,,,,
1808-05-23,,,,,,,,,,,,,,,,,,,,,,,,,,,,,,,,,,,,,
1808-05-30,,,,,,,,,,,,,,,,,,,,,,,,,,,,,,,,,,,,,
1808-06-06,,,,,,,,,,,,,,,,,,,,,,,,,,,,,,,,,,,,,
1808-06-13,,,,,,,,,,,,,,,,,,,,,,,,,,,,,,,,,,,,,
1808-06-20,,,,,,,,,,,,,,,,,,,,,,,,,,,,,,,,,,,,,
1808-06-27,,,,,,,,,,,,,,,,,,,,,,,,,,,,,,,,,,,,,
1808-07-04,,,,,,,,,,,,,,,,,,,,,,,,,,,,,,,,,,,,,
1808-07-11,,,,,,,,,,,,,,,,,,,,,,,,,,,,,,,,,,,,,
1808-07-18,,,,,,,,,,,,,,,,,,,,,,,,,,,,,,,,,,,,,
1808-07-25,,,,,,,,,,,,,,,,,,,,,,,,,,,,,,,,,,,,,
1808-08-01,,,,,,,,,,,,,,,,,,,,,,,,,,,,,,,,,,,,,
1808-08-08,,,,,,,,,,,,,,,,,,,,,,,,,,,,,,,,,,,,,
1808-08-15,,,,,,,,,,,,,,,,,,,,,,,,,,,,,,,,,,,,,
1808-08-22,,,,,,,,,,,,,,,,,,,,,,,,,,,,,,,,,,,,,
1808-08-29,,,,,,,,,,,,,,,,,,,,,,,,,,,,,,,,,,,,,
1808-09-05,,,,,,,,,,,,,,,,,,,,,,,,,,,,,,,,,,,,,
1808-09-12,,,,,,,,,,,,,,,,,,,,,,,,,,,,,,,,,,,,,
1808-09-19,,,,,,,,,,,,,,,,,,,,,,,,,,,,,,,,,,,,,
1808-09-26,,,,,,,,,,,,,,,,,,,,,,,,,,,,,,,,,,,,,
1808-10-03,,,,,,,,,,,,,,,,,,,,,,,,,,,,,,,,,,,,,
1808-10-10,,,,,,,,,,,,,,,,,,,,,,,,,,,,,,,,,,,,,
1808-10-17,,,,,,,,,,,,,,,,,,,,,,,,,,,,,,,,,,,,,
1808-10-24,,,,,,,,,,,,,,,,,,,,,,,,,,,,,,,,,,,,,
1808-10-31,,,,,,,,,,,,,,,,,,,,,,,,,,,,,,,,,,,,,
1808-11-07,,,,,,,,,,,,,,,,,,,,,,,,,,,,,,,,,,,,,
1808-11-14,,,,,,,,,,,,,,,,,,,,,,,,,,,,,,,,,,,,,
1808-11-21,,,,,,,,,,,,,,,,,,,,,,,,,,,,,,,,,,,,,
1808-11-28,,,,,,,,,,,,,,,,,,,,,,,,,,,,,,,,,,,,,
1808-12-05,,,,,,,,,,,,,,,,,,,,,,,,,,,,,,,,,,,,,
1808-12-12,,,,,,,,,,,,,,,,,,,,,,,,,,,,,,,,,,,,,
1808-12-19,,,,,,,,,,,,,,,,,,,,,,,,,,,,,,,,,,,,,
1808-12-26,,,,,,,,,,,,,,,,,,,,,,,,,,,,,,,,,,,,,
1809-01-02,,,,,,,,,,,,,,,,,,,,,,,,,,,,,,,,,,,,,
1809-01-09,,,,,,,,,,,,,,,,,,,,,,,,,,,,,,,,,,,,,
1809-01-16,,,,,,,,,,,,,,,,,,,,,,,,,,,,,,,,,,,,,
1809-01-23,,,,,,,,,,,,,,,,,,,,,,,,,,,,,,,,,,,,,
1809-01-30,,,,,,,,,,,,,,,,,,,,,,,,,,,,,,,,,,,,,
1809-02-06,,,,,,,,,,,,,,,,,,,,,,,,,,,,,,,,,,,,,
1809-02-13,,,,,,,,,,,,,,,,,,,,,,,,,,,,,,,,,,,,,
1809-02-20,,,,,,,,,,,,,,,,,,,,,,,,,,,,,,,,,,,,,
1809-02-27,,,,,,,,,,,,,,,,,,,,,,,,,,,,,,,,,,,,,
1809-03-06,,,,,,,,,,,,,,,,,,,,,,,,,,,,,,,,,,,,,
1809-03-13,,,,,,,,,,,,,,,,,,,,,,,,,,,,,,,,,,,,,
1809-03-20,,,,,,,,,,,,,,,,,,,,,,,,,,,,,,,,,,,,,
1809-03-27,,,,,,,,,,,,,,,,,,,,,,,,,,,,,,,,,,,,,
1809-04-03,,,,,,,,,,,,,,,,,,,,,,,,,,,,,,,,,,,,,
1809-04-10,,,,,,,,,,,,,,,,,,,,,,,,,,,,,,,,,,,,,
1809-04-17,,,,,,,,,,,,,,,,,,,,,,,,,,,,,,,,,,,,,
1809-04-24,,,,,,,,,,,,,,,,,,,,,,,,,,,,,,,,,,,,,
1809-05-01,,,,,,,,,,,,,,,,,,,,,,,,,,,,,,,,,,,,,
1809-05-08,,,,,,,,,,,,,,,,,,,,,,,,,,,,,,,,,,,,,
1809-05-15,,,,,,,,,,,,,,,,,,,,,,,,,,,,,,,,,,,,,
1809-05-22,,,,,,,,,,,,,,,,,,,,,,,,,,,,,,,,,,,,,
1809-05-29,,,,,,,,,,,,,,,,,,,,,,,,,,,,,,,,,,,,,
1809-06-05,,,,,,,,,,,,,,,,,,,,,,,,,,,,,,,,,,,,,
1809-06-12,,,,,,,,,,,,,,,,,,,,,,,,,,,,,,,,,,,,,
1809-06-19,,,,,,,,,,,,,,,,,,,,,,,,,,,,,,,,,,,,,
1809-06-26,,,,,,,,,,,,,,,,,,,,,,,,,,,,,,,,,,,,,
1809-07-03,,,,,,,,,,,,,,,,,,,,,,,,,,,,,,,,,,,,,
1809-07-10,,,,,,,,,,,,,,,,,,,,,,,,,,,,,,,,,,,,,
1809-07-17,,,,,,,,,,,,,,,,,,,,,,,,,,,,,,,,,,,,,
1809-07-24,,,,,,,,,,,,,,,,,,,,,,,,,,,,,,,,,,,,,
1809-07-31,,,,,,,,,,,,,,,,,,,,,,,,,,,,,,,,,,,,,
1809-08-07,,,,,,,,,,,,,,,,,,,,,,,,,,,,,,,,,,,,,
1809-08-14,,,,,,,,,,,,,,,,,,,,,,,,,,,,,,,,,,,,,
1809-08-21,,,,,,,,,,,,,,,,,,,,,,,,,,,,,,,,,,,,,
1809-08-28,,,,,,,,,,,,,,,,,,,,,,,,,,,,,,,,,,,,,
1809-09-04,,,,,,,,,,,,,,,,,,,,,,,,,,,,,,,,,,,,,
1809-09-11,,,,,,,,,,,,,,,,,,,,,,,,,,,,,,,,,,,,,
1809-09-18,,,,,,,,,,,,,,,,,,,,,,,,,,,,,,,,,,,,,
1809-09-25,,,,,,,,,,,,,,,,,,,,,,,,,,,,,,,,,,,,,
1809-10-02,,,,,,,,,,,,,,,,,,,,,,,,,,,,,,,,,,,,,
1809-10-09,,,,,,,,,,,,,,,,,,,,,,,,,,,,,,,,,,,,,
1809-10-16,,,,,,,,,,,,,,,,,,,,,,,,,,,,,,,,,,,,,
1809-10-23,,,,,,,,,,,,,,,,,,,,,,,,,,,,,,,,,,,,,
1809-10-30,,,,,,,,,,,,,,,,,,,,,,,,,,,,,,,,,,,,,
1809-11-06,,,,,,,,,,,,,,,,,,,,,,,,,,,,,,,,,,,,,
1809-11-13,,,,,,,,,,,,,,,,,,,,,,,,,,,,,,,,,,,,,
1809-11-20,,,,,,,,,,,,,,,,,,,,,,,,,,,,,,,,,,,,,
1809-11-27,,,,,,,,,,,,,,,,,,,,,,,,,,,,,,,,,,,,,
1809-12-04,,,,,,,,,,,,,,,,,,,,,,,,,,,,,,,,,,,,,
1809-12-11,,,,,,,,,,,,,,,,,,,,,,,,,,,,,,,,,,,,,
1809-12-18,,,,,,,,,,,,,,,,,,,,,,,,,,,,,,,,,,,,,
1809-12-25,,,,,,,,,,,,,,,,,,,,,,,,,,,,,,,,,,,,,
1810-01-01,,,,,,,,,,,,,,,,,,,,,,,,,,,,,,,,,,,,,
1810-01-08,,,,,,,,,,,,,,,,,,,,,,,,,,,,,,,,,,,,,
1810-01-15,,,,,,,,,,,,,,,,,,,,,,,,,,,,,,,,,,,,,
1810-01-22,,,,,,,,,,,,,,,,,,,,,,,,,,,,,,,,,,,,,
1810-01-29,,,,,,,,,,,,,,,,,,,,,,,,,,,,,,,,,,,,,
1810-02-05,,,,,,,,,,,,,,,,,,,,,,,,,,,,,,,,,,,,,
1810-02-12,,,,,,,,,,,,,,,,,,,,,,,,,,,,,,,,,,,,,
1810-02-19,,,,,,,,,,,,,,,,,,,,,,,,,,,,,,,,,,,,,
1810-02-26,,,,,,,,,,,,,,,,,,,,,,,,,,,,,,,,,,,,,
1810-03-05,,,,,,,,,,,,,,,,,,,,,,,,,,,,,,,,,,,,,
1810-03-12,,,,,,,,,,,,,,,,,,,,,,,,,,,,,,,,,,,,,
1810-03-19,,,,,,,,,,,,,,,,,,,,,,,,,,,,,,,,,,,,,
1810-03-26,,,,,,,,,,,,,,,,,,,,,,,,,,,,,,,,,,,,,
1810-04-02,,,,,,,,,,,,,,,,,,,,,,,,,,,,,,,,,,,,,
1810-04-09,,,,,,,,,,,,,,,,,,,,,,,,,,,,,,,,,,,,,
1810-04-16,,,,,,,,,,,,,,,,,,,,,,,,,,,,,,,,,,,,,
1810-04-23,,,,,,,,,,,,,,,,,,,,,,,,,,,,,,,,,,,,,
1810-04-30,,,,,,,,,,,,,,,,,,,,,,,,,,,,,,,,,,,,,
1810-05-07,,,,,,,,,,,,,,,,,,,,,,,,,,,,,,,,,,,,,
1810-05-14,,,,,,,,,,,,,,,,,,,,,,,,,,,,,,,,,,,,,
1810-05-21,,,,,,,,,,,,,,,,,,,,,,,,,,,,,,,,,,,,,
1810-05-28,,,,,,,,,,,,,,,,,,,,,,,,,,,,,,,,,,,,,
1810-06-04,,,,,,,,,,,,,,,,,,,,,,,,,,,,,,,,,,,,,
1810-06-11,,,,,,,,,,,,,,,,,,,,,,,,,,,,,,,,,,,,,
1810-06-18,,,,,,,,,,,,,,,,,,,,,,,,,,,,,,,,,,,,,
1810-06-25,,,,,,,,,,,,,,,,,,,,,,,,,,,,,,,,,,,,,
1810-07-02,,,,,,,,,,,,,,,,,,,,,,,,,,,,,,,,,,,,,
1810-07-09,,,,,,,,,,,,,,,,,,,,,,,,,,,,,,,,,,,,,
1810-07-16,,,,,,,,,,,,,,,,,,,,,,,,,,,,,,,,,,,,,
1810-07-23,,,,,,,,,,,,,,,,,,,,,,,,,,,,,,,,,,,,,
1810-07-30,,,,,,,,,,,,,,,,,,,,,,,,,,,,,,,,,,,,,
1810-08-06,,,,,,,,,,,,,,,,,,,,,,,,,,,,,,,,,,,,,
1810-08-13,,,,,,,,,,,,,,,,,,,,,,,,,,,,,,,,,,,,,
1810-08-20,,,,,,,,,,,,,,,,,,,,,,,,,,,,,,,,,,,,,
1810-08-27,,,,,,,,,,,,,,,,,,,,,,,,,,,,,,,,,,,,,
1810-09-03,,,,,,,,,,,,,,,,,,,,,,,,,,,,,,,,,,,,,
1810-09-10,,,,,,,,,,,,,,,,,,,,,,,,,,,,,,,,,,,,,
1810-09-17,,,,,,,,,,,,,,,,,,,,,,,,,,,,,,,,,,,,,
1810-09-24,,,,,,,,,,,,,,,,,,,,,,,,,,,,,,,,,,,,,
1810-10-01,,,,,,,,,,,,,,,,,,,,,,,,,,,,,,,,,,,,,
1810-10-08,,,,,,,,,,,,,,,,,,,,,,,,,,,,,,,,,,,,,
1810-10-15,,,,,,,,,,,,,,,,,,,,,,,,,,,,,,,,,,,,,
1810-10-22,,,,,,,,,,,,,,,,,,,,,,,,,,,,,,,,,,,,,
1810-10-29,,,,,,,,,,,,,,,,,,,,,,,,,,,,,,,,,,,,,
1810-11-05,,,,,,,,,,,,,,,,,,,,,,,,,,,,,,,,,,,,,
1810-11-12,,,,,,,,,,,,,,,,,,,,,,,,,,,,,,,,,,,,,
1810-11-19,,,,,,,,,,,,,,,,,,,,,,,,,,,,,,,,,,,,,
1810-11-26,,,,,,,,,,,,,,,,,,,,,,,,,,,,,,,,,,,,,
1810-12-03,,,,,,,,,,,,,,,,,,,,,,,,,,,,,,,,,,,,,
1810-12-10,,,,,,,,,,,,,,,,,,,,,,,,,,,,,,,,,,,,,
1810-12-17,,,,,,,,,,,,,,,,,,,,,,,,,,,,,,,,,,,,,
1810-12-24,,,,,,,,,,,,,,,,,,,,,,,,,,,,,,,,,,,,,
1810-12-31,,,,,,,,,,,,,,,,,,,,,,,,,,,,,,,,,,,,,
1811-01-07,,,,,,,,,,,,,,,,,,,,,,,,,,,,,,,,,,,,,
1811-01-14,,,,,,,,,,,,,,,,,,,,,,,,,,,,,,,,,,,,,
1811-01-21,,,,,,,,,,,,,,,,,,,,,,,,,,,,,,,,,,,,,
1811-01-28,,,,,,,,,,,,,,,,,,,,,,,,,,,,,,,,,,,,,
1811-02-04,,,,,,,,,,,,,,,,,,,,,,,,,,,,,,,,,,,,,
1811-02-11,,,,,,,,,,,,,,,,,,,,,,,,,,,,,,,,,,,,,
1811-02-18,,,,,,,,,,,,,,,,,,,,,,,,,,,,,,,,,,,,,
1811-02-25,,,,,,,,,,,,,,,,,,,,,,,,,,,,,,,,,,,,,
1811-03-04,,,,,,,,,,,,,,,,,,,,,,,,,,,,,,,,,,,,,
1811-03-11,,,,,,,,,,,,,,,,,,,,,,,,,,,,,,,,,,,,,
1811-03-18,,,,,,,,,,,,,,,,,,,,,,,,,,,,,,,,,,,,,
1811-03-25,,,,,,,,,,,,,,,,,,,,,,,,,,,,,,,,,,,,,
1811-04-01,,,,,,,,,,,,,,,,,,,,,,,,,,,,,,,,,,,,,
1811-04-08,,,,,,,,,,,,,,,,,,,,,,,,,,,,,,,,,,,,,
1811-04-15,,,,,,,,,,,,,,,,,,,,,,,,,,,,,,,,,,,,,
1811-04-22,,,,,,,,,,,,,,,,,,,,,,,,,,,,,,,,,,,,,
1811-04-29,,,,,,,,,,,,,,,,,,,,,,,,,,,,,,,,,,,,,
1811-05-06,,,,,,,,,,,,,,,,,,,,,,,,,,,,,,,,,,,,,
1811-05-13,,,,,,,,,,,,,,,,,,,,,,,,,,,,,,,,,,,,,
1811-05-20,,,,,,,,,,,,,,,,,,,,,,,,,,,,,,,,,,,,,
1811-05-27,,,,,,,,,,,,,,,,,,,,,,,,,,,,,,,,,,,,,
1811-06-03,,,,,,,,,,,,,,,,,,,,,,,,,,,,,,,,,,,,,
1811-06-10,,,,,,,,,,,,,,,,,,,,,,,,,,,,,,,,,,,,,
1811-06-17,,,,,,,,,,,,,,,,,,,,,,,,,,,,,,,,,,,,,
1811-06-24,,,,,,,,,,,,,,,,,,,,,,,,,,,,,,,,,,,,,
1811-07-01,,,,,,,,,,,,,,,,,,,,,,,,,,,,,,,,,,,,,
1811-07-08,,,,,,,,,,,,,,,,,,,,,,,,,,,,,,,,,,,,,
1811-07-15,,,,,,,,,,,,,,,,,,,,,,,,,,,,,,,,,,,,,
1811-07-22,,,,,,,,,,,,,,,,,,,,,,,,,,,,,,,,,,,,,
1811-07-29,,,,,,,,,,,,,,,,,,,,,,,,,,,,,,,,,,,,,
1811-08-05,,,,,,,,,,,,,,,,,,,,,,,,,,,,,,,,,,,,,
1811-08-12,,,,,,,,,,,,,,,,,,,,,,,,,,,,,,,,,,,,,
1811-08-19,,,,,,,,,,,,,,,,,,,,,,,,,,,,,,,,,,,,,
1811-08-26,,,,,,,,,,,,,,,,,,,,,,,,,,,,,,,,,,,,,
1811-09-02,,,,,,,,,,,,,,,,,,,,,,,,,,,,,,,,,,,,,
1811-09-09,,,,,,,,,,,,,,,,,,,,,,,,,,,,,,,,,,,,,
1811-09-16,,,,,,,,,,,,,,,,,,,,,,,,,,,,,,,,,,,,,
1811-09-23,,,,,,,,,,,,,,,,,,,,,,,,,,,,,,,,,,,,,
1811-09-30,,,,,,,,,,,,,,,,,,,,,,,,,,,,,,,,,,,,,
1811-10-07,,,,,,,,,,,,,,,,,,,,,,,,,,,,,,,,,,,,,
1811-10-14,,,,,,,,,,,,,,,,,,,,,,,,,,,,,,,,,,,,,
1812-01-13,,,,,,,,,,,,,,,,,,,,,,,,,,,,,,,,,,,,,
1812-01-20,,,,,,,,,,,,,,,,,,,,,,,,,,,,,,,,,,,,,
1812-02-03,,,,,,,,,,,,,,,,,,,,,,,,,,,,,,,,,,,,,
1812-02-10,,,,,,,,,,,,,,,,,,,,,,,,,,,,,,,,,,,,,
1812-02-24,,,,,,,,,,,,,,,,,,,,,,,,,,,,,,,,,,,,,
1812-03-02,,,,,,,,,,,,,,,,,,,,,,,,,,,,,,,,,,,,,
1812-03-09,,,,,,,,,,,,,,,,,,,,,,,,,,,,,,,,,,,,,
1812-03-16,,,,,,,,,,,,,,,,,,,,,,,,,,,,,,,,,,,,,
1812-03-23,,,,,,,,,,,,,,,,,,,,,,,,,,,,,,,,,,,,,
1812-04-13,,,,,,,,,,,,,,,,,,,,,,,,,,,,,,,,,,,,,
1812-05-18,,,,,,,,,,,,,,,,,,,,,,,,,,,,,,,,,,,,,
1812-05-25,,,,,,,,,,,,,,,,,,,,,,,,,,,,,,,,,,,,,
1812-06-29,,,,,,,,,,,,,,,,,,,,,,,,,,,,,,,,,,,,,
1812-07-06,,,,,,,,,,,,,,,,,,,,,,,,,,,,,,,,,,,,,
1812-08-31,,,,,,,,,,,,,,,,,,,,,,,,,,,,,,,,,,,,,
1812-09-21,,,,,,,,,,,,,,,,,,,,,,,,,,,,,,,,,,,,,
1812-10-05,,,,,,,,,,,,,,,,,,,,,,,,,,,,,,,,,,,,,
1812-10-12,,,,,,,,,,,,,,,,,,,,,,,,,,,,,,,,,,,,,
1812-10-19,,,,,,,,,,,,,,,,,,,,,,,,,,,,,,,,,,,,,
1812-10-26,,,,,,,,,,,,,,,,,,,,,,,,,,,,,,,,,,,,,
1812-11-02,,,,,,,,,,,,,,,,,,,,,,,,,,,,,,,,,,,,,
1812-11-09,,,,,,,,,,,,,,,,,,,,,,,,,,,,,,,,,,,,,
1812-11-23,,,,,,,,,,,,,,,,,,,,,,,,,,,,,,,,,,,,,
1812-12-14,,,,,,,,,,,,,,,,,,,,,,,,,,,,,,,,,,,,,
1813-01-25,,,,,,,,,,,,,,,,,,,,,,,,,,,,,,,,,,,,,
1813-02-01,,,,,,,,,,,,,,,,,,,,,,,,,,,,,,,,,,,,,
1813-02-15,,,,,,,,,,,,,,,,,,,,,,,,,,,,,,,,,,,,,
1813-02-22,,,,,,,,,,,,,,,,,,,,,,,,,,,,,,,,,,,,,
1813-03-01,,,,,,,,,,,,,,,,,,,,,,,,,,,,,,,,,,,,,
1813-03-08,,,,,,,,,,,,,,,,,,,,,,,,,,,,,,,,,,,,,
1813-03-15,,,,,,,,,,,,,,,,,,,,,,,,,,,,,,,,,,,,,
1813-03-22,,,,,,,,,,,,,,,,,,,,,,,,,,,,,,,,,,,,,
1813-03-29,,,,,,,,,,,,,,,,,,,,,,,,,,,,,,,,,,,,,
1813-04-05,,,,,,,,,,,,,,,,,,,,,,,,,,,,,,,,,,,,,
1813-04-12,,,,,,,,,,,,,,,,,,,,,,,,,,,,,,,,,,,,,
1813-04-19,,,,,,,,,,,,,,,,,,,,,,,,,,,,,,,,,,,,,
1813-04-26,,,,,,,,,,,,,,,,,,,,,,,,,,,,,,,,,,,,,
1813-05-03,,,,,,,,,,,,,,,,,,,,,,,,,,,,,,,,,,,,,
1813-05-10,,,,,,,,,,,,,,,,,,,,,,,,,,,,,,,,,,,,,
1813-05-17,,,,,,,,,,,,,,,,,,,,,,,,,,,,,,,,,,,,,
1813-05-24,,,,,,,,,,,,,,,,,,,,,,,,,,,,,,,,,,,,,
1813-05-31,,,,,,,,,,,,,,,,,,,,,,,,,,,,,,,,,,,,,
1813-06-07,,,,,,,,,,,,,,,,,,,,,,,,,,,,,,,,,,,,,
1813-06-14,,,,,,,,,,,,,,,,,,,,,,,,,,,,,,,,,,,,,
1813-06-21,,,,,,,,,,,,,,,,,,,,,,,,,,,,,,,,,,,,,
1813-06-28,,,,,,,,,,,,,,,,,,,,,,,,,,,,,,,,,,,,,
1813-07-05,,,,,,,,,,,,,,,,,,,,,,,,,,,,,,,,,,,,,
1813-07-12,,,,,,,,,,,,,,,,,,,,,,,,,,,,,,,,,,,,,
1813-07-19,,,,,,,,,,,,,,,,,,,,,,,,,,,,,,,,,,,,,
1813-07-26,,,,,,,,,,,,,,,,,,,,,,,,,,,,,,,,,,,,,
1813-08-02,,,,,,,,,,,,,,,,,,,,,,,,,,,,,,,,,,,,,
1813-08-09,,,,,,,,,,,,,,,,,,,,,,,,,,,,,,,,,,,,,
1813-08-16,,,,,,,,,,,,,,,,,,,,,,,,,,,,,,,,,,,,,
1813-08-16,,,,,,,,,,,,,,,,,,,,,,,,,,,,,,,,,,,,,
1813-08-23,,,,,,,,,,,,,,,,,,,,,,,,,,,,,,,,,,,,,
1813-08-30,,,,,,,,,,,,,,,,,,,,,,,,,,,,,,,,,,,,,
1813-09-06,,,,,,,,,,,,,,,,,,,,,,,,,,,,,,,,,,,,,
1813-09-13,,,,,,,,,,,,,,,,,,,,,,,,,,,,,,,,,,,,,
1813-09-20,,,,,,,,,,,,,,,,,,,,,,,,,,,,,,,,,,,,,
1813-09-27,,,,,,,,,,,,,,,,,,,,,,,,,,,,,,,,,,,,,
1813-10-04,,,,,,,,,,,,,,,,,,,,,,,,,,,,,,,,,,,,,
1813-10-11,,,,,,,,,,,,,,,,,,,,,,,,,,,,,,,,,,,,,
1813-10-18,,,,,,,,,,,,,,,,,,,,,,,,,,,,,,,,,,,,,
1813-10-25,,,,,,,,,,,,,,,,,,,,,,,,,,,,,,,,,,,,,
1813-11-01,,,,,,,,,,,,,,,,,,,,,,,,,,,,,,,,,,,,,
1813-11-08,,,,,,,,,,,,,,,,,,,,,,,,,,,,,,,,,,,,,
1813-11-15,,,,,,,,,,,,,,,,,,,,,,,,,,,,,,,,,,,,,
1813-11-20,,,,,,,,,,,,,,,,,,,,,,,,,,,,,,,,,,,,,
1813-11-22,,,,,,,,,,,,,,,,,,,,,,,,,,,,,,,,,,,,,
1813-11-27,,,,,,,,,,,,,,,,,,,,,,,,,,,,,,,,,,,,,
1813-12-06,,,,,,,,,,,,,,,,,,,,,,,,,,,,,,,,,,,,,
1813-12-13,,,,,,,,,,,,,,,,,,,,,,,,,,,,,,,,,,,,,
1813-12-20,,,,,,,,,,,,,,,,,,,,,,,,,,,,,,,,,,,,,
1813-12-27,,,,,,,,,,,,,,,,,,,,,,,,,,,,,,,,,,,,,
1814-01-03,,,,,,,,,,,,,,,,,,,,,,,,,,,,,,,,,,,,,
1814-01-10,,,,,,,,,,,,,,,,,,,,,,,,,,,,,,,,,,,,,
1814-01-17,,,,,,,,,,,,,,,,,,,,,,,,,,,,,,,,,,,,,
1814-01-24,,,,,,,,,,,,,,,,,,,,,,,,,,,,,,,,,,,,,
1814-01-31,,,,,,,,,,,,,,,,,,,,,,,,,,,,,,,,,,,,,
1814-02-07,,,,,,,,,,,,,,,,,,,,,,,,,,,,,,,,,,,,,
1814-02-14,,,,,,,,,,,,,,,,,,,,,,,,,,,,,,,,,,,,,
1814-02-21,,,,,,,,,,,,,,,,,,,,,,,,,,,,,,,,,,,,,
1814-02-28,,,,,,,,,,,,,,,,,,,,,,,,,,,,,,,,,,,,,
1814-03-07,,,,,,,,,,,,,,,,,,,,,,,,,,,,,,,,,,,,,
1814-03-14,,,,,,,,,,,,,,,,,,,,,,,,,,,,,,,,,,,,,
1814-03-21,,,,,,,,,,,,,,,,,,,,,,,,,,,,,,,,,,,,,
1814-03-28,,,,,,,,,,,,,,,,,,,,,,,,,,,,,,,,,,,,,
1814-04-04,,,,,,,,,,,,,,,,,,,,,,,,,,,,,,,,,,,,,
1814-04-11,,,,,,,,,,,,,,,,,,,,,,,,,,,,,,,,,,,,,
1814-04-18,,,,,,,,,,,,,,,,,,,,,,,,,,,,,,,,,,,,,
1814-04-25,,,,,,,,,,,,,,,,,,,,,,,,,,,,,,,,,,,,,
1814-05-02,,,,,,,,,,,,,,,,,,,,,,,,,,,,,,,,,,,,,
1814-05-09,,,,,,,,,,,,,,,,,,,,,,,,,,,,,,,,,,,,,
1814-05-16,,,,,,,,,,,,,,,,,,,,,,,,,,,,,,,,,,,,,
1814-05-23,,,,,,,,,,,,,,,,,,,,,,,,,,,,,,,,,,,,,
1814-05-30,,,,,,,,,,,,,,,,,,,,,,,,,,,,,,,,,,,,,
1814-06-06,,,,,,,,,,,,,,,,,,,,,,,,,,,,,,,,,,,,,
1814-06-13,,,,,,,,,,,,,,,,,,,,,,,,,,,,,,,,,,,,,
1814-06-20,,,,,,,,,,,,,,,,,,,,,,,,,,,,,,,,,,,,,
1814-06-27,,,,,,,,,,,,,,,,,,,,,,,,,,,,,,,,,,,,,
1814-07-04,,,,,,,,,,,,,,,,,,,,,,,,,,,,,,,,,,,,,
1814-07-11,,,,,,,,,,,,,,,,,,,,,,,,,,,,,,,,,,,,,
1814-07-18,,,,,,,,,,,,,,,,,,,,,,,,,,,,,,,,,,,,,
1814-07-25,,,,,,,,,,,,,,,,,,,,,,,,,,,,,,,,,,,,,
1814-08-01,,,,,,,,,,,,,,,,,,,,,,,,,,,,,,,,,,,,,
1814-08-08,,,,,,,,,,,,,,,,,,,,,,,,,,,,,,,,,,,,,
1814-08-15,,,,,,,,,,,,,,,,,,,,,,,,,,,,,,,,,,,,,
1814-08-22,,,,,,,,,,,,,,,,,,,,,,,,,,,,,,,,,,,,,
1814-08-29,,,,,,,,,,,,,,,,,,,,,,,,,,,,,,,,,,,,,
1814-09-05,,,,,,,,,,,,,,,,,,,,,,,,,,,,,,,,,,,,,
1814-09-12,,,,,,,,,,,,,,,,,,,,,,,,,,,,,,,,,,,,,
1814-09-19,,,,,,,,,,,,,,,,,,,,,,,,,,,,,,,,,,,,,
1814-09-26,,,,,,,,,,,,,,,,,,,,,,,,,,,,,,,,,,,,,
1814-10-03,,,,,,,,,,,,,,,,,,,,,,,,,,,,,,,,,,,,,
1814-10-10,,,,,,,,,,,,,,,,,,,,,,,,,,,,,,,,,,,,,
1814-10-17,,,,,,,,,,,,,,,,,,,,,,,,,,,,,,,,,,,,,
1814-10-24,,,,,,,,,,,,,,,,,,,,,,,,,,,,,,,,,,,,,
1814-10-31,,,,,,,,,,,,,,,,,,,,,,,,,,,,,,,,,,,,,
1814-11-07,,,,,,,,,,,,,,,,,,,,,,,,,,,,,,,,,,,,,
1814-11-14,,,,,,,,,,,,,,,,,,,,,,,,,,,,,,,,,,,,,
1814-11-21,,,,,,,,,,,,,,,,,,,,,,,,,,,,,,,,,,,,,
1814-11-28,,,,,,,,,,,,,,,,,,,,,,,,,,,,,,,,,,,,,
1814-12-05,,,,,,,,,,,,,,,,,,,,,,,,,,,,,,,,,,,,,
1814-12-12,,,,,,,,,,,,,,,,,,,,,,,,,,,,,,,,,,,,,
1814-12-19,,,,,,,,,,,,,,,,,,,,,,,,,,,,,,,,,,,,,
1814-12-31,,,,,,,,,,,,,,,,,,,,,,,,,,,,,,,,,,,,,
1815-01-09,,,,,,,,,,,,,,,,,,,,,,,,,,,,,,,,,,,,,
1815-01-16,,,,,,,,,,,,,,,,,,,,,,,,,,,,,,,,,,,,,
1815-01-23,,,,,,,,,,,,,,,,,,,,,,,,,,,,,,,,,,,,,
1815-01-30,,,,,,,,,,,,,,,,,,,,,,,,,,,,,,,,,,,,,
1815-02-06,,,,,,,,,,,,,,,,,,,,,,,,,,,,,,,,,,,,,
1815-02-13,,,,,,,,,,,,,,,,,,,,,,,,,,,,,,,,,,,,,
1815-02-20,,,,,,,,,,,,,,,,,,,,,,,,,,,,,,,,,,,,,
1815-02-27,,,,,,,,,,,,,,,,,,,,,,,,,,,,,,,,,,,,,
1815-03-06,,,,,,,,,,,,,,,,,,,,,,,,,,,,,,,,,,,,,
1815-03-13,,,,,,,,,,,,,,,,,,,,,,,,,,,,,,,,,,,,,
1815-03-20,,,,,,,,,,,,,,,,,,,,,,,,,,,,,,,,,,,,,
1815-03-27,,,,,,,,,,,,,,,,,,,,,,,,,,,,,,,,,,,,,
1815-04-03,,,,,,,,,,,,,,,,,,,,,,,,,,,,,,,,,,,,,
1815-04-10,,,,,,,,,,,,,,,,,,,,,,,,,,,,,,,,,,,,,
1815-04-17,,,,,,,,,,,,,,,,,,,,,,,,,,,,,,,,,,,,,
1815-04-24,,,,,,,,,,,,,,,,,,,,,,,,,,,,,,,,,,,,,
1815-05-02,,,,,,,,,,,,,,,,,,,,,,,,,,,,,,,,,,,,,
1815-05-06,,,,,,,,,,,,,,,,,,,,,,,,,,,,,,,,,,,,,
1815-05-13,,,,,,,,,,,,,,,,,,,,,,,,,,,,,,,,,,,,,
1815-05-19,,,,,,,,,,,,,,,,,,,,,,,,,,,,,,,,,,,,,
1815-05-26,,,,,,,,,,,,,,,,,,,,,,,,,,,,,,,,,,,,,
1815-06-03,,,,,,,,,,,,,,,,,,,,,,,,,,,,,,,,,,,,,
1815-06-09,,,,,,,,,,,,,,,,,,,,,,,,,,,,,,,,,,,,,
1815-06-16,,,,,,,,,,,,,,,,,,,,,,,,,,,,,,,,,,,,,
1815-06-23,,,,,,,,,,,,,,,,,,,,,,,,,,,,,,,,,,,,,
1815-06-30,,,,,,,,,,,,,,,,,,,,,,,,,,,,,,,,,,,,,
1815-07-07,,,,,,,,,,,,,,,,,,,,,,,,,,,,,,,,,,,,,
1815-07-15,,,,,,,,,,,,,,,,,,,,,,,,,,,,,,,,,,,,,
1815-07-22,,,,,,,,,,,,,,,,,,,,,,,,,,,,,,,,,,,,,
1815-07-30,,,,,,,,,,,,,,,,,,,,,,,,,,,,,,,,,,,,,
1815-08-04,,,,,,,,,,,,,,,,,,,,,,,,,,,,,,,,,,,,,
1815-08-11,,,,,,,,,,,,,,,,,,,,,,,,,,,,,,,,,,,,,
1815-08-18,,,,,,,,,,,,,,,,,,,,,,,,,,,,,,,,,,,,,
1815-08-25,,,,,,,,,,,,,,,,,,,,,,,,,,,,,,,,,,,,,
1815-09-01,,,,,,,,,,,,,,,,,,,,,,,,,,,,,,,,,,,,,
1815-09-08,,,,,,,,,,,,,,,,,,,,,,,,,,,,,,,,,,,,,
1815-09-15,,,,,,,,,,,,,,,,,,,,,,,,,,,,,,,,,,,,,
1815-09-22,,,,,,,,,,,,,,,,,,,,,,,,,,,,,,,,,,,,,
1815-09-29,,,,,,,,,,,,,,,,,,,,,,,,,,,,,,,,,,,,,
1815-10-06,,,,,,,,,,,,,,,,,,,,,,,,,,,,,,,,,,,,,
1815-10-13,,,,,,,,,,,,,,,,,,,,,,,,,,,,,,,,,,,,,
1815-10-20,,,,,,,,,,,,,,,,,,,,,,,,,,,,,,,,,,,,,
1815-10-27,,,,,,,,,,,,,,,,,,,,,,,,,,,,,,,,,,,,,
1815-11-03,,,,,,,,,,,,,,,,,,,,,,,,,,,,,,,,,,,,,
1815-11-10,,,,,,,,,,,,,,,,,,,,,,,,,,,,,,,,,,,,,
1815-11-17,,,,,,,,,,,,,,,,,,,,,,,,,,,,,,,,,,,,,
1815-11-24,,,,,,,,,,,,,,,,,,,,,,,,,,,,,,,,,,,,,
1815-12-01,,,,,,,,,,,,,,,,,,,,,,,,,,,,,,,,,,,,,
1815-12-08,,,,,,,,,,,,,,,,,,,,,,,,,,,,,,,,,,,,,
1815-12-15,,,,,,,,,,,,,,,,,,,,,,,,,,,,,,,,,,,,,
1815-12-22,,,,,,,,,,,,,,,,,,,,,,,,,,,,,,,,,,,,,
1815-12-29,,,,,,,,,,,,,,,,,,,,,,,,,,,,,,,,,,,,,
1816-01-05,,,,,,,,,,,,,,,,,,,,,,,,,,,,,,,,,,,,,
1816-01-12,,,,,,,,,,,,,,,,,,,,,,,,,,,,,,,,,,,,,
1816-01-19,,,,,,,,,,,,,,,,,,,,,,,,,,,,,,,,,,,,,
1816-01-26,,,,,,,,,,,,,,,,,,,,,,,,,,,,,,,,,,,,,
1816-02-02,,,,,,,,,,,,,,,,,,,,,,,,,,,,,,,,,,,,,
1816-02-09,,,,,,,,,,,,,,,,,,,,,,,,,,,,,,,,,,,,,
1816-02-16,,,,,,,,,,,,,,,,,,,,,,,,,,,,,,,,,,,,,
1816-02-23,,,,,,,,,,,,,,,,,,,,,,,,,,,,,,,,,,,,,
1816-03-01,,,,,,,,,,,,,,,,,,,,,,,,,,,,,,,,,,,,,
1816-03-08,,,,,,,,,,,,,,,,,,,,,,,,,,,,,,,,,,,,,
1816-03-15,,,,,,,,,,,,,,,,,,,,,,,,,,,,,,,,,,,,,
1816-03-22,,,,,,,,,,,,,,,,,,,,,,,,,,,,,,,,,,,,,
1816-03-29,,,,,,,,,,,,,,,,,,,,,,,,,,,,,,,,,,,,,
1816-04-04,,,,,,,,,,,,,,,,,,,,,,,,,,,,,,,,,,,,,
1816-04-11,,,,,,,,,,,,,,,,,,,,,,,,,,,,,,,,,,,,,
1816-04-19,,,,,,,,,,,,,,,,,,,,,,,,,,,,,,,,,,,,,
1816-04-26,,,,,,,,,,,,,,,,,,,,,,,,,,,,,,,,,,,,,
1816-05-03,,,,,,,,,,,,,,,,,,,,,,,,,,,,,,,,,,,,,
1816-05-06,,,,,,,,,,,,,,,,,,,,,,,,,,,,,,,,,,,,,
1816-05-13,,,,,,,,,,,,,,,,,,,,,,,,,,,,,,,,,,,,,
1816-05-20,,,,,,,,,,,,,,,,,,,,,,,,,,,,,,,,,,,,,
1816-05-27,,,,,,,,,,,,,,,,,,,,,,,,,,,,,,,,,,,,,
1816-06-03,,,,,,,,,,,,,,,,,,,,,,,,,,,,,,,,,,,,,
1816-06-10,,,,,,,,,,,,,,,,,,,,,,,,,,,,,,,,,,,,,
1816-06-17,,,,,,,,,,,,,,,,,,,,,,,,,,,,,,,,,,,,,
1816-06-24,,,,,,,,,,,,,,,,,,,,,,,,,,,,,,,,,,,,,
1816-07-01,,,,,,,,,,,,,,,,,,,,,,,,,,,,,,,,,,,,,
1816-07-08,,,,,,,,,,,,,,,,,,,,,,,,,,,,,,,,,,,,,
1816-07-15,,,,,,,,,,,,,,,,,,,,,,,,,,,,,,,,,,,,,
1816-07-22,,,,,,,,,,,,,,,,,,,,,,,,,,,,,,,,,,,,,
1816-07-29,,,,,,,,,,,,,,,,,,,,,,,,,,,,,,,,,,,,,
1816-08-05,,,,,,,,,,,,,,,,,,,,,,,,,,,,,,,,,,,,,
1816-08-12,,,,,,,,,,,,,,,,,,,,,,,,,,,,,,,,,,,,,
1816-08-19,,,,,,,,,,,,,,,,,,,,,,,,,,,,,,,,,,,,,
1816-08-26,,,,,,,,,,,,,,,,,,,,,,,,,,,,,,,,,,,,,
1816-09-02,,,,,,,,,,,,,,,,,,,,,,,,,,,,,,,,,,,,,
1816-09-09,,,,,,,,,,,,,,,,,,,,,,,,,,,,,,,,,,,,,
1816-09-16,,,,,,,,,,,,,,,,,,,,,,,,,,,,,,,,,,,,,
1816-09-23,,,,,,,,,,,,,,,,,,,,,,,,,,,,,,,,,,,,,
1816-09-30,,,,,,,,,,,,,,,,,,,,,,,,,,,,,,,,,,,,,
1816-10-07,,,,,,,,,,,,,,,,,,,,,,,,,,,,,,,,,,,,,
1816-10-14,,,,,,,,,,,,,,,,,,,,,,,,,,,,,,,,,,,,,
1816-10-21,,,,,,,,,,,,,,,,,,,,,,,,,,,,,,,,,,,,,
1816-10-28,,,,,,,,,,,,,,,,,,,,,,,,,,,,,,,,,,,,,
1816-11-04,,,,,,,,,,,,,,,,,,,,,,,,,,,,,,,,,,,,,
1816-11-11,,,,,,,,,,,,,,,,,,,,,,,,,,,,,,,,,,,,,
1816-11-18,,,,,,,,,,,,,,,,,,,,,,,,,,,,,,,,,,,,,
1816-11-25,,,,,,,,,,,,,,,,,,,,,,,,,,,,,,,,,,,,,
1816-12-02,,,,,,,,,,,,,,,,,,,,,,,,,,,,,,,,,,,,,
1816-12-09,,,,,,,,,,,,,,,,,,,,,,,,,,,,,,,,,,,,,
1816-12-16,,,,,,,,,,,,,,,,,,,,,,,,,,,,,,,,,,,,,
1816-12-23,,,,,,,,,,,,,,,,,,,,,,,,,,,,,,,,,,,,,
1816-12-30,,,,,,,,,,,,,,,,,,,,,,,,,,,,,,,,,,,,,
1817-01-06,,,,,,,,,,,,,,,,,,,,,,,,,,,,,,,,,,,,,
1817-01-13,,,,,,,,,,,,,,,,,,,,,,,,,,,,,,,,,,,,,
1817-01-20,,,,,,,,,,,,,,,,,,,,,,,,,,,,,,,,,,,,,
1817-01-27,,,,,,,,,,,,,,,,,,,,,,,,,,,,,,,,,,,,,
1817-02-03,,,,,,,,,,,,,,,,,,,,,,,,,,,,,,,,,,,,,
1817-02-10,,,,,,,,,,,,,,,,,,,,,,,,,,,,,,,,,,,,,
1817-02-17,,,,,,,,,,,,,,,,,,,,,,,,,,,,,,,,,,,,,
1817-02-24,,,,,,,,,,,,,,,,,,,,,,,,,,,,,,,,,,,,,
1817-03-03,,,,,,,,,,,,,,,,,,,,,,,,,,,,,,,,,,,,,
1817-03-10,,,,,,,,,,,,,,,,,,,,,,,,,,,,,,,,,,,,,
1817-03-17,,,,,,,,,,,,,,,,,,,,,,,,,,,,,,,,,,,,,
1817-03-24,,,,,,,,,,,,,,,,,,,,,,,,,,,,,,,,,,,,,
1817-03-31,,,,,,,,,,,,,,,,,,,,,,,,,,,,,,,,,,,,,
1817-04-07,,,,,,,,,,,,,,,,,,,,,,,,,,,,,,,,,,,,,
1817-04-14,,,,,,,,,,,,,,,,,,,,,,,,,,,,,,,,,,,,,
1817-04-21,,,,,,,,,,,,,,,,,,,,,,,,,,,,,,,,,,,,,
1817-04-28,,,,,,,,,,,,,,,,,,,,,,,,,,,,,,,,,,,,,
1817-05-03,,,,,,,,,,,,,,,,,,,,,,,,,,,,,,,,,,,,,
1817-05-12,,,,,,,,,,,,,,,,,,,,,,,,,,,,,,,,,,,,,
1817-05-19,,,,,,,,,,,,,,,,,,,,,,,,,,,,,,,,,,,,,
1817-05-26,,,,,,,,,,,,,,,,,,,,,,,,,,,,,,,,,,,,,
1817-06-02,,,,,,,,,,,,,,,,,,,,,,,,,,,,,,,,,,,,,
1817-06-09,,,,,,,,,,,,,,,,,,,,,,,,,,,,,,,,,,,,,
1817-06-16,,,,,,,,,,,,,,,,,,,,,,,,,,,,,,,,,,,,,
1817-06-23,,,,,,,,,,,,,,,,,,,,,,,,,,,,,,,,,,,,,
1817-06-30,,,,,,,,,,,,,,,,,,,,,,,,,,,,,,,,,,,,,
1817-07-07,,,,,,,,,,,,,,,,,,,,,,,,,,,,,,,,,,,,,
1817-07-14,,,,,,,,,,,,,,,,,,,,,,,,,,,,,,,,,,,,,
1817-07-21,,,,,,,,,,,,,,,,,,,,,,,,,,,,,,,,,,,,,
1817-07-28,,,,,,,,,,,,,,,,,,,,,,,,,,,,,,,,,,,,,
1817-08-04,,,,,,,,,,,,,,,,,,,,,,,,,,,,,,,,,,,,,
1817-08-11,,,,,,,,,,,,,,,,,,,,,,,,,,,,,,,,,,,,,
1817-08-18,,,,,,,,,,,,,,,,,,,,,,,,,,,,,,,,,,,,,
1817-08-25,,,,,,,,,,,,,,,,,,,,,,,,,,,,,,,,,,,,,
1817-09-01,,,,,,,,,,,,,,,,,,,,,,,,,,,,,,,,,,,,,
1817-09-08,,,,,,,,,,,,,,,,,,,,,,,,,,,,,,,,,,,,,
1817-09-15,,,,,,,,,,,,,,,,,,,,,,,,,,,,,,,,,,,,,
1817-09-22,,,,,,,,,,,,,,,,,,,,,,,,,,,,,,,,,,,,,
1817-09-29,,,,,,,,,,,,,,,,,,,,,,,,,,,,,,,,,,,,,
1817-10-06,,,,,,,,,,,,,,,,,,,,,,,,,,,,,,,,,,,,,
1817-10-13,,,,,,,,,,,,,,,,,,,,,,,,,,,,,,,,,,,,,
1817-10-20,,,,,,,,,,,,,,,,,,,,,,,,,,,,,,,,,,,,,
1817-10-27,,,,,,,,,,,,,,,,,,,,,,,,,,,,,,,,,,,,,
1817-11-03,,,,,,,,,,,,,,,,,,,,,,,,,,,,,,,,,,,,,
1817-11-10,,,,,,,,,,,,,,,,,,,,,,,,,,,,,,,,,,,,,
1817-11-17,,,,,,,,,,,,,,,,,,,,,,,,,,,,,,,,,,,,,
1817-11-24,,,,,,,,,,,,,,,,,,,,,,,,,,,,,,,,,,,,,
1817-12-01,,,,,,,,,,,,,,,,,,,,,,,,,,,,,,,,,,,,,
1817-12-08,,,,,,,,,,,,,,,,,,,,,,,,,,,,,,,,,,,,,
1817-12-15,,,,,,,,,,,,,,,,,,,,,,,,,,,,,,,,,,,,,
1817-12-22,,,,,,,,,,,,,,,,,,,,,,,,,,,,,,,,,,,,,
1817-12-29,,,,,,,,,,,,,,,,,,,,,,,,,,,,,,,,,,,,,
1818-01-05,,,,,,,,,,,,,,,,,,,,,,,,,,,,,,,,,,,,,
1818-01-12,,,,,,,,,,,,,,,,,,,,,,,,,,,,,,,,,,,,,
1818-01-19,,,,,,,,,,,,,,,,,,,,,,,,,,,,,,,,,,,,,
1818-01-26,,,,,,,,,,,,,,,,,,,,,,,,,,,,,,,,,,,,,
1818-02-02,,,,,,,,,,,,,,,,,,,,,,,,,,,,,,,,,,,,,
1818-02-09,,,,,,,,,,,,,,,,,,,,,,,,,,,,,,,,,,,,,
1818-02-16,,,,,,,,,,,,,,,,,,,,,,,,,,,,,,,,,,,,,
1818-02-23,,,,,,,,,,,,,,,,,,,,,,,,,,,,,,,,,,,,,
1818-03-02,,,,,,,,,,,,,,,,,,,,,,,,,,,,,,,,,,,,,
1818-03-09,,,,,,,,,,,,,,,,,,,,,,,,,,,,,,,,,,,,,
1818-03-16,,,,,,,,,,,,,,,,,,,,,,,,,,,,,,,,,,,,,
1818-03-23,,,,,,,,,,,,,,,,,,,,,,,,,,,,,,,,,,,,,
1818-03-30,,,,,,,,,,,,,,,,,,,,,,,,,,,,,,,,,,,,,
1818-04-04,,,,,,,,,,,,,,,,,,,,,,,,,,,,,,,,,,,,,
1818-04-13,,,,,,,,,,,,,,,,,,,,,,,,,,,,,,,,,,,,,
1818-04-20,,,,,,,,,,,,,,,,,,,,,,,,,,,,,,,,,,,,,
1818-04-27,,,,,,,,,,,,,,,,,,,,,,,,,,,,,,,,,,,,,
1818-05-04,,,,,,,,,,,,,,,,,,,,,,,,,,,,,,,,,,,,,
1818-05-11,,,,,,,,,,,,,,,,,,,,,,,,,,,,,,,,,,,,,
1818-05-18,,,,,,,,,,,,,,,,,,,,,,,,,,,,,,,,,,,,,
1818-05-25,,,,,,,,,,,,,,,,,,,,,,,,,,,,,,,,,,,,,
1818-06-01,,,,,,,,,,,,,,,,,,,,,,,,,,,,,,,,,,,,,
1818-06-08,,,,,,,,,,,,,,,,,,,,,,,,,,,,,,,,,,,,,
1818-06-15,,,,,,,,,,,,,,,,,,,,,,,,,,,,,,,,,,,,,
1818-06-22,,,,,,,,,,,,,,,,,,,,,,,,,,,,,,,,,,,,,
1818-06-29,,,,,,,,,,,,,,,,,,,,,,,,,,,,,,,,,,,,,
1818-07-06,,,,,,,,,,,,,,,,,,,,,,,,,,,,,,,,,,,,,
1818-07-13,,,,,,,,,,,,,,,,,,,,,,,,,,,,,,,,,,,,,
1818-07-20,,,,,,,,,,,,,,,,,,,,,,,,,,,,,,,,,,,,,
1818-07-27,,,,,,,,,,,,,,,,,,,,,,,,,,,,,,,,,,,,,
1818-08-03,,,,,,,,,,,,,,,,,,,,,,,,,,,,,,,,,,,,,
1818-08-10,,,,,,,,,,,,,,,,,,,,,,,,,,,,,,,,,,,,,
1818-08-17,,,,,,,,,,,,,,,,,,,,,,,,,,,,,,,,,,,,,
1818-08-24,,,,,,,,,,,,,,,,,,,,,,,,,,,,,,,,,,,,,
1818-08-31,,,,,,,,,,,,,,,,,,,,,,,,,,,,,,,,,,,,,
1818-09-07,,,,,,,,,,,,,,,,,,,,,,,,,,,,,,,,,,,,,
1818-09-14,,,,,,,,,,,,,,,,,,,,,,,,,,,,,,,,,,,,,
1818-09-21,,,,,,,,,,,,,,,,,,,,,,,,,,,,,,,,,,,,,
1818-09-28,,,,,,,,,,,,,,,,,,,,,,,,,,,,,,,,,,,,,
1818-10-05,,,,,,,,,,,,,,,,,,,,,,,,,,,,,,,,,,,,,
1818-10-12,,,,,,,,,,,,,,,,,,,,,,,,,,,,,,,,,,,,,
1818-10-19,,,,,,,,,,,,,,,,,,,,,,,,,,,,,,,,,,,,,
1818-10-26,,,,,,,,,,,,,,,,,,,,,,,,,,,,,,,,,,,,,
1818-11-02,,,,,,,,,,,,,,,,,,,,,,,,,,,,,,,,,,,,,
1818-11-09,,,,,,,,,,,,,,,,,,,,,,,,,,,,,,,,,,,,,
1818-11-16,,,,,,,,,,,,,,,,,,,,,,,,,,,,,,,,,,,,,
1818-11-23,,,,,,,,,,,,,,,,,,,,,,,,,,,,,,,,,,,,,
1818-11-30,,,,,,,,,,,,,,,,,,,,,,,,,,,,,,,,,,,,,
1818-12-07,,,,,,,,,,,,,,,,,,,,,,,,,,,,,,,,,,,,,
1818-12-14,,,,,,,,,,,,,,,,,,,,,,,,,,,,,,,,,,,,,
1818-12-21,,,,,,,,,,,,,,,,,,,,,,,,,,,,,,,,,,,,,
1818-12-28,,,,,,,,,,,,,,,,,,,,,,,,,,,,,,,,,,,,,
1819-01-04,,,,,,,,,,,,,,,,,,,,,,,,,,,,,,,,,,,,,
1819-01-11,,,,,,,,,,,,,,,,,,,,,,,,,,,,,,,,,,,,,
1819-01-18,,,,,,,,,,,,,,,,,,,,,,,,,,,,,,,,,,,,,
1819-01-25,,,,,,,,,,,,,,,,,,,,,,,,,,,,,,,,,,,,,
1819-02-01,,,,,,,,,,,,,,,,,,,,,,,,,,,,,,,,,,,,,
1819-02-08,,,,,,,,,,,,,,,,,,,,,,,,,,,,,,,,,,,,,
1819-02-15,,,,,,,,,,,,,,,,,,,,,,,,,,,,,,,,,,,,,
1819-02-20,,,,,,,,,,,,,,,,,,,,,,,,,,,,,,,,,,,,,
1819-03-01,,,,,,,,,,,,,,,,,,,,,,,,,,,,,,,,,,,,,
1819-03-08,,,,,,,,,,,,,,,,,,,,,,,,,,,,,,,,,,,,,
1819-03-15,,,,,,,,,,,,,,,,,,,,,,,,,,,,,,,,,,,,,
1819-03-22,,,,,,,,,,,,,,,,,,,,,,,,,,,,,,,,,,,,,
1819-03-29,,,,,,,,,,,,,,,,,,,,,,,,,,,,,,,,,,,,,
1819-04-05,,,,,,,,,,,,,,,,,,,,,,,,,,,,,,,,,,,,,
1819-04-12,,,,,,,,,,,,,,,,,,,,,,,,,,,,,,,,,,,,,
1819-04-19,,,,,,,,,,,,,,,,,,,,,,,,,,,,,,,,,,,,,
1819-04-26,,,,,,,,,,,,,,,,,,,,,,,,,,,,,,,,,,,,,
1819-05-03,,,,,,,,,,,,,,,,,,,,,,,,,,,,,,,,,,,,,
1819-05-10,,,,,,,,,,,,,,,,,,,,,,,,,,,,,,,,,,,,,
1819-05-17,,,,,,,,,,,,,,,,,,,,,,,,,,,,,,,,,,,,,
1819-05-24,,,,,,,,,,,,,,,,,,,,,,,,,,,,,,,,,,,,,
1819-05-31,,,,,,,,,,,,,,,,,,,,,,,,,,,,,,,,,,,,,
1819-06-07,,,,,,,,,,,,,,,,,,,,,,,,,,,,,,,,,,,,,
1819-06-14,,,,,,,,,,,,,,,,,,,,,,,,,,,,,,,,,,,,,
1819-06-21,,,,,,,,,,,,,,,,,,,,,,,,,,,,,,,,,,,,,
1819-06-28,,,,,,,,,,,,,,,,,,,,,,,,,,,,,,,,,,,,,
1819-07-05,,,,,,,,,,,,,,,,,,,,,,,,,,,,,,,,,,,,,
1819-07-12,,,,,,,,,,,,,,,,,,,,,,,,,,,,,,,,,,,,,
1819-07-19,,,,,,,,,,,,,,,,,,,,,,,,,,,,,,,,,,,,,
1819-07-26,,,,,,,,,,,,,,,,,,,,,,,,,,,,,,,,,,,,,
1819-08-02,,,,,,,,,,,,,,,,,,,,,,,,,,,,,,,,,,,,,
1819-08-09,,,,,,,,,,,,,,,,,,,,,,,,,,,,,,,,,,,,,
1819-08-16,,,,,,,,,,,,,,,,,,,,,,,,,,,,,,,,,,,,,
1819-08-23,,,,,,,,,,,,,,,,,,,,,,,,,,,,,,,,,,,,,
1819-08-30,,,,,,,,,,,,,,,,,,,,,,,,,,,,,,,,,,,,,
1819-09-06,,,,,,,,,,,,,,,,,,,,,,,,,,,,,,,,,,,,,
1819-09-13,,,,,,,,,,,,,,,,,,,,,,,,,,,,,,,,,,,,,
1819-09-20,,,,,,,,,,,,,,,,,,,,,,,,,,,,,,,,,,,,,
1819-09-27,,,,,,,,,,,,,,,,,,,,,,,,,,,,,,,,,,,,,
1819-10-04,,,,,,,,,,,,,,,,,,,,,,,,,,,,,,,,,,,,,
1819-10-11,,,,,,,,,,,,,,,,,,,,,,,,,,,,,,,,,,,,,
1819-10-18,,,,,,,,,,,,,,,,,,,,,,,,,,,,,,,,,,,,,
1819-10-25,,,,,,,,,,,,,,,,,,,,,,,,,,,,,,,,,,,,,
1819-11-01,,,,,,,,,,,,,,,,,,,,,,,,,,,,,,,,,,,,,
1819-11-08,,,,,,,,,,,,,,,,,,,,,,,,,,,,,,,,,,,,,
1819-11-15,,,,,,,,,,,,,,,,,,,,,,,,,,,,,,,,,,,,,
1819-11-22,,,,,,,,,,,,,,,,,,,,,,,,,,,,,,,,,,,,,
1819-11-29,,,,,,,,,,,,,,,,,,,,,,,,,,,,,,,,,,,,,
1819-12-06,,,,,,,,,,,,,,,,,,,,,,,,,,,,,,,,,,,,,
1819-12-13,,,,,,,,,,,,,,,,,,,,,,,,,,,,,,,,,,,,,
1819-12-20,,,,,,,,,,,,,,,,,,,,,,,,,,,,,,,,,,,,,
1819-12-27,,,,,,,,,,,,,,,,,,,,,,,,,,,,,,,,,,,,,
1820-01-03,,,,,,,,,,,,,,,,,,,,,,,,,,,,,,,,,,,,,
1820-01-10,,,,,,,,,,,,,,,,,,,,,,,,,,,,,,,,,,,,,
1820-01-17,,,,,,,,,,,,,,,,,,,,,,,,,,,,,,,,,,,,,
1820-01-24,,,,,,,,,,,,,,,,,,,,,,,,,,,,,,,,,,,,,
1820-01-31,,,,,,,,,,,,,,,,,,,,,,,,,,,,,,,,,,,,,
1820-02-07,,,,,,,,,,,,,,,,,,,,,,,,,,,,,,,,,,,,,
1820-02-14,,,,,,,,,,,,,,,,,,,,,,,,,,,,,,,,,,,,,
1820-02-21,,,,,,,,,,,,,,,,,,,,,,,,,,,,,,,,,,,,,
1820-02-28,,,,,,,,,,,,,,,,,,,,,,,,,,,,,,,,,,,,,
1820-03-06,,,,,,,,,,,,,,,,,,,,,,,,,,,,,,,,,,,,,
1820-03-13,,,,,,,,,,,,,,,,,,,,,,,,,,,,,,,,,,,,,
1820-03-20,,,,,,,,,,,,,,,,,,,,,,,,,,,,,,,,,,,,,
1820-03-27,,,,,,,,,,,,,,,,,,,,,,,,,,,,,,,,,,,,,
1820-04-03,,,,,,,,,,,,,,,,,,,,,,,,,,,,,,,,,,,,,
1820-04-10,,,,,,,,,,,,,,,,,,,,,,,,,,,,,,,,,,,,,
1820-04-17,,,,,,,,,,,,,,,,,,,,,,,,,,,,,,,,,,,,,
1820-04-24,,,,,,,,,,,,,,,,,,,,,,,,,,,,,,,,,,,,,
1820-05-01,,,,,,,,,,,,,,,,,,,,,,,,,,,,,,,,,,,,,
1820-05-08,,,,,,,,,,,,,,,,,,,,,,,,,,,,,,,,,,,,,
1820-05-15,,,,,,,,,,,,,,,,,,,,,,,,,,,,,,,,,,,,,
1820-05-22,,,,,,,,,,,,,,,,,,,,,,,,,,,,,,,,,,,,,
1820-05-29,,,,,,,,,,,,,,,,,,,,,,,,,,,,,,,,,,,,,
1820-06-05,,,,,,,,,,,,,,,,,,,,,,,,,,,,,,,,,,,,,
1820-06-12,,,,,,,,,,,,,,,,,,,,,,,,,,,,,,,,,,,,,
1820-06-19,,,,,,,,,,,,,,,,,,,,,,,,,,,,,,,,,,,,,
1820-06-26,,,,,,,,,,,,,,,,,,,,,,,,,,,,,,,,,,,,,
1820-07-03,,,,,,,,,,,,,,,,,,,,,,,,,,,,,,,,,,,,,
1820-07-10,,,,,,,,,,,,,,,,,,,,,,,,,,,,,,,,,,,,,
1820-07-17,,,,,,,,,,,,,,,,,,,,,,,,,,,,,,,,,,,,,
1820-07-24,,,,,,,,,,,,,,,,,,,,,,,,,,,,,,,,,,,,,
1820-07-31,,,,,,,,,,,,,,,,,,,,,,,,,,,,,,,,,,,,,
1820-08-07,,,,,,,,,,,,,,,,,,,,,,,,,,,,,,,,,,,,,
1820-08-14,,,,,,,,,,,,,,,,,,,,,,,,,,,,,,,,,,,,,
1820-08-21,,,,,,,,,,,,,,,,,,,,,,,,,,,,,,,,,,,,,
1820-08-28,,,,,,,,,,,,,,,,,,,,,,,,,,,,,,,,,,,,,
1820-09-04,,,,,,,,,,,,,,,,,,,,,,,,,,,,,,,,,,,,,
1820-09-11,,,,,,,,,,,,,,,,,,,,,,,,,,,,,,,,,,,,,
1820-09-18,,,,,,,,,,,,,,,,,,,,,,,,,,,,,,,,,,,,,
1820-09-25,,,,,,,,,,,,,,,,,,,,,,,,,,,,,,,,,,,,,
1820-10-02,,,,,,,,,,,,,,,,,,,,,,,,,,,,,,,,,,,,,
1820-10-09,,,,,,,,,,,,,,,,,,,,,,,,,,,,,,,,,,,,,
1820-10-16,,,,,,,,,,,,,,,,,,,,,,,,,,,,,,,,,,,,,
1820-10-23,,,,,,,,,,,,,,,,,,,,,,,,,,,,,,,,,,,,,
1820-10-30,,,,,,,,,,,,,,,,,,,,,,,,,,,,,,,,,,,,,
1820-11-06,,,,,,,,,,,,,,,,,,,,,,,,,,,,,,,,,,,,,
1820-11-13,,,,,,,,,,,,,,,,,,,,,,,,,,,,,,,,,,,,,
1820-11-20,,,,,,,,,,,,,,,,,,,,,,,,,,,,,,,,,,,,,
1820-11-27,,,,,,,,,,,,,,,,,,,,,,,,,,,,,,,,,,,,,
1820-12-04,,,,,,,,,,,,,,,,,,,,,,,,,,,,,,,,,,,,,
1820-12-11,,,,,,,,,,,,,,,,,,,,,,,,,,,,,,,,,,,,,
1820-12-18,,,,,,,,,,,,,,,,,,,,,,,,,,,,,,,,,,,,,
1820-12-25,,,,,,,,,,,,,,,,,,,,,,,,,,,,,,,,,,,,,
1821-04-30,,,,,,,,,,,,,,,,,,,,,,,,,,,,,,,,,,,,,
1821-05-07,,,,,,,,,,,,,,,,,,,,,,,,,,,,,,,,,,,,,
1821-05-14,,,,,,,,,,,,,,,,,,,,,,,,,,,,,,,,,,,,,
1821-05-21,,,,,,,,,,,,,,,,,,,,,,,,,,,,,,,,,,,,,
1821-05-28,,,,,,,,,,,,,,,,,,,,,,,,,,,,,,,,,,,,,
1821-06-04,,,,,,,,,,,,,,,,,,,,,,,,,,,,,,,,,,,,,
1821-06-11,,,,,,,,,,,,,,,,,,,,,,,,,,,,,,,,,,,,,
1821-06-18,,,,,,,,,,,,,,,,,,,,,,,,,,,,,,,,,,,,,
1821-06-25,,,,,,,,,,,,,,,,,,,,,,,,,,,,,,,,,,,,,
1821-07-02,,,,,,,,,,,,,,,,,,,,,,,,,,,,,,,,,,,,,
1821-07-09,,,,,,,,,,,,,,,,,,,,,,,,,,,,,,,,,,,,,
1821-07-16,,,,,,,,,,,,,,,,,,,,,,,,,,,,,,,,,,,,,
1821-07-23,,,,,,,,,,,,,,,,,,,,,,,,,,,,,,,,,,,,,
1821-07-30,,,,,,,,,,,,,,,,,,,,,,,,,,,,,,,,,,,,,
1821-08-06,,,,,,,,,,,,,,,,,,,,,,,,,,,,,,,,,,,,,
1821-08-13,,,,,,,,,,,,,,,,,,,,,,,,,,,,,,,,,,,,,
1821-08-20,,,,,,,,,,,,,,,,,,,,,,,,,,,,,,,,,,,,,
1821-08-27,,,,,,,,,,,,,,,,,,,,,,,,,,,,,,,,,,,,,
1821-09-03,,,,,,,,,,,,,,,,,,,,,,,,,,,,,,,,,,,,,
1821-09-10,,,,,,,,,,,,,,,,,,,,,,,,,,,,,,,,,,,,,
1821-09-17,,,,,,,,,,,,,,,,,,,,,,,,,,,,,,,,,,,,,
1821-09-24,,,,,,,,,,,,,,,,,,,,,,,,,,,,,,,,,,,,,
1821-10-01,,,,,,,,,,,,,,,,,,,,,,,,,,,,,,,,,,,,,
1821-10-08,,,,,,,,,,,,,,,,,,,,,,,,,,,,,,,,,,,,,
1821-10-15,,,,,,,,,,,,,,,,,,,,,,,,,,,,,,,,,,,,,
1821-10-22,,,,,,,,,,,,,,,,,,,,,,,,,,,,,,,,,,,,,
1821-10-29,,,,,,,,,,,,,,,,,,,,,,,,,,,,,,,,,,,,,
1821-11-05,,,,,,,,,,,,,,,,,,,,,,,,,,,,,,,,,,,,,
1821-11-12,,,,,,,,,,,,,,,,,,,,,,,,,,,,,,,,,,,,,
1821-11-19,,,,,,,,,,,,,,,,,,,,,,,,,,,,,,,,,,,,,
1821-11-26,,,,,,,,,,,,,,,,,,,,,,,,,,,,,,,,,,,,,
1821-12-03,,,,,,,,,,,,,,,,,,,,,,,,,,,,,,,,,,,,,
1821-12-10,,,,,,,,,,,,,,,,,,,,,,,,,,,,,,,,,,,,,
1821-12-17,,,,,,,,,,,,,,,,,,,,,,,,,,,,,,,,,,,,,
1821-12-24,,,,,,,,,,,,,,,,,,,,,,,,,,,,,,,,,,,,,
1821-12-31,,,,,,,,,,,,,,,,,,,,,,,,,,,,,,,,,,,,,
1822-01-07,,,,,,,,,,,,,,,,,,,,,,,,,,,,,,,,,,,,,
1822-01-14,,,,,,,,,,,,,,,,,,,,,,,,,,,,,,,,,,,,,
1822-01-21,,,,,,,,,,,,,,,,,,,,,,,,,,,,,,,,,,,,,
1822-01-28,,,,,,,,,,,,,,,,,,,,,,,,,,,,,,,,,,,,,
1822-02-04,,,,,,,,,,,,,,,,,,,,,,,,,,,,,,,,,,,,,
1822-02-11,,,,,,,,,,,,,,,,,,,,,,,,,,,,,,,,,,,,,
1822-02-18,,,,,,,,,,,,,,,,,,,,,,,,,,,,,,,,,,,,,
1822-02-25,,,,,,,,,,,,,,,,,,,,,,,,,,,,,,,,,,,,,
1822-03-04,,,,,,,,,,,,,,,,,,,,,,,,,,,,,,,,,,,,,
1822-03-11,,,,,,,,,,,,,,,,,,,,,,,,,,,,,,,,,,,,,
1822-03-18,,,,,,,,,,,,,,,,,,,,,,,,,,,,,,,,,,,,,
1822-03-25,,,,,,,,,,,,,,,,,,,,,,,,,,,,,,,,,,,,,
1822-04-01,,,,,,,,,,,,,,,,,,,,,,,,,,,,,,,,,,,,,
1822-04-08,,,,,,,,,,,,,,,,,,,,,,,,,,,,,,,,,,,,,
1822-04-15,,,,,,,,,,,,,,,,,,,,,,,,,,,,,,,,,,,,,
1822-04-22,,,,,,,,,,,,,,,,,,,,,,,,,,,,,,,,,,,,,
1822-04-29,,,,,,,,,,,,,,,,,,,,,,,,,,,,,,,,,,,,,
1822-05-06,,,,,,,,,,,,,,,,,,,,,,,,,,,,,,,,,,,,,
1822-05-13,,,,,,,,,,,,,,,,,,,,,,,,,,,,,,,,,,,,,
1822-05-20,,,,,,,,,,,,,,,,,,,,,,,,,,,,,,,,,,,,,
1822-05-27,,,,,,,,,,,,,,,,,,,,,,,,,,,,,,,,,,,,,
1822-06-03,,,,,,,,,,,,,,,,,,,,,,,,,,,,,,,,,,,,,
1822-06-10,,,,,,,,,,,,,,,,,,,,,,,,,,,,,,,,,,,,,
1822-06-17,,,,,,,,,,,,,,,,,,,,,,,,,,,,,,,,,,,,,
1822-06-24,,,,,,,,,,,,,,,,,,,,,,,,,,,,,,,,,,,,,
1822-07-01,,,,,,,,,,,,,,,,,,,,,,,,,,,,,,,,,,,,,
1822-07-08,,,,,,,,,,,,,,,,,,,,,,,,,,,,,,,,,,,,,
1822-07-15,,,,,,,,,,,,,,,,,,,,,,,,,,,,,,,,,,,,,
1822-07-22,,,,,,,,,,,,,,,,,,,,,,,,,,,,,,,,,,,,,
1822-07-29,,,,,,,,,,,,,,,,,,,,,,,,,,,,,,,,,,,,,
1822-08-05,,,,,,,,,,,,,,,,,,,,,,,,,,,,,,,,,,,,,
1822-08-12,,,,,,,,,,,,,,,,,,,,,,,,,,,,,,,,,,,,,
1822-08-19,,,,,,,,,,,,,,,,,,,,,,,,,,,,,,,,,,,,,
1822-08-26,,,,,,,,,,,,,,,,,,,,,,,,,,,,,,,,,,,,,
1822-09-02,,,,,,,,,,,,,,,,,,,,,,,,,,,,,,,,,,,,,
1822-09-09,,,,,,,,,,,,,,,,,,,,,,,,,,,,,,,,,,,,,
1822-09-16,,,,,,,,,,,,,,,,,,,,,,,,,,,,,,,,,,,,,
1822-09-23,,,,,,,,,,,,,,,,,,,,,,,,,,,,,,,,,,,,,
1822-09-30,,,,,,,,,,,,,,,,,,,,,,,,,,,,,,,,,,,,,
1822-10-07,,,,,,,,,,,,,,,,,,,,,,,,,,,,,,,,,,,,,
1822-10-14,,,,,,,,,,,,,,,,,,,,,,,,,,,,,,,,,,,,,
1822-10-21,,,,,,,,,,,,,,,,,,,,,,,,,,,,,,,,,,,,,
1822-10-28,,,,,,,,,,,,,,,,,,,,,,,,,,,,,,,,,,,,,
1822-11-04,,,,,,,,,,,,,,,,,,,,,,,,,,,,,,,,,,,,,
1822-11-11,,,,,,,,,,,,,,,,,,,,,,,,,,,,,,,,,,,,,
1822-11-18,,,,,,,,,,,,,,,,,,,,,,,,,,,,,,,,,,,,,
1822-11-25,,,,,,,,,,,,,,,,,,,,,,,,,,,,,,,,,,,,,
1822-12-02,,,,,,,,,,,,,,,,,,,,,,,,,,,,,,,,,,,,,
1822-12-09,,,,,,,,,,,,,,,,,,,,,,,,,,,,,,,,,,,,,
1822-12-16,,,,,,,,,,,,,,,,,,,,,,,,,,,,,,,,,,,,,
1822-12-23,,,,,,,,,,,,,,,,,,,,,,,,,,,,,,,,,,,,,
1822-12-30,,,,,,,,,,,,,,,,,,,,,,,,,,,,,,,,,,,,,
1823-01-06,,,,,,,,,,,,,,,,,,,,,,,,,,,,,,,,,,,,,
1823-01-13,,,,,,,,,,,,,,,,,,,,,,,,,,,,,,,,,,,,,
1823-01-20,,,,,,,,,,,,,,,,,,,,,,,,,,,,,,,,,,,,,
1823-01-27,,,,,,,,,,,,,,,,,,,,,,,,,,,,,,,,,,,,,
1823-02-03,,,,,,,,,,,,,,,,,,,,,,,,,,,,,,,,,,,,,
1823-02-10,,,,,,,,,,,,,,,,,,,,,,,,,,,,,,,,,,,,,
1823-02-17,,,,,,,,,,,,,,,,,,,,,,,,,,,,,,,,,,,,,
1823-02-24,,,,,,,,,,,,,,,,,,,,,,,,,,,,,,,,,,,,,
1823-03-03,,,,,,,,,,,,,,,,,,,,,,,,,,,,,,,,,,,,,
1823-03-10,,,,,,,,,,,,,,,,,,,,,,,,,,,,,,,,,,,,,
1823-03-17,,,,,,,,,,,,,,,,,,,,,,,,,,,,,,,,,,,,,
1823-03-24,,,,,,,,,,,,,,,,,,,,,,,,,,,,,,,,,,,,,
1823-03-31,,,,,,,,,,,,,,,,,,,,,,,,,,,,,,,,,,,,,
1823-04-07,,,,,,,,,,,,,,,,,,,,,,,,,,,,,,,,,,,,,
1823-04-14,,,,,,,,,,,,,,,,,,,,,,,,,,,,,,,,,,,,,
1823-04-21,,,,,,,,,,,,,,,,,,,,,,,,,,,,,,,,,,,,,
1823-04-28,,,,,,,,,,,,,,,,,,,,,,,,,,,,,,,,,,,,,
1823-05-05,,,,,,,,,,,,,,,,,,,,,,,,,,,,,,,,,,,,,
1823-05-12,,,,,,,,,,,,,,,,,,,,,,,,,,,,,,,,,,,,,
1823-05-19,,,,,,,,,,,,,,,,,,,,,,,,,,,,,,,,,,,,,
1823-05-26,,,,,,,,,,,,,,,,,,,,,,,,,,,,,,,,,,,,,
1823-06-02,,,,,,,,,,,,,,,,,,,,,,,,,,,,,,,,,,,,,
1823-06-09,,,,,,,,,,,,,,,,,,,,,,,,,,,,,,,,,,,,,
1823-06-16,,,,,,,,,,,,,,,,,,,,,,,,,,,,,,,,,,,,,
1823-06-23,,,,,,,,,,,,,,,,,,,,,,,,,,,,,,,,,,,,,
1823-06-30,,,,,,,,,,,,,,,,,,,,,,,,,,,,,,,,,,,,,
1823-07-07,,,,,,,,,,,,,,,,,,,,,,,,,,,,,,,,,,,,,
1823-07-14,,,,,,,,,,,,,,,,,,,,,,,,,,,,,,,,,,,,,
1823-07-21,,,,,,,,,,,,,,,,,,,,,,,,,,,,,,,,,,,,,
1823-07-28,,,,,,,,,,,,,,,,,,,,,,,,,,,,,,,,,,,,,
1823-08-04,,,,,,,,,,,,,,,,,,,,,,,,,,,,,,,,,,,,,
1823-08-11,,,,,,,,,,,,,,,,,,,,,,,,,,,,,,,,,,,,,
1823-08-18,,,,,,,,,,,,,,,,,,,,,,,,,,,,,,,,,,,,,
1823-08-25,,,,,,,,,,,,,,,,,,,,,,,,,,,,,,,,,,,,,
1823-09-01,,,,,,,,,,,,,,,,,,,,,,,,,,,,,,,,,,,,,
1823-09-08,,,,,,,,,,,,,,,,,,,,,,,,,,,,,,,,,,,,,
1825-05-02,,,,,,,,,,,,,,,,,,,,,,,,,,,,,,,,,,,,,
1825-05-09,,,,,,,,,,,,108.0,,,,,,,,,,,,,,,,,,,,,,,,,
1825-05-16,,,,,,,,,,,,108.0,,,,,,,,,,,,,,,,,,,,,,,,,
1825-05-23,,,,,,,,,,,,106.0,,,,,,,,,,,,,,,,,,,,,,,,,
1825-05-30,,,,,,,,,,,,106.0,,,,,,,,,,,,,,,,,,,,,,,,,
1825-06-06,,,,,,,,,,,,106.0,,,,,,,,,,,,,,,,,,,,,,,,,
1825-06-13,,,,,,,,,,,,105.0,,,,,,,,,,,,,,,,,,,,,,,,,
1825-06-20,,,,,,,,,,,,105.0,,,,,,,,,,,,,,,,,,,,,,,,,
1825-06-27,,,,,,,,,,,,105.0,,,,,,,,,,,,,,,,,,,,,,,,,
1825-07-04,,,,,,,,,,,,105.0,,,,,,,,,,,,,,,,,,,,,,,,,
1825-07-11,,,,,,,,,,,,105.0,,,,,,,,,,,,,,,,,,,,,,,,,
1825-07-16,,,,,,,,,,,,105.0,,,,,,,,,,,,,,,,,,,,,,,,,
1825-07-23,,,,,,,,,,,,105.0,,,,,,,,,,,,,,,,,,,,,,,,,
1825-07-30,,,,,,,,,,,,105.0,,,,,,,,,,,,,,,,,,,,,,,,,
1825-08-06,,,,,,,,,,,,105.0,,,,,,,,,,,,,,,,,,,,,,,,,
1825-08-13,,,,,,,,,,,,105.0,,,,,,,,,,,,,,,,,,,,,,,,,
1825-08-20,,,,,,,,,,,,106.0,,,,,,,,,,,,,,,,,,,,,,,,,
1825-08-27,,,,,,,,,,,,105.5,,,,,,,,,,,,,,,,,,,,,,,,,
1825-09-03,,,,,,,,,,,,106.0,,,,,,,,,,,,,,,,,,,,,,,,,
1825-09-10,,,,,,,,,,,,106.5,,,,,,,,,,,,,,,,,,,,,,,,,
1825-09-17,,,,,,,,,,,,106.5,,,,,,,,,,,,,,,,,,,,,,,,,
1825-09-24,,,,,,,,,,,,106.5,,,,,,,,,,,,,,,,,,,,,,,,,
1825-10-01,,,,,,,,,,,,105.0,,,,,,,,,,,,,,,,,,,,,,,,,
1825-10-08,,,,,,,,,,,,106.0,,,,,,,,,,,,,,,,,,,,,,,,,
1825-10-15,,,,,,,,,,,,106.0,,,,,,,,,,,,,,,,,,,,,,,,,
1825-10-22,,,,,,,,,,,,106.0,,,,,,,,,,,,,,,,,,,,,,,,,
1825-10-29,,,,,,,,,,,,106.0,,,,,,,,,,,,,,,,,,,,,,,,,
1825-11-05,,,,,,,,,,,,106.0,,,,,,,,,,,,,,,,,,,,,,,,,
1825-11-12,,,,,,,,,,,,106.0,,,,,,,,,,,,,,,,,,,,,,,,,
1825-11-19,,,,,,,,,,,,106.0,,,,,,,,,,,,,,,,,,,,,,,,,
1825-11-26,,,,,,,,,,,,106.0,,,,,,,,,,,,,,,,,,,,,,,,,
1825-12-03,,,,,,,,,,,,106.0,,,,,,,,,,,,,,,,,,,,,,,,,
1825-12-10,,,,,,,,,,,,106.0,,,,,,,,,,,,,,,,,,,,,,,,,
1825-12-17,,,,,,,,,,,,106.0,,,,,,,,,,,,,,,,,,,,,,,,,
1825-12-24,,,,,,,,,,,,106.0,,,,,,,,,,,,,,,,,,,,,,,,,
1825-12-31,,,,,,,,,,,,106.0,,,,,,,,,,,,,,,,,,,,,,,,,
1826-01-07,,,,,,,,,,,,106.0,,,,,,,,,,,,,,,,,,,,,,,,,
1826-01-14,,,,,,,,,,,,106.0,,,,,,,,,,,,,,,,,,,,,,,,,
1826-01-21,,,,,,,,,,,,106.0,,,,,,,,,,,,,,,,,,,,,,,,,
1826-01-28,,,,,,,,,,,,106.0,,,,,,,,,,,,,,,,,,,,,,,,,
1826-02-04,,,,,,,,,,,,106.0,,,,,,,,,,,,,,,,,,,,,,,,,
1826-02-11,,,,,,,,,,,,107.5,,,,,,,,,,,,,,,,,,,,,,,,,
1826-02-18,,,,,,,,,,,,107.5,,,,,,,,,,,,,,,,,,,,,,,,,
1826-02-25,,,,,,,,,,,,107.5,,,,,,,,,,,,,,,,,,,,,,,,,
1826-03-04,,,,,,,,,,,,107.5,,,,,,,,,,,,,,,,,,,,,,,,,
1826-03-11,,,,,,,,,,,,107.5,,,,,,,,,,,,,,,,,,,,,,,,,
1826-03-18,,,,,,,,,,,,105.0,,,,,,,,,,,,,,,,,,,,,,,,,
1826-03-25,,,,,,,,,,,,105.0,,,,,,,,,,,,,,,,,,,,,,,,,
1826-04-01,,,,,,,,,,,,105.0,,,,,,,,,,,,,,,,,,,,,,,,,
1826-04-08,,,,,,,,,,,,105.0,,,,,,,,,,,,,,,,,,,,,,,,,
1826-04-15,,,,,,,,,,,,105.0,,,,,,,,,,,,,,,,,,,,,,,,,
1826-04-22,,,,,,,,,,,,107.5,,,,,,,,,,,,,,,,,,,,,,,,,
1826-04-29,,,,,,,,,,,,107.5,,,,,,,,,,,,,,,,,,,,,,,,,
1826-05-06,,,,,,,,,,,,107.5,,,,,,,,,,,,,,,,,,,,,,,,,
1826-05-13,,,,,,,,,,,,107.5,,,,,,,,,,,,,,,,,,,,,,,,,
1826-05-20,,,,,,,,,,,,107.5,,,,,,,,,,,,,,,,,,,,,,,,,
1826-05-27,,,,,,,,,,,,107.5,,,,,,,,,,,,,,,,,,,,,,,,,
1826-06-03,,,,,,,,,,,,107.5,,,,,,,,,,,,,,,,,,,,,,,,,
1826-06-10,,,,,,,,,,,,107.5,,,,,,,,,,,,,,,,,,,,,,,,,
1826-06-17,,,,,,,,,,,,107.5,,,,,,,,,,,,,,,,,,,,,,,,,
1826-06-24,,,,,,,,,,,,107.5,,,,,,,,,,,,,,,,,,,,,,,,,
1826-07-01,,,,,,,,,,,,108.0,,,,,,,,,,,,,,,,,,,,,,,,,
1826-07-08,,,,,,,,,,,,108.0,,,,,,,,,,,,,,,,,,,,,,,,,
1826-07-15,,,,,,,,,,,,108.0,,,,,,,,,,,,,,,,,,,,,,,,,
1826-07-22,,,,,,,,,,,,108.0,,,,,,,,,,,,,,,,,,,,,,,,,
1826-07-29,,,,,,,,,,,,108.0,,,,,,,,,,,,,,,,,,,,,,,,,
1826-08-05,,,,,,,,,,,,108.0,,,,,,,,,,,,,,,,,,,,,,,,,
1826-08-12,,,,,,,,,,,,108.0,,,,,,,,,,,,,,,,,,,,,,,,,
1826-08-19,,,,,,,,,,,,106.0,,,,,,,,,,,,,,,,,,,,,,,,,
1826-08-26,,,,,,,,,,,,106.0,,,,,,,,,,,,,,,,,,,,,,,,,
1826-09-02,,,,,,,,,,,,106.0,,,,,,,,,,,,,,,,,,,,,,,,,
1826-09-09,,,,,,,,,,,,106.0,,,,,,,,,,,,,,,,,,,,,,,,,
1826-09-16,,,,,,,,,,,,106.0,,,,,,,,,,,,,,,,,,,,,,,,,
1826-09-23,,,,,,,,,,,,106.0,,,,,,,,,,,,,,,,,,,,,,,,,
1826-09-30,,,,,,,,,,,,106.0,,,,,,,,,,,,,,,,,,,,,,,,,
1826-10-07,,,,,,,,,,,,106.0,,,,,,,,,,,,,,,,,,,,,,,,,
1826-10-14,,,,,,,,,,,,106.0,,,,,,,,,,,,,,,,,,,,,,,,,
1826-10-21,,,,,,,,,,,,107.0,,,,,,,,,,,,,,,,,,,,,,,,,
1826-10-28,,,,,,,,,,,,107.0,,,,,,,,,,,,,,,,,,,,,,,,,
1826-11-04,,,,,,,,,,,,107.0,,,,,,,,,,,,,,,,,,,,,,,,,
1826-11-11,,,,,,,,,,,,107.0,,,,,,,,,,,,,,,,,,,,,,,,,
1826-11-18,,,,,,,,,,,,107.0,,,,,,,,,,,,,,,,,,,,,,,,,
1826-11-25,,,,,,,,,,,,107.0,,,,,,,,,,,,,,,,,,,,,,,,,
1826-12-02,,,,,,,,,,,,107.0,,,,,,,,,,,,,,,,,,,,,,,,,
1826-12-09,,,,,,,,,,,,107.0,,,,,,,,,,,,,,,,,,,,,,,,,
1826-12-16,,,,,,,,,,,,107.0,,,,,,,,,,,,,,,,,,,,,,,,,
1826-12-23,,,,,,,,,,,,107.0,,,,,,,,,,,,,,,,,,,,,,,,,
1826-12-30,,,,,,,,,,,,107.0,,,,,,,,,,,,,,,,,,,,,,,,,
1827-01-06,,,,,,,,,,,,109.0,,,,,,,,,,,,,,,,,,,,,,,,,
1827-01-13,,,,,,,,,,,,109.0,,,,,,,,,,,,,,,,,,,,,,,,,
1827-01-20,,,,,,,,,,,,109.0,,,,,,,,,,,,,,,,,,,,,,,,,
1827-01-27,,,,,,,,,,,,109.0,,,,,,,,,,,,,,,,,,,,,,,,,
1827-02-03,,,,,,,,,,,,109.0,,,,,,,,,,,,,,,,,,,,,,,,,
1827-02-10,,,,,,,,,,,,109.0,,,,,,,,,,,,,,,,,,,,,,,,,
1827-02-17,,,,,,,,,,,,109.0,,,,,,,,,,,,,,,,,,,,,,,,,
1827-02-24,,,,,,,,,,,,109.0,,,,,,,,,,,,,,,,,,,,,,,,,
1827-03-03,,,,,,,,,,,,109.0,,,,,,,,,,,,,,,,,,,,,,,,,
1827-03-10,,,,,,,,,,,,109.0,,,,,,,,,,,,,,,,,,,,,,,,,
1827-03-17,,,,,,,,,,,,109.0,,,,,,,,,,,,,,,,,,,,,,,,,
1827-03-24,,,,,,,,,,,,109.0,,,,,,,,,,,,,,,,,,,,,,,,,
1827-03-24,,,,,,,,,,,,109.0,,,,,,,,,,,,,,,,,,,,,,,,,
1827-04-07,,,,,,,,,,,,109.0,,,,,,,,,,,,,,,,,,,,,,,,,
1827-04-14,,,,,,,,,,,,109.0,,,,,,,,,,,,,,,,,,,,,,,,,
1827-04-21,,,,,,,,,,,,109.0,,,,,,,,,,,,,,,,,,,,,,,,,
1827-04-28,,,,,,,,,,,,109.0,,,,,,,,,,,,,,,,,,,,,,,,,
1827-05-26,,,,,,,,,,,,109.0,,,,,,,,,,,,,,,,,,,,,,,,,
1827-05-26,,,,,,,,,,,,107.0,,,,,,,,,,,,,,,,,107.5,97.0,,,,,,,
1827-06-02,,,,,,,,,,,,107.0,,,,,,,,,,,,,,,,,107.5,97.0,,,,,,,
1827-06-09,,,,,,,,,,,,,,,,,,,,,,,,,,,,,107.5,97.0,,,,,,,
1827-06-16,,,,,,,,,,,,107.5,,,,,,,,,,,,,,,,,107.5,97.0,,,,,,,
1827-06-23,,,,,,,,,,,,107.5,,,,,,,,,,,,,,,,,107.5,97.0,,,,,,,
1827-06-30,,,,,,,,,,,,107.5,,,,,,,,,,,,,,,,,107.5,97.0,,,,,,,
1827-07-07,,,,,,,,,,,,107.0,,,,,,,,,,,,,,,,,107.5,97.0,,,,,,,
1827-07-14,,,,,,,,,,,,108.0,,,,,,,,,,,,,,,,,106.0,97.0,,,,,,,
1827-07-21,,,,,,,,,,,,108.0,,,,,,,,,,,,,,,,,106.0,97.0,,,,,,,
1827-07-28,,,,,,,,,,,,108.0,,,,,,,,,,,,,,,,,106.0,97.0,,,,,,,
1827-08-04,,,,,,,,,,,,108.0,,,,,,,,,,,,,,,,,106.0,97.0,,,,,,,
1827-08-11,,,,,,,,,,,,108.0,,,,,,,,,,,,,,,,,108.0,97.0,,,,,,,
1827-08-18,,,,,,,,,,,,108.0,,,,,,,,,,,,,,,,,108.0,97.0,,,,,,,
1827-08-25,,,,,,,,,,,,108.0,,,,,,,,,,,,,,,,,108.0,97.0,,,,,,,
1827-09-01,,,,,,,,,,,,108.0,,,,,,,,,,,,,,,,,109.5,97.0,,,,,,,
1827-09-08,,,,,,,,,,,,108.0,,,,,,,,,,,,,,,,,109.5,97.0,,,,,,,
1827-09-15,,,,,,,,,,,,108.0,,,,,,,,,,,,,,,,,109.5,97.0,,,,,,,
1827-09-22,,,,,,,,,,,,108.0,,,,,,,,,,,,,,,,,109.5,97.0,,,,,,,
1827-09-29,,,,,,,,,,,,108.0,,,,,,,,,,,,,,,,,,,,,,,,,
1827-10-06,,,,,,,,,,,,108.0,,,,,,,,,,,,,,,,,110.0,97.0,,,,,,,
1827-10-13,,,,,,,,,,,,108.0,,,,,,,,,,,,,,,,,110.0,97.0,,,,,,,
1827-10-20,,,,,,,,,,,,108.0,,,,,,,,,,,,,,,,,110.0,97.0,,,,,,,
1827-10-27,,,,,,,,,,,,108.0,,,,,,,,,,,,,,,,,106.5,97.0,,,,,,,
1827-11-03,,,,,,,,,,,,108.0,,,,,,,,,,,,,,,,,106.5,97.0,,,,,,,
1827-11-10,,,,,,,,,,,,108.0,,,,,,,,,,,,,,,,,106.5,97.0,,,,,,,
1827-11-17,,,,,,,,,,,,108.0,,,,,,,,,,,,,,,,,107.5,97.0,,,,,,,
1827-11-24,,,,,,,,,,,,108.0,,,,,,,,,,,,,,,,,108.0,98.0,,,,,,,
1827-12-01,,,,,,,,,,,,108.0,,,,,,,,,,,,,,,,,108.0,98.0,,,,,,,
1827-12-08,,,,,,,,,,,,108.0,,,,,,,,,,,,,,,,,108.0,98.0,,,,,,,
1827-12-15,,,,,,,,,,,,108.0,,,,,,,,,,,,,,,,,108.0,98.0,,,,,,,
1827-12-22,,,,,,,,,,,,108.5,,,,,,,,,,,,,,,,,,,,,,,,,
1827-12-29,,,,,,,,,,,,108.5,,,,,,,,,,,,,,,,,107.5,97.5,,,,,,,
1828-01-05,,,,,,,,,,,,108.5,,,,,,,,,,,,,,,,,107.0,97.5,,,,,,,
1828-01-12,,,,,,,,,,,,108.5,,,,,,,,,,,,,,,,,107.5,97.5,,,,,,,
1828-01-19,,,,,,,,,,,,108.5,,,,,,,,,,,,,,,,,107.5,98.0,,,,,,,
1828-01-26,,,,,,,,,,,,109.0,,,,,,,,,,,,,,,,,,,,,,,,,
1828-02-02,,,,,,,,,,,,109.0,,,,,,,,,,,,,,,,,107.5,98.0,,,,,,,
1828-02-09,,,,,,,,,,,,109.0,,,,,,,,,,,,,,,,,107.5,98.0,,,,,,,
1828-02-16,,,,,,,,,,,,109.0,,,,,,,,,,,,,,,,,107.5,98.0,,,,,,,
1828-02-23,,,,,,,,,,,,109.0,,,,,,,,,,,,,,,,,107.5,98.0,,,,,,,
1828-03-01,,,,,,,,,,,,109.0,,,,,,,,,,,,,,,,,107.5,98.0,,,,,,,
1828-03-08,,,,,,,,,,,,106.0,,,,,,,,,,,,,,,,,107.5,98.0,,,,,,,
1828-03-15,,,,,,,,,,,,106.0,,,,,,,,,,,,,,,,,107.5,98.0,,,,,,,
1828-03-22,,,,,,,,,,,,106.0,,,,,,,,,,,,,,,,,,,,,,,,,
1828-03-29,,,,,,,,,,,,106.0,,,,,,,,,,,,,,,,,107.5,98.0,,,,,,,
1828-04-05,,,,,,,,,,,,106.0,,,,,,,,,,,,,,,,,107.5,98.0,,,,,,,
1828-04-12,,,,,,,,,,,,105.5,,,,,,,,,,,,,,,,,107.5,98.0,,,,,,,
1828-04-19,,,,,,,,,,,,105.0,,,,,,,,,,,,,,,,,106.0,97.0,,,,,,,
1828-04-26,,,,,,,,,,,,105.0,,,,,,,,,,,,,,,,,106.0,97.0,,,,,,,
1828-05-03,,,,,,,,,,,,105.0,,,,,,,,,,,,,,,,,106.0,97.0,,,,,,,
1828-05-10,,,,,,,,,,,,105.0,,,,,,,,,,,,,,,,,106.0,97.0,,,,,,,
1828-05-17,,,,,,,,,,,,105.0,,,,,,,,,,,,,,,,,106.0,97.0,,,,,,,
1828-05-24,,,,,,,,,,,,105.0,,,,,,,,,,,,,,,,,107.5,97.0,,,,,,,
1828-05-31,,,,,,,,,,,,105.0,,,,,,,,,,,,,,,,,107.5,97.0,,,,,,,
1828-06-07,,,,,,,,,,,,104.5,,,,,,,,,,,,,,,,,108.0,97.0,,,,,,,
1828-06-14,,,,,,,,,,,,104.5,,,,,,,,,,,,,,,,,108.0,97.0,,,,,,,
1828-06-21,,,,,,,,,,,,104.5,,,,,,,,,,,,,,,,,108.0,97.0,,,,,,,
1828-06-28,,,,,,,,,,,,104.5,,,,,,,,,,,,,,,,,108.0,97.0,,,,,,,
1828-07-05,,,,,,,,,,,,104.5,,,,,,,,,,,,,,,,,108.0,97.0,,,,,,,
1828-07-12,,,,,,,,,,,,104.5,,,,,,,,,,,,,,,,,108.0,97.0,,,,,,,
1828-07-19,,,,,,,,,,,,105.0,,,,,,,,,,,,,,,,,108.0,97.0,,,,,,,
1828-07-26,,,,,,,,,,,,105.0,,,,,,,,,,,,,,,,,109.0,98.0,,,,,,,
1828-08-02,,,,,,,,,,,,105.0,,,,,,,,,,,,,,,,,109.0,98.0,,,,,,,
1828-08-09,,,,,,,,,,,,105.0,,,,,,,,,,,,,,,,,110.25,98.0,,,,,,,
1828-08-16,,,,,,,,,,,,105.0,,,,,,,,,,,,,,,,,110.25,98.0,,,,,,,
1828-08-23,,,,,,,,,,,,105.0,,,,,,,,,,,,,,,,,110.25,98.0,,,,,,,
1828-08-30,,,,,,,,,,,,105.0,,,,,,,,,,,,,,,,,110.25,98.0,,,,,,,
1828-09-06,,,,,,,,,,,,105.0,,,,,,,,,,,,,,,,,112.5,101.0,,,,,,,
1828-09-13,,,,,,,,,,,,105.0,,,,,,,,,,,,,,,,,113.5,101.0,,,,,,,
1828-09-20,,,,,,,,,,,,105.0,,,,,,,,,,,,,,,,,113.5,101.0,,,,,,,
1828-09-27,,,,,,,,,,,,104.5,,,,,,,,,,,,,,,,,113.0,101.0,,,,,,,
1828-10-04,,,,,,,,,,,,104.5,,,,,,,,,,,,,,,,,113.0,101.0,,,,,,,
1828-10-11,,,,,,,,,,,,104.0,,,,,,,,,,,,,,,,,113.0,101.0,,,,,,,
1828-10-18,,,,,,,,,,,,104.0,,,,,,,,,,,,,,,,,113.0,101.0,,,,,,,
1828-10-25,,,,,,,,,,,,104.0,,,,,,,,,,,,,,,,,113.0,101.0,,,,,,,
1828-11-01,,,,,,,,,,,,104.0,,,,,,,,,,,,,,,,,113.5,101.0,,,,,,,
1828-11-08,,,,,,,,,,,,104.0,,,,,,,,,,,,,,,,,113.5,101.0,,,,,,,
1828-11-15,,,,,,,,,,,,104.0,,,,,,,,,,,,,,,,,113.5,101.0,,,,,,,
1828-11-22,,,,,,,,,,,,104.0,,,,,,,,,,,,,,,,,113.5,101.0,,,,,,,
1828-11-29,,,,,,,,,,,,104.0,,,,,,,,,,,,,,,,,113.5,101.0,,,,,,,
1828-12-06,,,,,,,,,,,,103.0,,,,,,,,,,,,,,,,,113.5,101.0,,,,,,,
1828-12-13,,,,,,,,,,,,,,,,,,,,,,,,,,,,,113.5,101.0,,,,,,,
1828-12-20,,,,,,,,,,,,103.0,,,,,,,,,,,,,,,,,113.5,101.0,,,,,,,
1828-12-27,,,,,,,,,,,,103.0,,,,,,,,,,,,,,,,,114.0,101.0,,,,,,,
1829-01-03,,,,,,,,,,,,103.0,,,,,,,,,,,,,,,,,114.0,101.0,,,,,,,
1829-01-10,,,,,,,,,,,,102.75,,,,,,,,,,,,,,,,,114.0,101.0,,,,,,,
1829-01-17,,,,,,,,,,,,102.75,,,,,,,,,,,,,,,,,114.5,101.0,,,,,,,
1829-01-24,,,,,,,,,,,,102.75,,,,,,,,,,,,,,,,,117.5,105.0,,,,,,,
1829-02-07,,,,,,,,,,,,101.0,,,,,,,,,,,,,,,,,117.5,105.0,,,,,,,
1829-02-14,,,,,,,,,,,,100.75,,,,,,,,,,,,,,,,,117.5,107.0,,,,,,,
1829-02-21,,,,,,,,,,,,100.75,,,,,,,,,,,,,,,,,117.5,107.0,,,,,,,
1829-02-28,,,,,,,,,,,,100.75,,,,,,,,,,,,,,,,,117.5,107.0,,,,,,,
1829-03-07,,,,,,,,,,,,100.75,,,,,,,,,,,,,,,,,117.5,107.0,,,,,,,
1829-03-14,,,,,,,,,,,,,,,,,,,,,,,,,,,,,118.0,107.0,,,,,,,
1829-03-21,,,,,,,,,,,,100.75,,,,,,,,,,,,,,,,,118.5,107.0,,,,,,,
1829-03-28,,,,,,,,,,,,100.5,,,,,,,,,,,,,,,,,119.5,108.0,,,,,,,
1829-04-04,,,,,,,,,,,,100.5,,,,,,,,,,,,,,,,,120.0,108.0,,,,,,,
1829-04-11,,,,,,,,,,,,100.5,,,,,,,,,,,,,,,,,120.0,108.0,,,,,,,
1829-04-18,,,,,,,,,,,,,,,,,,,,,,,,,,,,,120.0,108.0,,,,,,,
1829-04-25,,,,,,,,,,,,100.75,,,,,,,,,,,,,,,,,118.0,108.0,,,,,,,
1829-05-02,,,,,,,,,,,,100.75,,,,,,,,,,,,,,,,,118.0,108.0,,,,,,,
1829-05-09,,,,,,,,,,,,100.75,,,,,,,,,,,,,,,,,118.0,108.0,,,,,,,
1829-05-16,,,,,,,,,,,,100.75,,,,,,,,,,,,,,,,,118.0,108.0,,,,,,,
1829-05-23,,,,,,,,,,,,100.75,,,,,,,,,,,,,,,,,118.0,108.0,,,,,,,
1829-05-30,,,,,,,,,,,,101.0,,,,,,,,,,,,,,,,,118.0,108.0,,,,,,,
1829-06-06,,,,,,,,,,,,101.0,,,,,,,,,,,,,,,,,118.0,108.0,,,,,,,
1829-06-13,,,,,,,,,,,,,,,,,,,,,,,,,,,,,118.0,108.0,,,,,,,
1829-06-20,,,,,,,,,,,,101.0,,,,,,,,,,,,,,,,,118.0,108.0,,,,,,,
1829-06-27,,,,,,,,,,,,101.0,,,,,,,,,,,,,,,,,118.0,108.0,,,,,,,
1829-07-04,,,,,,,,,,,,101.0,,,,,,,,,,,,,,,,,118.0,108.0,,,,,,,
1829-07-11,,,,,,,,,,,,101.0,,,,,,,,,,,,,,,,,118.0,108.0,,,,,,,
1829-07-18,,,,,,,,,,,,102.0,,,,,,,,,,,,,,,,,118.25,108.0,,,,,,,
1829-07-25,,,,,,,,,,,,102.0,,,,,,,,,,,,,,,,,118.25,108.0,,,,,,,
1829-08-01,,,,,,,,,,,,102.25,,,,,,,,,,,,,,,,,118.25,108.0,,,,,,,
1829-08-08,,,,,,,,,,,,99.75,,,,,,,,,,,,,,,,,118.75,108.0,,,,,,,
1829-08-15,,,,,,,,,,,,99.75,,,,,,,,,,,,,,,,,119.0,108.0,,,,,,,
1829-08-22,,,,,,,,,,,,99.75,,,,,,,,,,,,,,,,,119.25,108.0,,,,,,,
1829-08-29,,,,,,,,,,,,99.75,,,,,,,,,,,,,,,,,119.25,108.0,,,,,,,
1829-09-05,,,,,,,,,,,,99.75,,,,,,,,,,,,,,,,,119.25,108.0,,,,,,,
1829-09-12,,,,,,,,,,,,99.75,,,,,,,,,,,,,,,,,119.25,108.0,,,,,,,
1829-09-19,,,,,,,,,,,,99.75,,,,,,,,,,,,,,,,,119.25,108.0,,,,,,,
1829-09-26,,,,,,,,,,,,100.0,,,,,,,,,,,,,,,,,119.25,108.0,,,,,,,
1829-10-03,,,,,,,,,,,,100.0,,,,,,,,,,,,,,,,,119.25,108.0,,,,,,,
1829-10-10,,,,,,,,,,,,100.0,,,,,,,,,,,,,,,,,119.25,108.0,,,,,,,
1829-10-17,,,,,,,,,,,,100.0,,,,,,,,,,,,,,,,,119.25,108.0,,,,,,,
1829-10-24,,,,,,,,,,,,100.0,,,,,,,,,,,,,,,,,117.0,105.0,,,,,,,
1829-10-31,,,,,,,,,,,,100.0,,,,,,,,,,,,,,,,,117.0,105.0,,,,,,,
1829-11-07,,,,,,,,,,,,100.0,,,,,,,,,,,,,,,,,117.0,105.0,,,,,,,
1829-11-14,,,,,,,,,,,,100.0,,,,,,,,,,,,,,,,,117.0,105.0,,,,,,,
1829-11-21,,,,,,,,,,,,100.0,,,,,,,,,,,,,,,,,117.0,105.0,,,,,,,
1829-11-28,,,,,,,,,,,,100.5,,,,,,,,,,,,,,,,,116.25,105.0,,,,,,,
1829-12-05,,,,,,,,,,,,100.5,,,,,,,,,,,,,,,,,116.25,105.0,,,,,,,
1829-12-12,,,,,,,,,,,,100.5,,,,,,,,,,,,,,,,,116.25,105.0,,,,,,,
1829-12-19,,,,,,,,,,,,100.5,,,,,,,,,,,,,,,,,116.25,105.0,,,,,,,
1829-12-26,,,,,,,,,,,,100.5,,,,,,,,,,,,,,,,,116.5,105.0,,,,,,,
1830-01-02,,,,,,,,,,,,101.5,,,,,,,,,,,,,,,,,116.5,105.0,,,,,,,
1830-01-09,,,,,,,,,,,,102.5,,,,,,,,,,,,,,,,,117.0,105.0,,,,,,,
1830-01-16,,,,,,,,,,,,103.75,,,,,,,,,,,,,,,,,117.0,105.0,,,,,,,
1830-01-23,,,,,,,,,,,,102.0,,,,,,,,,,,,,,,,,117.0,105.0,,,,,,,
1830-01-30,,,,,,,,,,,,102.0,,,,,,,,,,,,,,,,,117.0,105.0,,,,,,,
1830-02-06,,,,,,,,,,,,102.0,,,,,,,,,,,,,,,,,117.0,105.0,,,,,,,
1830-02-13,,,,,,,,,,,,102.0,,,,,,,,,,,,,,,,,118.25,105.0,,,,,,,
1830-02-20,,,,,,,,,,,,102.0,,,,,,,,,,,,,,,,,118.25,105.0,,,,,,,
1830-02-27,,,,,,,,,,,,103.0,,,,,,,,,,,,,,,,,118.25,105.0,,,,,,,
1830-03-06,,,,,,,,,,,,103.0,,,,,,,,,,,,,,,,,118.33,105.0,,,,,,,
1830-03-13,,,,,,,,,,,,103.0,,,,,,,,,,,,,,,,,118.33,105.0,,,,,,,
1830-03-20,,,,,,,,,,,,104.0,,,,,,,,,,,,,,,,,118.33,105.0,,,,,,,
1830-03-27,,,,,,,,,,,,104.0,,,,,,,,,,,,,,,,,118.5,105.0,,,,,,,
1830-04-03,,,,,,,,,,,,104.0,,,,,,,,,,,,,,,,,119.5,105.0,,,,,,,
1830-04-10,,,,,,,,,,,,104.5,,,,,,,,,,,,,,,,,119.5,105.0,,,,,,,
1830-04-17,,,,,,,,,,,,105.0,,,,,,,,,,,,,,,,,118.5,104.0,,,,,,,
1830-04-24,,,,,,,,,,,,105.0,,,,,,,,,,,,,,,,,119.5,111.5,,,,,,,
1830-05-01,,,,,,,,,,,,105.0,,,,,,,,,,,,,,,,,120.0,111.5,,,,,,,
1830-05-08,,,,,,,,,,,,105.5,,,,,,,,,,,,,,,,,,,,,,,,,
1830-05-15,,,,,,,,,,,,106.0,,,,,,,,,,,,,,,,,,,,,,,,,
1830-05-22,,,,,,,,,,,,106.0,,,,,,,,,,,,,,,,,,,,,,,,,
1830-05-29,,,,,,,,,,,,107.0,,,,,,,,,,,,,,,,,,,,,,,,,
1830-06-05,,,,,,,,,,,,107.0,,,,,,,,,,,,,,,,,,,,,,,,,
1830-06-12,,,,,,,,,,,,108.0,,,,,,,,,,,,,,,,,,,,,,,,,
1830-06-19,,,,,,,,,,,,108.0,,,,,,,,,,,,,,,,,,,,,,,,,
1830-06-26,,,,,,,,,,,,108.0,,,,,,,,,,,,,,,,,,,,,,,,,
1830-07-03,,,,,,,,,,,,108.0,,,,,,,,,,,,,,,,,,,,,,,,,
1830-07-10,,,,,,,,,,,,108.0,,,,,,,,,,,,,,,,,,,,,,,,,
1830-07-17,,,,,,,,,,,,108.0,,,,,,,,,,,,,,,,,,,,,,,,,
1830-07-24,,,,,,,,,,,,108.0,,,,,,,,,,,,,,,,,,,,,,,,,
1830-07-31,,,,,,,,,,,,108.0,,,,,,,,,,,,,,,,,,,,,,,,,
1830-08-07,,,,,,,,,,,,108.0,,,,,,,,,,,,,,,,,,,,,,,,,
1830-08-14,,,,,,,,,,,,108.0,,,,,,,,,,,,,,,,,,,,,,,,,
1830-08-21,,,,,,,,,,,,108.0,,,,,,,,,,,,,,,,,,,,,,,,,
1830-08-28,,,,,,,,,,,,108.0,,,,,,,,,,,,,,,,,,,,,,,,,
1830-09-04,,,,,,,,,,,,108.0,,,,,,,,,,,,,,,,,,,,,,,,,
1830-09-11,,,,,,,,,,,,108.0,,,,,,,,,,,,,,,,,,,,,,,,,
1830-09-18,,,,,,,,,,,,108.0,,,,,,,,,,,,,,,,,,,,,,,,,
1830-09-25,,,,,,,,,,,,108.0,,,,,,,,,,,,,,,,,,,,,,,,,
1830-10-02,,,,,,,,,,,,108.0,,,,,,,,,,,,,,,,,,,,,,,,,
1830-10-09,,,,,,,,,,,,108.0,,,,,,,,,,,,,,,,,,,,,,,,,
1830-10-16,,,,,,,,,,,,108.0,,,,,,,,,,,,,,,,,,,,,,,,,
1830-10-23,,,,,,,,,,,,108.0,,,,,,,,,,,,,,,,,,,,,,,,,
1830-10-30,,,,,,,,,,,,108.0,,,,,,,,,,,,,,,,,,,,,,,,,
1830-11-06,,,,,,,,,,,,108.0,,,,,,,,,,,,,,,,,,,,,,,,,
1830-11-13,,,,,,,,,,,,108.0,,,,,,,,,,,,,,,,,,,,,,,,,
1830-11-20,,,,,,,,,,,,108.0,,,,,,,,,,,,,,,,,,,,,,,,,
1830-11-27,,,,,,,,,,,,108.0,,,,,,,,,,,,,,,,,,,,,,,,,
1830-12-04,,,,,,,,,,,,108.0,,,,,,,,,,,,,,,,,,,,,,,,,
1830-12-11,,,,,,,,,,,,108.0,,,,,,,,,,,,,,,,,,,,,,,,,
1830-12-18,,,,,,,,,,,,108.0,,,,,,,,,,,,,,,,,,,,,,,,,
1830-12-25,,,,,,,,,,,,108.0,,,,,,,,,,,,,,,,,,,,,,,,,
1831-01-01,,,,,,,,,,,,108.0,,,,,,,,,,,,,,,,,,,,,,,,,
1831-01-08,,,,,,,,,,,,108.0,,,,,,,,,,,,,,,,,,,,,,,,,
1831-01-15,,,,,,,,,,,,108.0,,,,,,,,,,,,,,,,,,,,,,,,,
1831-01-22,,,,,,,,,,,,108.0,,,,,,,,,,,,,,,,,,,,,,,,,
1831-01-29,,,,,,,,,,,,107.75,,,,,,,,,,,,,,,,,,,,,,,,,
1831-02-05,,,,,,,,,,,,107.25,,,,,,,,,,,,,,,,,,,,,,,,,
1831-02-12,,,,,,,,,,,,107.25,,,,,,,,,,,,,,,,,,,,,,,,,
1831-02-19,,,,,,,,,,,,107.25,,,,,,,,,,,,,,,,,,,,,,,,,
1831-02-26,,,,,,,,,,,,107.5,,,,,,,,,,,,,,,,,,,,,,,,,
1831-03-05,,,,,,,,,,,,107.5,,,,,,,,,,,,,,,,,,,,,,,,,
1831-03-12,,,,,,,,,,,,107.5,,,,,,,,,,,,,,,,,,,,,,,,,
1831-03-19,,,,,,,,,,,,107.5,,,,,,,,,,,,,,,,,,,,,,,,,
1831-03-26,,,,,,,,,,,,107.5,,,,,,,,,,,,,,,,,,,,,,,,,
1831-04-02,,,,,,,,,,,,107.5,,,,,,,,,,,,,,,,,,,,,,,,,
1831-04-09,,,,,,,,,,,,107.25,,,,,,,,,,,,,,,,,,,,,,,,,
1831-04-16,,,,,,,,,,,,107.25,,,,,,,,,,,,,,,,,,,,,,,,,
1831-04-23,,,,,,,,,,,,107.5,,,,,,,,,,,,,,,,,,,,,,,,,
1831-04-30,,,,,,,,,,,,107.75,,,,,,,,,,,,,,,,,,,,,,,,,
1831-05-07,,,,,,,,,,,,108.0,,,,,,,,,,,,,,,,,,,,,,,,,
1831-05-14,,,,,,,,,,,,108.0,,,,,,,,,,,,,,,,,,,,,,,,,
1831-05-21,,,,,,,,,,,,108.25,,,,,,,,,,,,,,,,,,,,,,,,,
1831-05-28,,,,,,,,,,,,108.25,,,,,,,,,,,,,,,,,,,,,,,,,
1831-06-04,,,,,,,,,,,,108.25,,,,,,,,,,,,,,,,,,,,,,,,,
1831-06-11,,,,,,,,,,,,108.75,,,,,,,,,,,,,,,,,,,,,,,,,
1831-06-18,,,,,,,,,,,,108.75,,,,,,,,,,,,,,,,,,,,,,,,,
1831-06-25,,,,,,,,,,,,108.75,,,,,,,,,,,,,,,,,,,,,,,,,
1831-07-02,,,,,,,,,,,,110.5,,,,,,,,,,,,,,,,,,,,,,,,,
1831-07-09,,,,,,,,,,,,111.5,,,,,,,,,,,,,,,,,,,,,,,,,
1831-07-16,,,,,,,,,,,,112.0,,,,,,,,,,,,,,,,,,,,,,,,,
1831-07-23,,,,,,,,,,,,,106.5,108.0,108.5,110.25,111.5,,112.0,,112.0,112.5,,,,,,,120.0,111.25,,,,,,,
1831-07-30,,,,,,,,,,,,,104.0,108.0,108.5,110.5,111.5,,112.0,,112.0,112.5,,,,,,,121.0,111.5,,,,,,,
1831-08-07,,,,,,,,,,,,,104.0,108.0,108.5,110.5,111.5,,112.0,,112.0,112.5,,,,,,,121.0,111.5,,,,,,,
1831-08-13,,,,,,,,,,,,,104.0,108.0,109.0,110.5,111.5,,112.0,,112.0,112.5,,,,,,,121.0,112.0,,,,,,,
1831-08-20,,,,,,,,,,,,,104.0,108.0,109.0,110.5,111.5,,112.0,,112.0,112.5,,,,,,,121.0,112.0,,,,,,,
1831-08-27,,,,,,,,,,,,,104.0,108.0,109.0,110.5,111.5,,112.0,,112.0,112.5,,,,,,,121.0,112.0,,,,,,,
1831-09-03,,,,,,,,,,,,,104.0,108.0,109.0,110.5,111.5,,112.0,,112.5,112.5,,,,,,,121.0,112.0,,,,,,,
1831-09-10,,,,,,,,,,,,,104.0,108.0,109.0,110.5,111.5,,112.0,,112.5,112.5,,,,,,,121.0,112.0,,,,,,,
1831-09-17,,,,,,,,,,,,,104.0,108.0,109.0,110.5,111.5,,112.0,,112.5,113.0,,,,,,,121.0,112.0,,,,,,,
1831-09-24,,,,,,,,,,,,,104.0,108.0,109.0,110.5,111.5,,112.0,,112.5,113.0,,,,,,,120.0,110.0,,,,,,,
1831-09-28,,,,,,,,,,,,,102.0,107.5,107.5,110.5,111.0,,111.5,,111.5,112.0,,,,,,,120.0,110.0,,,,,,,
1831-10-08,,,,,,,,,,,,,102.0,107.5,107.5,110.5,111.0,,111.5,,111.5,112.0,,,,,,,120.0,110.0,,,,,,,
1831-10-15,,,,,,,,,,,,,102.0,107.5,107.5,110.5,111.0,,111.5,,111.5,113.0,,,,,,,120.0,110.0,,,,,,,
1831-10-22,,,,,,,,,,,,,102.0,107.5,107.5,110.5,111.0,,111.5,,111.5,113.0,,,,,,,121.0,110.0,,,,,,,
1831-10-29,,,,,,,,,,,,,102.0,107.5,107.5,110.5,111.0,,111.5,,111.5,113.0,,,,,,,121.0,110.0,,,,,,,
1831-11-05,,,,,,,,,,,,,102.0,107.25,107.5,109.0,111.0,,111.5,,111.5,113.0,,,,,,,121.0,110.0,,,,,,,
1831-11-12,,,,,,,,,,,,,102.0,107.25,107.5,109.0,111.0,,111.5,,111.5,113.0,,,,,,,121.0,110.0,,,,,,,
1831-11-19,,,,,,,,,,,,,102.0,107.25,107.5,109.0,111.0,,111.5,,111.5,113.0,,,,,,,121.0,110.0,,,,,,,
1831-11-26,,,,,,,,,,,,,102.0,107.25,107.5,108.0,111.0,,111.5,,111.5,112.5,,,,,,,121.0,110.0,,,,,,,
1831-12-03,,,,,,,,,,,,,102.0,107.25,107.5,108.0,111.0,,111.5,,111.5,112.5,,,,,,,122.0,110.0,,,,,,,
1831-12-10,,,,,,,,,,,,,102.0,107.25,107.5,108.0,111.0,,111.5,,111.5,112.5,,,,,,,122.0,110.0,,,,,,,
1831-12-17,,,,,,,,,,,,,102.0,107.25,107.5,108.0,111.0,,111.5,,111.5,112.5,,,,,,,122.0,110.0,,,,,,,
1831-12-24,,,,,,,,,,,,,102.0,107.25,107.5,108.0,111.0,,112.5,,112.75,113.0,,,,,,,123.0,110.0,,,,,,,
1831-12-31,,,,,,,,,,,,,102.0,107.25,107.5,108.0,111.0,,113.0,,113.0,113.0,,,,,,,123.0,110.0,,,,,,,
1832-01-07,,,,,,,,,,,,,103.0,107.25,107.5,109.0,111.0,,113.5,,114.5,113.5,,,,,,,121.0,109.0,,,,,,,
1832-01-14,,,,,,,,,,,,,103.0,107.25,107.5,109.0,111.0,,114.0,,114.5,114.5,,,,,,,121.5,109.0,,,,,,,
1832-01-21,,,,,,,,,,,,,102.0,107.25,107.5,109.0,111.0,,114.0,,114.5,114.5,,,,,,,121.5,109.0,,,,,,,
1832-01-28,,,,,,,,,,,,,102.0,107.25,107.5,109.0,113.0,,115.0,,115.5,115.5,,,,,,,122.5,109.0,,,,,,,
1832-02-04,,,,,,,,,,,,,102.0,107.25,107.5,109.0,112.0,,112.5,,113.5,114.0,,,,,,,123.0,109.0,,,,,,,
1832-02-11,,,,,,,,,,,,,102.5,107.25,109.0,109.0,112.0,,112.5,,113.5,114.0,,,,,,,124.25,112.0,,,,,,,
1832-02-18,,,,,,,,,,,,,102.5,107.25,110.25,111.0,112.0,,113.5,,114.5,114.5,,,,,,,124.25,112.0,,,,,,,
1832-02-25,,,,,,,,,,,,,102.5,107.25,110.25,111.5,112.5,,114.0,,115.0,115.0,,,,,,,125.0,112.0,,,,,,,
1832-03-03,,,,,,,,,,,,,102.5,107.25,110.25,112.0,113.0,,114.0,,115.0,115.0,,,,,,,125.0,112.0,,,,,,,
1832-03-10,,,,,,,,,,,,,102.5,107.25,110.25,112.0,113.0,,114.0,,115.0,115.0,,,,,,,125.0,112.0,,,,,,,
1832-03-17,,,,,,,,,,,,,103.0,107.25,110.25,111.5,112.5,,113.5,,115.0,115.0,,,,,,,125.0,112.0,,,,,,,
1832-03-24,,,,,,,,,,,,,103.0,109.0,110.25,111.5,112.5,,113.5,,115.0,115.5,,,,,,,125.0,112.0,,,,,,,
1832-03-31,,,,,,,,,,,,,103.0,109.0,110.5,111.5,112.5,,113.5,,115.0,115.5,,,,,,,125.0,112.0,,,,,,,
1832-04-07,,,,,,,,,,,,,103.0,109.0,110.5,111.5,112.5,,113.5,,115.0,115.5,,,,,,,124.0,112.0,,,,,,,
1832-04-14,,,,,,,,,,,,,,,,,,,,,,,,,,,,,,,,,,,,,
1832-04-21,,,,,,,,,,,,,103.0,109.0,110.5,111.5,112.5,,113.0,,115.0,115.5,,,,,,,126.0,112.0,,,,,,,
1832-04-28,,,,,,,,,,,,,103.0,109.0,110.5,111.5,112.5,,113.5,,115.0,115.5,,,,,,,126.0,112.0,,,,,,,
1832-05-05,,,,,,,,,,,,,103.0,109.0,110.5,111.5,112.5,,113.5,,115.0,115.5,,,,,,,126.0,112.0,,,,,,,
1832-05-12,,,,,,,,,,,,,103.0,109.0,110.5,111.5,112.5,,113.5,,115.0,115.5,,,,,,,125.5,112.0,,,,,,,
1832-05-19,,,,,,,,,,,,,103.0,109.0,110.5,111.5,112.5,,113.5,,115.0,116.0,,,,,,,125.0,112.0,,,,,,,
1832-05-26,,,,,,,,,,,,,103.0,109.0,110.5,111.5,112.5,,113.5,,115.0,116.0,,,,,,,125.0,112.0,,,,,,,
1832-06-02,,,,,,,,,,,,,103.0,109.0,110.5,111.5,112.5,,114.0,,115.0,116.0,,,,,,,125.0,112.0,,,,,,,
1832-06-09,,,,,,,,,,,,,103.0,109.0,111.25,112.0,113.5,,114.0,,115.0,116.0,,,,,,,126.5,112.0,,,,,,,
1832-06-16,,,,,,,,,,,,,103.0,109.0,111.25,112.0,113.5,,114.0,,115.0,116.0,,,,,,,126.0,112.0,,,,,,,
1832-06-23,,,,,,,,,,,,,103.0,109.0,111.25,112.0,113.0,,114.5,,115.0,116.0,,,,,,,126.0,112.0,,,,,,,
1832-06-30,,,,,,,,,,,,,103.0,109.0,111.25,112.0,113.0,,114.25,,115.0,116.0,,,,,,,126.0,112.0,,,,,,,
1832-07-07,,,,,,,,,,,,,103.0,109.0,111.25,112.0,113.0,,114.25,,115.0,116.0,,,,,,,123.25,110.0,,,,,,,
1832-07-14,,,,,,,,,,,,,103.0,109.0,111.25,112.0,113.0,,114.25,,115.0,116.0,,,,,,,123.25,110.0,,,,,,,
1832-07-21,,,,,,,,,,,,,101.5,107.0,111.25,112.0,113.0,,114.25,,115.0,116.0,,,,,,,123.25,110.0,,,,,,,
1832-07-28,,,,,,,,,,,,,101.5,107.0,110.0,111.0,112.0,,112.25,,115.0,116.0,,,,,,,123.5,110.0,,,,,,,
1832-08-04,,,,,,,,,,,,,101.5,107.0,109.0,111.0,112.0,,112.25,,113.0,113.5,,,115.5,,,,122.25,110.0,,,,,,,
1832-08-08,,,,,,,,,,,,,101.5,107.0,109.0,111.0,112.0,,112.25,,113.0,113.5,,,115.5,,,,122.5,110.0,,,,,,,
1832-08-14,,,,,,,,,,,,,101.5,107.0,109.0,111.0,112.0,,112.25,,113.0,113.5,,,115.5,,,,122.5,110.0,,,,,,,
1832-08-18,,,,,,,,,,,,,101.5,107.0,109.0,111.0,112.0,,112.25,,113.0,113.5,,,115.5,,,,123.0,110.0,,,,,,,
1832-08-25,,,,,,,,,,,,,101.0,107.0,109.0,111.0,112.0,,113.25,,113.0,115.0,,,116.0,,,,123.0,110.0,,,,,,,
1832-09-01,,,,,,,,,,,,,101.0,107.0,109.0,111.0,112.0,,113.25,,113.0,115.0,,,116.0,,,,123.0,110.0,,,,,,,
1832-09-08,,,,,,,,,,,,,101.0,107.0,109.0,111.0,112.0,,113.5,,113.0,115.0,,,116.0,,,,123.0,110.0,,,,,,,
1832-09-15,,,,,,,,,,,,,101.0,107.0,109.0,111.0,112.0,,113.5,,113.0,115.0,,,116.0,,,,123.0,110.0,,,,,,,
1832-09-22,,,,,,,,,,,,,101.25,107.0,109.0,111.0,112.0,,113.5,,113.0,115.0,,,116.0,,,,123.0,110.0,,,,,,,
1832-09-29,,,,,,,,,,,,,101.25,107.0,109.0,111.0,112.0,,114.0,,115.5,116.0,,,116.5,,,,124.0,110.0,,,,,,,
1832-10-06,,,,,,,,,,,,,101.25,107.5,109.0,112.0,113.0,,114.5,,115.5,116.0,,,118.0,,,,124.0,110.0,,,,,,,
1832-10-13,,,,,,,,,,,,,101.25,108.0,109.0,112.0,113.0,,115.5,,116.0,116.5,,,118.0,,,,124.0,110.0,,,,,,,
1832-10-20,,,,,,,,,,,,,101.25,108.0,109.0,112.0,114.0,,115.5,,117.0,117.5,,,119.0,,,,127.75,113.0,,,,,,,
1832-10-27,,,,,,,,,,,,,101.25,108.0,109.25,112.0,114.0,,115.5,,117.0,117.5,,,119.0,,,,127.75,113.0,,,,,,,
1832-11-03,,,,,,,,,,,,,101.25,108.0,110.0,112.0,114.0,,116.0,,117.0,117.5,,,119.0,,,,127.75,113.0,,,,,,,
1832-11-10,,,,,,,,,,,,,101.25,108.0,110.0,112.0,114.0,,116.0,,117.0,117.5,,,119.0,,,,127.5,113.0,,,,,,,
1832-11-17,,,,,,,,,,,,,101.25,108.0,110.0,112.0,114.0,,116.0,,117.0,117.5,,,119.0,,,,127.0,113.0,,,,,,,
1832-11-24,,,,,,,,,,,,,101.25,108.0,110.0,112.0,114.0,,116.0,,116.5,117.0,,,119.0,,,,127.0,113.0,,,,,,,
1832-12-01,,,,,,,,,,,,,101.25,108.0,110.0,112.0,114.0,,116.0,,116.5,117.5,,,119.0,,,,127.0,113.0,,,,,,,
1832-12-08,,,,,,,,,,,,,101.25,108.0,110.0,112.0,114.0,,116.0,,116.5,117.5,,,119.0,,,,127.0,113.0,,,,,,,
1832-12-15,,,,,,,,,,,,,102.0,108.0,110.0,112.0,114.0,,116.0,,116.5,117.5,,,119.0,,,,127.0,113.0,,,,,,,
1832-12-22,,,,,,,,,,,,,102.0,108.0,110.0,112.0,114.0,,116.0,,116.5,117.5,,,119.0,,,,127.0,113.0,,,,,,,
1833-01-07,,,,,,,,,,,,,100.5,107.0,108.0,110.0,111.0,,113.0,,114.0,,116.0,,,,,,124.0,112.0,,,,,,,
1833-01-14,,,,,,,,,,,,,100.5,107.0,108.0,110.0,111.0,,113.0,,114.0,,116.0,,,,,,124.0,112.0,,,,,,,
1833-01-21,,,,,,,,,,,,,100.5,107.0,108.0,110.0,111.0,,113.0,,114.0,,116.0,,,,,,124.0,112.0,,,,,,,
1833-01-28,,,,,,,,,,,,,100.5,107.0,108.0,110.0,111.5,,113.0,,114.0,,116.0,,,,,,124.0,112.0,,,,,,,
1833-02-04,,,,,,,,,,,,,100.5,107.0,108.0,110.0,111.5,,113.0,,114.0,,115.0,,,,,,124.0,112.0,,,,,,,
1833-02-11,,,,,,,,,,,,,100.5,107.0,108.0,110.0,111.5,,112.75,,114.0,,115.5,,,,,,124.0,112.0,,,,,,,
1833-02-18,,,,,,,,,,,,,100.5,107.0,108.0,110.0,110.5,,112.75,,114.0,,115.5,,,,,,124.0,112.0,,,,,,,
1833-02-25,,,,,,,,,,,,,100.5,107.0,108.0,110.0,110.5,,112.75,,114.0,,115.5,,,,,,124.0,112.0,,,,,,,
1833-03-02,,,,,,,,,,,,,100.5,107.0,108.0,110.0,110.5,,112.0,,114.0,,115.0,,,,,,124.0,112.0,,,,,,,
1833-03-18,,,,,,,,,,,,,101.25,105.0,105.0,107.0,109.0,,109.5,,111.0,,112.5,,,,,,124.0,112.0,,,,,,,
1833-04-02,,,,,,,,,,,,,101.25,105.0,105.0,107.0,109.0,,111.0,,111.0,,115.0,,,,,,124.0,112.0,,,,,,,
1833-04-08,,,,,,,,,,,,,101.25,105.0,105.0,107.0,109.0,,111.75,,111.0,,114.5,,,,,,124.0,112.0,,,,,,,
1833-04-22,,,,,,,,,,,,,101.25,105.0,105.0,108.0,109.0,,111.75,,112.5,,114.5,,,,,,124.0,112.0,,,,,,,
1833-04-29,,,,,,,,,,,,,101.25,105.0,105.0,108.0,109.5,,111.5,,112.5,,114.0,,,,,,124.0,112.0,,,,,,,
1833-05-06,,,,,,,,,,,,,101.25,105.0,105.0,108.0,109.5,,111.5,,112.5,,114.0,,,,,,123.0,112.0,,,,,,,
1833-05-20,,,,,,,,,,,,,101.5,105.0,105.0,108.0,110.0,,112.0,,112.5,,114.75,,,,,,123.5,112.0,,,,,,,
1833-05-28,,,,,,,,,,,,,101.5,105.0,105.0,108.0,110.0,,112.0,,112.5,,115.75,,,,,,123.5,112.0,,,,,,,
1833-06-08,,,,,,,,,,,,,101.5,105.0,105.5,110.0,110.0,,112.0,,112.5,,115.75,,,,,,123.5,112.0,,,,,,,
1833-06-19,,,,,,,,,,,,,101.5,105.0,106.0,110.0,111.0,,112.25,,113.5,,115.75,,,,,,123.5,112.0,,,,,,,
1833-06-25,,,,,,,,,,,,,101.5,105.0,106.0,110.0,111.5,,112.25,,113.5,,115.75,,,,,,123.5,112.0,,,,,,,
1833-07-01,,,,,,,,,,,,,101.5,106.0,107.5,110.0,111.5,,112.25,,114.0,,115.75,,,,,,123.5,112.0,,,,,,,
1833-07-08,,,,,,,,,,,,,101.5,106.0,107.5,110.0,111.5,,112.25,,114.0,,115.75,,,,,,122.0,112.0,,,,,,,
1833-07-22,,,,,,,,,,,,,100.25,106.0,107.5,110.0,111.0,,111.5,,114.0,,115.75,,,,,,122.0,111.5,,,,,,,
1833-07-29,,,,,,,,,,,,,100.25,106.0,107.5,110.0,111.0,,111.5,,114.0,,115.75,,,,,,122.0,110.0,,,,,,,
1833-08-05,,,,,,,,,,,,,100.25,108.0,108.0,110.0,111.0,,111.75,,114.0,,114.25,,,,,,122.0,110.0,,,,,,,
1833-08-12,,,,,,,,,,,,,100.25,108.0,109.5,110.75,111.75,,112.5,,114.0,,115.5,,,,,,122.0,110.0,,,,,,,
1833-08-17,,,,,,,,,,,,,100.25,108.0,109.5,110.75,111.75,,112.5,,114.0,,115.0,,,,,,123.0,111.0,,,,,,,
1833-08-26,,,,,,,,,,,,,100.0,108.0,109.5,110.75,111.75,,112.5,,114.0,,115.5,,,,,,123.0,111.0,,,,,,,
1833-09-02,,,,,,,,,,,,,100.0,108.0,109.5,110.75,111.75,,112.5,,114.0,,115.5,,,,,,122.5,111.0,,,,,,,
1833-09-09,,,,,,,,,,,,,100.0,108.0,109.5,110.75,111.75,,112.5,,114.0,,115.5,,,,,,122.5,111.0,,,,,,,
1833-09-17,,,,,,,,,,,,,100.0,108.0,109.5,110.75,111.75,,112.5,,114.0,,115.5,,,,,,122.5,111.0,,,,,,,
1833-09-23,,,,,,,,,,,,,100.0,107.5,109.5,110.0,110.75,,110.5,,114.0,,115.5,,,,,,122.0,111.0,,,,,,,
1833-09-30,,,,,,,,,,,,,100.0,107.5,109.5,109.75,110.0,,110.5,,113.5,,115.0,,,,,,121.0,111.0,,,,,,,
1833-10-07,,,,,,,,,,,,,100.0,107.5,108.0,108.5,109.0,,110.0,,113.5,,115.0,,,,,,121.0,111.0,,,,,,,
1833-10-14,,,,,,,,,,,,,100.0,107.5,108.0,108.5,109.0,,109.75,,113.0,,114.0,,,,,,121.0,111.0,,,,,,,
1833-10-21,,,,,,,,,,,,,100.0,106.0,106.5,107.0,107.5,,108.0,,112.0,,114.0,,,,,,121.0,111.0,,,,,,,
1833-11-04,,,,,,,,,,,,,100.0,103.5,104.75,105.0,105.5,,106.0,,110.0,,113.0,,,,,,121.0,111.0,,,,,,,
1833-11-11,,,,,,,,,,,,,100.0,103.5,104.75,105.0,107.0,,106.0,,110.0,,112.5,,,,,,121.0,111.0,,,,,,,
1833-11-18,,,,,,,,,,,,,100.0,102.0,103.0,105.0,107.0,,107.5,,109.0,,110.0,,,,,,121.0,111.0,,,,,,,
1833-11-25,,,,,,,,,,,,,100.0,101.0,101.0,105.0,107.0,,107.5,,108.0,,110.0,,,,,,121.0,111.0,,,,,,,
1833-11-30,,,,,,,,,,,,,100.0,101.0,101.25,105.0,106.0,,107.5,,108.0,,110.0,,,,,,121.0,111.0,,,,,,,
1833-12-07,,,,,,,,,,,,,100.0,101.0,101.25,105.0,106.0,,107.5,,108.0,,110.0,,,,,,121.0,111.0,,,,,,,
1833-12-14,,,,,,,,,,,,,99.0,100.5,101.0,104.0,106.0,,107.0,,108.0,,110.0,,,,,,118.0,111.0,,,,,,,
1833-12-14,,,,,,,,,,,,,,,,,,,107.0,,107.5,,,,110.0,,,,,,,,,,,,
1833-12-21,,,,,,,,,,,,,99.0,100.5,101.5,103.5,104.0,,105.25,,,,,,,,,,114.0,,,,,,,,
1833-12-21,,,,,,,,,,,,,,,,,,,105.0,,,,,,110.0,,,,114.0,,,,,,,,
1833-12-28,,,,,,,,,,,,,,,,,,,105.0,,,,,,,,,,,,,,,,,,
1834-01-04,,,,,,,,,,,,,,,,,,,104.75,,,105.0,,,,,,,,,,,,,,,
1834-01-11,,,,,,,,,,,,,,,,,,,101.5,,103.0,104.0,,,,,,,,,,,,,,,
1834-01-18,,,,,,,,,,,,,,,,,,,101.0,,,,,,,,,,,,,,,,,,
1834-01-25,,,,,,,,,,,,,,,,,,,100.5,,,,,,,,,,,,,,,,,,
1834-02-01,,,,,,,,,,,,,,,,,,,100.0,,103.0,103.0,,,,,,,,,,,,,,,
1834-02-08,,,,,,,,,,,,,,,,,,,100.25,,100.5,100.5,,,,,,,,,,,,,,,
1834-02-15,,,,,,,,,,,,,,,,,,,100.0,,100.25,100.25,,,,,,,,,,,,,,,
1834-02-22,,,,,,,,,,,,,,,,,,,100.0,,100.25,100.25,,,,,,,,,,,,,,,
1834-03-01,,,,,,,,,,,,,97.0,,,,,,100.0,,100.25,100.25,,,100.25,,,,,,,,,,,,
1834-03-08,,,,,,,,,,,,,97.0,,,,,,100.0,,100.0,100.0,,,100.25,,,,,,,,,,,,
1834-03-15,,,,,,,,,,,,,97.0,,,,,,100.25,,100.0,100.25,,,100.25,,,,,,,,,,,,
1834-03-22,,,,,,,,,,,,,97.0,,,,,,100.0,,100.0,100.25,,,100.25,,,,,,,,,,,,
1834-03-29,,,,,,,,,,,,,97.0,,,,,,100.75,,101.25,101.25,,,101.25,,,,,,,,,,,,
1834-04-05,,,,,,,,,,,,,,,,,,,101.5,,102.0,102.0,,,102.0,,,,,,,,,,,,
1834-04-12,,,,,,,,,,,,,,,,,,,102.0,,103.0,103.0,,,103.0,,,,114.0,,,,,,,,
1834-04-19,,,,,,,,,,,,,,,,,,,106.5,,107.0,107.5,,,108.0,,,,114.0,,,,,,,,
1834-04-26,,,,,,,,,,,,,,,,,,,106.5,,107.0,107.5,,,108.0,,,,114.0,,,,,,,,
1834-05-03,,,,,,,,,,,,,,,,,,,107.25,,107.25,107.5,,,107.5,,,,114.0,,,,,,,,
1834-05-10,,,,,,,,,,,,,,,,,,,107.0,,108.25,108.5,,,108.5,,,,114.0,,,,,,,,
1834-05-17,,,,,,,,,,,,,,,,,,,107.0,,108.25,108.5,,,108.5,,,,114.0,,,,,,,,
1834-05-24,,,,,,,,,,,,,100.0,,,,,,107.0,,107.75,108.0,,,108.5,,,,114.0,,,,,,,,
1834-05-31,,,,,,,,,,,,,100.0,,,,,,106.5,,106.0,107.0,,,107.0,,,,114.0,,,,,,,,
1834-06-07,,,,,,,,,,,,,100.0,,,,,,105.5,,106.25,107.0,,,107.0,,,,114.0,,,,,,,,
1834-06-14,,,,,,,,,,,,,100.0,,,,,,105.5,,106.25,107.0,,,107.0,,,,114.0,,,,,,,,
1834-06-21,,,,,,,,,,,,,100.0,,,,,,106.0,,106.25,108.0,,,108.0,,,,114.0,,,,,,,,
1834-06-28,,,,,,,,,,,,,100.0,,,,,,104.0,,103.0,106.0,,,106.0,,,,114.0,,,,,,,,
1834-07-05,,,,,,,,,,,,,,,,,,,,,,,,,,,,,,,,,,,,,
1834-07-12,,,,,,,,,,,,,,,,,,,102.5,,103.0,,,,104.0,,,,,,,,,,,,
1834-07-19,,,,,,,,,,,,,,,,,,,104.5,,104.5,105.0,,,105.0,,,,114.0,,,,,,,,
1834-07-26,,,,,,,,,,,,,,,,,,,105.0,,105.25,105.5,,,105.0,,,,114.0,,,,,,,,
1834-08-02,,,,,,,,,,,,,100.0,,,,,,106.75,,106.75,107.5,,,107.5,,,,114.0,,,,,,,,
1834-08-09,,,,,,,,,,,,,100.0,,,,,,107.25,,107.5,108.0,,,108.5,,,,114.0,,,,,,,,
1834-08-16,,,,,,,,,,,,,100.0,,,,,,108.25,,109.0,109.25,,,109.25,,,,114.0,,,,,,,,
1834-08-23,,,,,,,,,,,,,100.0,,,,,,108.25,,109.5,109.25,,,109.25,,,,114.0,,,,,,,,
1834-08-30,,,,,,,,,,,,,100.0,,,,,,108.25,,109.0,109.25,,,110.0,,,,114.0,,,,,,,,
1834-09-06,,,,,,,,,,,,,100.0,,,,,,108.0,,106.0,109.0,,,110.0,,,,114.0,,,,,,,,
1834-09-13,,,,,,,,,,,,,100.0,,,,,,108.0,,109.0,109.25,,,110.0,,,,119.0,,,,,,,,
1834-09-20,,,,,,,,,,,,,100.0,,,,,,108.0,,109.0,109.25,,,110.0,,,,,,,,,,,,
1834-09-27,,,,,,,,,,,,,100.0,,,,,,108.25,,109.25,109.75,,,110.0,,,,,,,,,,,,
1834-10-04,,,,,,,,,,,,,100.0,,,,,,108.25,,109.25,109.75,,,110.0,,,,,,,,,,,,
1834-10-11,,,,,,,,,,,,,100.0,,,,,,108.25,,109.25,109.75,,,110.0,,,,,,,,,,,,
1834-10-18,,,,,,,,,,,,,100.0,,,,,,108.25,,109.25,109.75,,,110.0,,,,,,,,,,,,
1834-10-25,,,,,,,,,,,,,100.0,,,,,,108.0,,109.25,109.75,,,110.0,,,,,,,,,,,,
1834-11-01,,,,,,,,,,,,,100.0,,,,,,108.0,,109.25,110.25,,,110.0,,,,,,,,,,,,
1834-11-08,,,,,,,,,,,,,100.0,,,,,,108.0,,109.25,109.75,,,110.0,,,,,,,,,,,,
1834-11-15,,,,,,,,,,,,,100.0,,,,,,108.0,,109.25,109.75,,,110.0,,,,,,,,,,,,
1834-11-22,,,,,,,,,,,,,100.0,,,,,,108.0,,109.25,109.75,,,110.0,,,,,,,,,,,,
1834-11-29,,,,,,,,,,,,,100.0,,,,,,108.0,,109.25,110.0,,,111.0,,,,,,,,,,,,
1834-12-06,,,,,,,,,,,,,100.0,,,,,,108.0,,109.25,110.0,,,110.0,,,,,,,,,,,,
1834-12-13,,,,,,,,,,,,,100.0,,,,,,108.0,,109.25,110.5,,,110.5,,,,,,,,,,,,
1834-12-20,,,,,,,,,,,,,100.0,,,,,,108.0,,109.25,110.5,,,110.5,,,,,,,,,,,,
1834-12-27,,,,,,,,,,,,,100.0,,,,,,108.0,,109.25,110.5,,,110.5,,,,,,,,,,,,
1835-01-03,,,,,,,,,,,,,100.0,,,,,,108.0,,109.25,110.0,,,110.75,,,,,,,,,,,,
1835-01-10,,,,,,,,,,,,,100.0,,,,,,106.0,,107.0,109.0,,,110.25,,,,,,,,,,,,
1835-01-17,,,,,,,,,,,,,,103.0,103.25,105.0,106.5,,108.0,,109.5,109.75,,,110.25,,,,122.0,,,,,,,,
1835-01-24,,,,,,,,,,,,,,102.0,102.5,104.0,105.0,,106.5,,107.5,108.5,,,109.0,,,,122.0,,,,,,,,
1835-01-31,,,,,,,,,,,,,,102.0,102.5,104.0,105.0,,106.5,,108.0,108.5,,,109.0,,,,122.0,,,,,,,,
1835-02-07,,,,,,,,,,,,,,102.25,103.0,104.25,106.0,107.0,,107.0,108.0,108.25,,,109.0,109.25,109.25,,122.0,,,,,,,,
1835-02-14,,,,,,,,,,,,,,102.0,103.0,104.25,106.5,107.75,,108.25,108.25,108.25,,,109.0,109.25,109.25,,122.0,,,,,,,,
1835-02-21,,,,,,,,,,,,,,102.25,103.0,104.5,106.5,107.75,,108.25,108.25,108.25,,,109.0,109.25,109.25,,122.0,,,,,,,,
1835-02-28,,,,,,,,,,,,,,102.0,103.0,106.0,107.5,107.75,,108.0,108.25,108.25,,,109.0,109.0,109.25,,122.0,,,,,,,,
1835-03-07,,,,,,,,,,,,,,102.0,104.0,105.25,107.5,107.75,,108.0,108.25,108.25,,,109.0,109.0,109.25,,122.0,,,,,,,,
1835-03-14,,,,,,,,,,,,,,103.0,104.0,105.25,107.5,107.5,,107.75,108.25,108.25,,,109.0,109.0,109.25,,122.0,,,,,,,,
1835-03-21,,,,,,,,,,,,,,103.0,104.0,105.25,107.0,107.5,,107.75,108.25,108.25,,,109.0,109.0,109.25,,122.0,,,,,,,,
1835-03-28,,,,,,,,,,,,,,,,,,,,,,,,,,,,,,,,,,,,,
1835-04-04,,,,,,,,,,,,,,103.0,104.0,105.25,107.0,108.25,,108.25,108.25,109.0,,,109.0,109.0,109.25,,122.0,,,,,,,,
1835-04-11,,,,,,,,,,,,,,104.0,104.0,105.25,107.0,108.25,,109.0,109.25,109.5,,,110.0,110.0,110.0,,122.0,,,,,,,,
1835-04-18,,,,,,,,,,,,,,104.0,104.5,106.5,107.5,109.5,,110.0,110.25,110.25,,,110.5,110.75,111.0,,122.0,,,,,,,,
1835-04-25,,,,,,,,,,,,,,104.5,106.0,107.0,107.5,109.5,,110.0,110.25,110.25,,,110.5,111.0,111.5,,122.0,,,,,,,,
1835-05-02,,,,,,,,,,,,,,104.5,106.0,107.0,109.0,110.0,,110.25,110.5,111.0,,,111.0,111.5,112.0,,122.0,,,,,,,,
1835-05-09,,,,,,,,,,,,,,104.5,106.0,107.0,109.0,110.0,,110.25,110.5,111.0,,,111.0,111.5,112.0,,122.0,,,,,,,,
1835-05-16,,,,,,,,,,,,,,104.0,104.5,106.0,107.5,109.5,,110.25,110.5,111.0,,,111.0,111.5,112.0,,122.0,,,,,,,,
1835-05-23,,,,,,,,,,,,,,104.0,104.5,106.0,107.5,109.5,,110.25,110.5,111.0,,,111.0,111.5,112.0,112.0,112.0,,,,,,,,
1835-05-30,,,,,,,,,,,,,,104.0,105.0,106.0,110.0,112.0,,110.25,110.5,112.0,,,112.0,112.5,113.0,113.5,112.0,,,,,,,,
1835-06-06,,,,,,,,,,,,,,104.0,105.0,106.0,110.0,110.5,,111.0,111.0,112.0,,,112.0,112.5,113.0,113.5,112.0,,,,,,,,
1835-06-13,,,,,,,,,,,,,,104.0,105.0,106.0,110.0,110.5,,111.0,111.5,112.5,,,113.0,112.5,113.0,113.5,112.0,,,,,,,,
1835-06-20,,,,,,,,,,,,,,104.0,105.0,106.0,110.0,110.5,,111.0,111.5,112.5,,,113.0,112.5,113.0,113.5,112.0,,,,,,,,
1835-06-27,,,,,,,,,,,,,,104.0,105.0,106.0,110.0,111.0,,111.5,111.5,112.5,,,113.0,112.5,113.0,113.5,112.0,,,,,,,,
1835-07-04,,,,,,,,,,,,,,104.0,105.0,107.0,110.0,111.0,,111.5,111.5,112.5,,,113.0,112.5,112.5,113.5,112.0,,,,,,,,
1835-07-11,,,,,,,,,,,,,,104.0,105.0,107.0,110.0,111.0,,111.5,111.5,112.5,,,112.5,112.5,112.5,113.5,112.0,,,,,,,,
1835-07-18,,,,,,,,,,,,,,104.0,105.0,107.0,109.0,110.5,,110.0,110.5,111.0,,,112.5,112.5,112.5,113.5,112.0,,,,,,,,
1835-07-25,,,,,,,,,,,,,,104.0,105.0,107.0,109.0,110.0,,110.0,110.5,111.0,,,111.5,112.0,112.5,113.5,112.0,,,,,,,,
1835-08-01,,,,,,,,,,,,,,100.5,102.0,103.0,105.0,107.0,,108.5,110.5,111.0,,,111.5,112.0,112.5,113.5,112.0,,,,,,,,
1835-08-08,,,,,,,,,,,,,,101.0,102.0,103.0,107.0,109.0,,109.25,110.5,111.0,,,111.5,112.0,112.5,113.5,121.0,,,,,,,,
1835-08-15,,,,,,,,,,,,,,101.0,102.0,103.0,107.0,107.5,,109.25,108.5,109.0,,,110.0,111.0,111.0,111.0,121.0,,,,,,,,
1835-08-22,,,,,,,,,,,,,,101.0,102.0,103.0,107.0,107.5,,108.0,108.5,109.0,,,110.0,111.0,111.0,111.0,121.0,,,,,,,,
1835-08-29,,,,,,,,,,,,,,101.0,102.0,103.0,107.0,107.5,,106.5,108.5,109.0,,,110.0,111.0,111.0,111.0,121.0,,,,,,,,
1835-09-05,,,,,,,,,,,,,,101.0,102.0,103.0,106.0,106.5,,107.0,108.0,109.0,,,110.0,111.0,111.0,111.0,121.0,,,,,,,,
1835-09-12,,,,,,,,,,,,,,101.0,102.0,103.0,106.0,106.5,,107.5,108.0,109.0,,,110.0,111.0,111.0,111.0,121.0,,,,,,,,
1835-09-19,,,,,,,,,,,,,,101.0,102.0,103.0,106.0,106.5,,107.5,108.0,108.5,,,110.0,111.0,111.0,111.0,121.0,,,,,,,,
1835-09-26,,,,,,,,,,,,,,101.0,102.0,103.0,106.0,106.5,,107.5,108.0,108.0,,,109.0,109.0,109.0,111.0,118.0,,,,,,,,
1835-10-03,,,,,,,,,,,,,,100.0,101.0,101.5,106.0,106.5,,106.5,108.0,109.0,,,109.0,109.0,109.0,111.0,118.0,,,,,,,,
1835-10-10,,,,,,,,,,,,,,100.0,101.0,101.5,103.0,106.0,,106.5,108.0,109.0,,,109.0,109.0,109.0,111.0,118.0,,,,,,,,
1835-10-17,,,,,,,,,,,,,,100.0,102.0,103.0,104.0,106.0,,107.0,107.0,108.0,,,109.0,109.0,109.0,111.0,118.0,,,,,,,,
1835-10-24,,,,,,,,,,,,,,100.0,102.0,103.5,104.0,106.0,,107.0,107.0,108.0,,,109.0,109.0,109.0,111.0,118.0,,,,,,,,
1835-10-31,,,,,,,,,,,,,,100.0,102.5,104.0,104.5,106.0,,107.0,107.0,108.0,,,109.0,109.0,109.0,111.0,118.0,,,,,,,,
1835-11-07,,,,,,,,,,,,,,100.0,102.5,104.0,104.5,106.0,,107.0,107.0,108.0,,,109.0,109.0,109.0,111.0,118.0,,,,,,,,
1835-11-14,,,,,,,,,,,,,,100.0,102.5,104.0,104.5,106.0,,106.5,107.0,107.5,,,109.0,109.0,109.0,111.0,118.0,,,,,,,,
1835-11-21,,,,,,,,,,,,,,100.0,102.0,104.0,104.5,106.0,,106.5,107.0,107.5,,,109.0,109.0,109.0,111.0,118.0,,,,,,,,
1835-11-28,,,,,,,,,,,,,,100.0,102.0,104.0,104.5,106.0,,106.5,107.0,107.5,,,109.0,109.0,109.0,111.0,118.0,,,,,,,,
1835-12-05,,,,,,,,,,,,,,100.0,102.0,104.0,104.5,106.0,,106.0,106.0,106.5,,,108.0,109.0,109.0,110.0,118.0,,,,,,,,
1835-12-12,,,,,,,,,,,,,,100.0,101.5,103.0,104.0,105.5,,106.0,106.0,106.5,,,108.0,109.0,109.0,110.0,118.0,,,,,,,,
1835-12-19,,,,,,,,,,,,,,,,,,,,,,,,,,,,,,,,,,,,,
1835-12-26,,,,,,,,,,,,,,100.0,101.5,103.0,104.0,105.0,,106.0,106.0,106.5,,,108.0,109.0,109.0,110.0,118.0,,,,,,,,
1836-01-02,,,,,,,,,,,,,,,,,,,,,,,,,,,,,,,,,,,,,
1836-01-09,,,,,,,,,,,,,,,,,,,,,,,,,,,,,,,,,,,,,
1836-01-16,,,,,,,,,,,,,,100.0,101.5,103.0,104.0,105.0,,106.0,106.0,106.5,,,108.0,108.0,108.0,108.0,115.0,,,,,,,,
1836-01-23,,,,,,,,,,,,,,100.0,100.0,101.0,101.0,102.0,,102.0,103.0,104.0,,,105.0,106.0,107.0,108.0,115.0,,,,,,,,
1836-01-30,,,,,,,,,,,,,,100.0,100.0,101.0,103.0,103.0,,103.0,103.5,104.0,,,105.0,106.0,107.0,108.0,115.0,,,,,,,,
1836-02-06,,,,,,,,,,,,,,100.0,100.0,101.0,103.0,103.5,,104.0,104.0,104.0,,,105.0,106.0,107.0,108.0,115.0,,,,,,,,
1836-02-13,,,,,,,,,,,,,,100.0,100.0,101.0,103.0,104.0,,105.0,105.0,105.5,,,106.0,106.0,107.0,108.0,115.0,,,,,,,,
1836-02-20,,,,,,,,,,,,,,100.0,101.5,102.5,104.0,107.0,,107.5,108.0,108.5,,,109.0,109.5,110.0,110.0,115.0,,,,,,,,
1836-02-27,,,,,,,,,,,,,,100.0,102.0,103.0,105.0,107.0,,107.5,108.0,108.5,,,109.0,109.5,110.0,110.0,115.0,,,,,,,,
1836-03-05,,,,,,,,,,,,,,100.0,102.0,103.0,105.0,106.5,,107.0,108.0,108.5,,,109.0,109.5,110.0,110.0,115.0,,,,,,,,
1836-03-12,,,,,,,,,,,,,,100.0,102.0,103.0,105.0,107.125,,107.5,108.0,108.5,,,109.0,109.5,110.0,110.0,115.0,,,,,,,,
1836-03-19,,,,,,,,,,,,,,100.0,102.0,103.0,104.5,106.25,,107.0,108.0,108.5,,,109.0,109.5,110.0,110.0,115.0,,,,,,,,
1836-03-26,,,,,,,,,,,,,,100.0,102.0,103.0,104.5,106.25,,107.25,108.0,108.5,,,109.0,109.5,110.0,110.0,115.0,,,,,,,,
1836-04-02,,,,,,,,,,,,,,100.0,102.0,104.0,106.0,107.0,,107.25,108.0,108.5,,,109.0,109.5,110.0,110.0,115.0,,,,,,,,
1836-04-09,,,,,,,,,,,,,,100.0,102.0,104.0,106.0,107.0,,107.25,108.0,108.5,,,109.0,109.5,110.0,110.0,115.0,,,,,,,,
1836-04-16,,,,,,,,,,,,,,100.0,102.0,104.0,106.0,106.5,,107.0,108.0,108.5,,,109.0,109.5,110.0,110.0,115.0,,,,,,,,
1836-04-23,,,,,,,,,,,,,,100.0,102.0,103.0,103.0,105.0,,105.0,106.0,107.0,,,109.0,109.5,110.0,110.0,115.0,,,,,,,,
1836-04-30,,,,,,,,,,,,,,100.0,102.0,102.0,102.5,103.5,,104.0,106.0,107.0,,,109.0,109.5,110.0,110.0,115.0,,,,,,,,
1836-05-07,,,,,,,,,,,,,,100.0,102.0,102.0,102.5,103.5,,104.0,106.0,107.0,,,109.0,109.5,110.0,110.0,115.0,,,,,,,,
1836-05-14,,,,,,,,,,,,,,100.0,101.5,102.0,102.5,105.5,,106.0,107.0,107.0,,,109.0,109.5,110.0,110.0,115.0,,,,,,,,
1836-05-21,,,,,,,,,,,,,,100.0,101.5,102.0,102.5,105.5,,106.0,107.0,107.0,,,109.0,109.5,110.0,110.0,115.0,,,,,,,,
1836-05-28,,,,,,,,,,,,,,100.0,101.5,102.0,102.5,105.5,,106.0,107.0,107.0,,,109.0,109.5,110.0,110.0,115.0,,,,,,,,
1836-06-04,,,,,,,,,,,,,,100.0,100.0,101.0,102.0,105.5,,104.0,105.0,106.0,,,107.0,109.5,110.0,110.0,115.0,,,,,,,,
1836-06-11,,,,,,,,,,,,,,100.0,100.0,101.0,102.0,104.0,,104.0,105.0,106.0,,,107.0,108.0,108.0,109.0,115.0,,,,,,,,
1836-06-18,,,,,,,,,,,,,,100.0,100.0,101.0,102.0,104.0,,104.0,105.0,106.0,,,107.0,108.0,108.0,109.0,115.0,,,,,,,,
1836-06-25,,,,,,,,,,,,,,100.0,100.0,101.0,102.0,104.0,,104.0,105.0,106.0,,,107.0,108.0,108.0,108.0,115.0,,,,,,,,
1836-07-02,,,,,,,,,,,,,,100.0,101.0,101.0,102.0,104.0,,104.0,105.0,106.0,,,107.0,108.0,108.0,108.0,115.0,,,,,,,,
1836-07-09,,,,,,,,,,,,,,100.0,101.0,101.0,102.0,104.0,,104.0,105.0,106.0,,,107.0,108.0,108.0,108.0,115.0,,,,,,,,
1836-07-16,,,,,,,,,,,,,,100.0,101.0,101.0,102.0,104.0,,104.0,105.0,106.0,,,107.0,108.0,108.0,108.0,115.0,,,,,,,,
1836-07-23,,,,,,,,,,,,,,100.0,100.0,100.0,101.0,101.5,,102.0,103.0,103.0,,,104.0,105.0,106.0,106.5,115.0,,,,,,,,
1836-07-30,,,,,,,,,,,,,,100.0,100.0,100.0,101.0,101.25,,101.5,102.0,102.0,,,102.5,103.0,104.0,105.0,115.0,,,,,,,,
1836-08-06,,,,,,,,,,,,,,100.0,100.0,100.75,101.0,102.5,,103.0,103.0,104.0,,,104.5,105.0,105.5,106.25,115.0,,,,,,,,
1836-08-13,,,,,,,,,,,,,,100.0,100.5,101.0,102.0,103.0,,103.5,104.0,104.0,,,105.0,105.0,105.5,106.25,115.0,,,,,,,,
1836-08-20,,,,,,,,,,,,,,100.0,100.5,101.0,102.0,103.0,,103.5,104.0,105.0,,,105.0,105.0,105.5,106.25,115.0,,,,,,,,
1836-08-27,,,,,,,,,,,,,,100.0,100.5,101.0,102.0,103.0,,103.5,104.0,105.0,,,105.0,105.0,105.5,106.25,115.0,,,,,,,,
1836-09-03,,,,,,,,,,,,,,100.0,100.5,101.0,101.0,103.0,,102.0,104.0,104.0,,,104.0,104.5,105.0,106.25,115.0,,,,,,,,
1836-09-10,,,,,,,,,,,,,,100.0,100.5,101.0,101.0,102.0,,102.0,103.0,104.0,,,104.0,104.5,105.0,106.25,106.0,,,,,,,,
1836-09-17,,,,,,,,,,,,,,100.0,100.5,101.0,101.0,102.0,,102.0,102.5,102.0,,,103.0,104.5,105.0,106.25,106.0,,,,,,,,
1836-09-24,,,,,,,,,,,,,,99.5,99.5,100.0,100.0,100.0,,100.5,100.0,102.0,,,103.0,104.5,105.0,106.25,106.0,,,,,,,,
1836-10-01,,,,,,,,,,,,,,99.0,99.5,99.5,100.0,100.0,,100.5,100.5,101.0,,,102.0,103.0,104.0,106.25,106.0,,,,,,,,
1836-10-08,,,,,,,,,,,,,,99.0,99.5,99.5,100.0,100.0,,100.0,100.5,101.0,,,102.0,103.0,104.0,105.0,106.0,,,,,,,,
1836-10-15,,,,,,,,,,,,,,99.0,99.5,99.5,100.0,100.0,,100.0,100.5,101.0,,,102.0,103.0,104.0,105.0,106.0,,,,,,,,
1836-10-22,,,,,,,,,,,,,,98.0,98.5,99.0,99.0,99.5,,99.5,100.0,100.5,,,102.0,103.0,104.0,105.0,106.0,,,,,,,,
1836-10-29,,,,,,,,,,,,,,97.0,97.5,98.0,98.25,98.5,,98.5,99.0,99.0,,,99.5,100.0,100.5,101.0,106.0,,,,,,,,
1836-11-05,,,,,,,,,,,,,,,,,,,,,,,,,,,,,,,,,,,,,
1836-11-12,,,,,,,,,,,,,,97.0,97.5,98.0,98.25,98.5,,98.5,99.0,99.0,,,99.5,100.0,100.5,101.0,106.0,,,,,,,,
1836-11-19,,,,,,,,,,,,,,97.0,97.5,98.0,98.25,98.5,,98.5,99.0,99.0,,,99.5,100.0,100.5,101.0,106.0,,,,,,,,
1836-11-26,,,,,,,,,,,,,,97.0,97.5,98.0,98.25,98.5,,99.0,99.0,99.5,,,100.0,100.0,100.5,101.0,106.0,,,,,,,,
1836-12-03,,,,,,,,,,,,,,97.0,97.5,98.0,98.25,99.0,,99.5,100.0,99.5,,,100.0,100.5,100.5,101.0,106.0,,,,,,,,
1836-12-10,,,,,,,,,,,,,,98.0,97.5,98.0,98.5,101.0,,99.0,101.5,100.0,,,102.0,102.5,102.25,101.0,106.0,,,,,,,,
1836-12-17,,,,,,,,,,,,,,98.0,97.5,98.0,98.5,101.0,,101.5,102.0,102.0,,,102.0,102.5,102.25,101.0,102.25,,,,,,,,
1836-12-24,,,,,,,,,,,,,,98.0,97.5,98.0,99.0,101.5,,102.0,102.0,102.0,,,102.0,102.5,102.5,103.0,102.25,,,,,,,,
1836-12-31,,,,,,,,,,,,,,98.0,97.5,98.0,99.0,101.5,,102.0,102.0,102.0,,,102.0,102.5,102.5,103.0,102.25,,,,,,,,
1837-01-07,,,,,,,,,,,,,,98.0,97.5,98.0,99.0,102.0,,102.5,102.5,102.5,,,102.5,102.5,103.0,103.5,102.0,,,,,,,,
1837-01-14,,,,,,,,,,,,,,98.0,97.5,98.0,99.0,102.0,,102.5,102.5,102.5,,,102.5,102.5,103.0,103.5,102.0,,,,,,,,
1837-01-21,,,,,,,,,,,,,,96.0,96.5,97.0,97.5,98.0,,98.0,99.0,99.5,,,100.0,100.5,101.0,101.5,102.5,,,,,,,,
1837-01-28,,,,,,,,,,,,,,96.0,96.5,97.0,98.0,98.0,,98.5,99.0,99.5,,,100.0,100.5,101.0,101.5,102.5,,,,,,,,
1837-02-04,,,,,,,,,,,,,,96.0,96.5,97.0,98.0,98.0,,98.5,99.0,99.5,,,100.0,100.5,101.0,101.5,102.5,,,,,,,,
1837-02-11,,,,,,,,,,,,,,96.0,96.5,97.0,98.0,98.0,,98.5,99.5,100.0,,,100.0,100.5,101.0,101.5,102.5,,,,,,,,
1837-02-18,,,,,,,,,,,,,,96.0,96.5,97.0,98.0,98.0,,98.5,99.5,100.0,,,100.0,100.5,101.0,101.5,102.5,,,,,,,,
1837-02-25,,,,,,,,,,,,,,96.0,96.5,97.0,98.0,98.0,,98.5,99.5,100.0,,,100.0,100.5,101.0,101.5,102.5,,,,,,,,
1837-03-04,,,,,,,,,,,,,,96.0,96.5,97.0,98.0,98.0,,98.5,99.5,100.0,,,100.0,100.5,101.0,101.5,102.5,,,,,,,,
1837-03-11,,,,,,,,,,,,,,96.0,96.5,97.0,98.0,98.0,,99.0,99.5,100.0,,,100.0,100.5,101.0,101.5,102.5,,,,,,,,
1837-03-18,,,,,,,,,,,,,,95.0,95.5,96.0,98.0,98.0,,99.0,99.5,100.0,,,100.0,100.5,101.0,101.5,102.5,,,,,,,,
1837-03-25,,,,,,,,,,,,,,93.0,94.0,94.0,94.5,94.5,,95.0,96.0,98.0,,,100.0,100.5,101.0,101.5,102.5,,,,,,,,
1837-04-01,,,,,,,,,,,,,,93.0,94.0,94.0,95.0,97.0,,98.0,99.0,100.0,,,100.0,100.5,101.0,101.5,102.5,,,,,,,,
1837-04-08,,,,,,,,,,,,,,93.0,94.0,94.0,95.0,97.0,,98.0,99.0,100.0,,,100.0,100.5,101.0,101.5,102.5,,,,,,,,
1837-04-15,,,,,,,,,,,,,,93.0,94.0,94.0,95.0,97.0,,99.0,99.0,100.0,,,100.0,100.5,101.0,101.5,102.5,,,,,,,,
1837-04-22,,,,,,,,,,,,,,,,,,,,,,,,,,,,,,,,,,,,,
1837-04-29,,,,,,,,,,,,,,90.0,91.0,92.0,92.0,96.0,,98.0,99.0,100.0,,,100.0,100.5,101.0,101.5,102.5,,,,,,,,
1837-05-06,,,,,,,,,,,,,,90.0,91.0,92.0,92.0,94.0,,94.5,95.0,95.0,,,95.0,95.0,96.0,96.0,102.5,,,,,,,,
1837-05-13,,,,,,,,,,,,,,,,,,,,,,,,,,,,,,,,,,,,,
1837-05-20,,,,,,,,,,,,,,93.0,94.0,95.0,96.0,98.0,,99.0,100.0,100.0,,,100.0,100.0,100.5,100.5,102.5,,,,,,,,
1837-05-27,,,,,,,,,,,,,,96.0,96.0,98.0,99.0,100.0,,100.0,100.0,100.0,,,100.0,100.0,100.5,100.5,106.0,,,,,,,,
1837-06-03,,,,,,,,,,,,,,96.0,96.0,98.0,99.0,100.0,,100.0,100.0,100.0,,,100.0,100.0,100.5,100.5,106.0,,,,,,,,
1837-06-10,,,,,,,,,,,,,,96.5,97.0,98.0,99.0,100.0,,100.0,100.0,100.0,,,100.0,100.0,100.5,100.5,106.0,,,,,,,,
1837-06-17,,,,,,,,,,,,,,97.0,98.5,99.0,99.5,100.0,,100.5,101.0,101.5,,,102.0,102.5,102.5,102.5,106.0,,,,,,,,
1837-06-24,,,,,,,,,,,,,,99.0,99.5,100.0,100.25,101.0,,101.5,102.0,102.0,,,102.5,102.5,103.0,103.0,106.0,,,,,,,,
1837-07-01,,,,,,,,,,,,,,99.0,99.5,100.0,100.25,101.0,,101.5,102.0,102.0,,,102.5,102.5,103.0,103.0,106.0,,,,,,,,
1837-07-08,,,,,,,,,,,,,,99.5,100.0,101.0,102.0,103.0,,104.0,102.5,105.0,,,106.0,106.5,107.0,107.0,106.0,,,,,,,,
1837-07-15,,,,,,,,,,,,,,,,,,,,,,,,,,,,,,,,,,,,,
1837-07-22,,,,,,,,,,,,,,99.5,100.5,101.5,103.0,104.0,,104.0,105.0,105.0,,,106.0,106.5,107.0,107.0,106.0,,,,,,,,
1837-07-29,,,,,,,,,,,,,,99.5,100.5,101.5,103.0,104.0,,104.0,105.0,105.0,,,106.0,106.5,107.0,107.0,106.0,,,,,,,,
1837-08-05,,,,,,,,,,,,,,99.5,100.5,101.5,103.0,104.0,,104.0,105.0,105.0,,,106.0,106.5,107.0,107.0,106.0,,,,,,,,
1837-08-12,,,,,,,,,,,,,,99.5,100.5,101.5,103.0,104.0,,104.0,105.0,105.0,,,106.0,106.5,107.0,107.0,106.0,,,,,,,,
1837-08-19,,,,,,,,,,,,,,99.5,100.5,101.5,103.0,104.0,,104.0,105.0,105.0,,,106.0,106.5,107.0,107.0,106.0,,,,,,,,
1837-08-26,,,,,,,,,,,,,,,,,,,,,,,,,,,,,,,,,,,,,
1837-09-02,,,,,,,,,,,,,,99.5,102.0,102.0,103.0,104.0,,104.0,105.0,105.0,,,106.0,106.5,107.0,107.0,106.0,,,,,,,,
1837-09-09,,,,,,,,,,,,,,99.5,102.0,104.0,104.0,105.0,,106.0,107.0,108.0,,,108.5,109.0,109.0,109.0,106.0,,,,,,,,
1837-09-16,,,,,,,,,,,,,,99.5,102.0,104.0,105.0,107.0,,107.5,108.0,109.0,,,110.0,110.0,110.0,110.0,106.0,,,,,,,,
1837-09-23,,,,,,,,,,,,,,99.5,102.0,104.0,105.0,107.0,,107.5,108.0,109.0,,,110.0,110.0,110.0,110.0,106.0,,,,,,,,
1837-09-30,,,,,,,,,,,,,,99.5,102.0,104.0,105.0,107.0,,107.5,108.0,109.0,,,110.0,110.0,110.0,110.0,106.0,,,,,,,,
1837-10-07,,,,,,,,,,,,,,99.5,102.0,104.0,104.0,105.0,,106.0,107.0,108.0,,,109.0,110.0,110.0,110.0,106.0,,,,,,,,
1837-10-14,,,,,,,,,,,,,,99.5,102.0,104.0,104.0,105.0,,106.0,107.0,107.0,,,108.0,109.0,110.0,110.0,106.0,,,,,,,,
1837-10-21,,,,,,,,,,,,,,99.5,102.0,102.5,103.0,104.0,,104.0,105.0,106.0,,,107.0,108.0,109.0,110.0,106.0,,,,,,,,
1837-10-28,,,,,,,,,,,,,,99.5,101.0,101.0,103.0,104.0,,104.0,105.0,107.0,,,107.0,107.5,109.0,110.0,106.0,,,,,,,,
1837-11-04,,,,,,,,,,,,,,99.5,100.0,100.0,101.5,104.25,,104.0,105.0,106.0,,,107.0,107.0,109.0,109.0,106.0,,,,,,,,
1837-11-11,,,,,,,,,,,,,,99.5,100.0,100.0,101.5,104.0,,104.0,105.0,106.0,,,107.0,107.0,109.0,109.0,106.0,,,,,,,,
1837-11-18,,,,,,,,,,,,,,100.0,100.0,101.0,102.0,104.0,,105.0,105.0,106.5,,,107.0,108.0,109.0,109.0,106.0,,,,,,,,
1837-11-25,,,,,,,,,,,,,,100.0,100.0,101.0,102.0,104.0,,105.0,105.0,107.0,,,107.0,108.0,109.0,109.0,106.0,,,,,,,,
1837-12-02,,,,,,,,,,,,,,100.0,100.0,101.0,102.0,104.0,,105.0,105.0,107.0,,,107.0,108.0,109.0,109.0,106.0,,,,,,,,
1837-12-09,,,,,,,,,,,,,,100.0,100.0,101.0,102.0,104.0,,105.0,105.0,105.5,,,106.0,107.0,109.0,109.0,106.0,,,,,,,,
1837-12-16,,,,,,,,,,,,,,100.0,100.0,101.0,102.0,104.0,,104.0,105.0,105.5,,,106.0,107.0,108.0,109.0,106.0,,,,,,,,
1837-12-23,,,,,,,,,,,,,,100.0,100.0,101.0,102.0,104.0,,104.0,105.0,105.5,,,106.0,107.0,108.0,109.0,106.0,,,,,,,,
1837-12-30,,,,,,,,,,,,,,98.0,100.0,100.5,101.0,101.5,,102.0,102.0,103.0,,,104.0,105.0,106.0,107.0,106.0,,,,,,,,
1838-01-06,,,,,,,,,,,,,,98.0,100.0,100.5,101.0,103.0,,103.0,103.5,103.5,,,104.0,105.0,106.0,107.0,106.0,,,,,,,,
1838-01-13,,,,,,,,,,,,,,98.0,100.0,101.0,102.0,103.0,,103.0,103.5,103.5,,,104.0,105.0,106.0,107.0,106.0,,,,,,,,
1838-01-20,,,,,,,,,,,,,,98.0,100.0,101.0,102.0,103.0,,103.0,103.5,103.5,,,104.0,105.0,106.0,107.0,106.0,,,,,,,,
1838-01-27,,,,,,,,,,,,,,,,,,,,,,,,,,,,,,,,,,,,,
1838-02-03,,,,,,,,,,,,,,,,,,,,,,,,,104.0,104.0,104.5,104.5,90.0,,,,,,,,
1838-02-10,,,,,,,,,,,,,,99.0,99.5,100.0,102.0,103.0,,103.5,105.5,106.0,,,106.0,106.0,106.0,106.0,100.0,,,,,,,,
1838-02-17,,,,,,,,,,,,,,99.0,99.5,100.0,102.0,103.0,,103.5,105.5,106.0,,,106.0,106.0,106.0,106.0,100.0,,,,,,,,
1838-02-24,,,,,,,,,,,,,,99.0,99.5,100.0,102.0,103.0,,103.5,105.5,106.0,,,106.0,106.0,106.0,106.0,100.0,,,,,,,,
1838-03-03,,,,,,,,,,,,,,99.0,99.5,100.0,102.0,103.0,,103.5,105.5,106.0,,,106.0,106.0,106.0,106.0,100.0,,,,,,,,
1838-03-10,,,,,,,,,,,,,,99.0,99.5,100.0,102.0,103.0,,103.5,105.5,106.0,,,106.0,106.0,106.0,106.0,100.0,,,,,,,,
1838-03-17,,,,,,,,,,,,,,,,,,,,,,,,,,,,,,,,,,,,,
1838-03-24,,,,,,,,,,,,,,,,,,,,,,,,,,,,,,,,,,,,,
1838-03-31,,,,,,,,,,,,,,98.0,98.5,99.0,102.0,103.0,,103.5,105.5,106.0,,,106.0,106.0,106.0,106.0,100.0,,,,,,,,
1838-04-07,,,,,,,,,,,,,,98.0,98.5,99.0,102.0,103.0,,103.5,105.5,106.0,,,106.0,106.0,106.0,106.0,100.0,,,,,,,,
1838-04-14,,,,,,,,,,,,,,98.0,98.5,99.0,102.0,103.0,,103.5,105.5,106.0,,,106.0,106.0,106.0,106.0,100.0,,,,,,,,
1838-04-21,,,,,,,,,,,,,,98.0,98.5,99.0,102.0,103.0,,103.5,105.5,106.0,,,106.0,106.0,106.0,106.0,100.0,,,,,,,,
1838-04-28,,,,,,,,,,,,,,98.0,98.5,99.0,102.0,103.0,,103.5,105.5,106.0,,,106.0,106.0,106.0,106.0,100.0,,,,,,,,
1838-05-05,,,,,,,,,,,,,,98.0,98.5,99.0,102.0,103.0,,103.5,105.5,106.0,,,106.0,106.0,106.0,106.0,100.0,,,,,,,,
1838-05-12,,,,,,,,,,,,,,98.0,98.5,99.0,102.0,103.0,,103.5,105.5,106.0,,,106.0,106.0,106.0,106.0,100.0,,,,,,,,
1838-05-19,,,,,,,,,,,,,,98.0,98.5,99.0,102.0,103.0,,103.5,105.5,106.0,,,106.0,106.0,106.0,106.0,100.0,,,,,,,,
1838-05-26,,,,,,,,,,,,,,98.0,98.5,99.0,102.0,103.0,,103.5,105.5,106.0,,,106.0,106.0,106.0,106.0,100.0,,,,,,,,
1838-06-02,,,,,,,,,,,,,,98.0,98.5,99.0,102.0,103.0,,102.0,105.5,106.0,,,106.0,106.0,106.0,106.0,100.0,,,,,,,,
1838-06-09,,,,,,,,,,,,,,,,,,,,,,,,,,,,,,,,,,,,,
1838-06-16,,,,,,,,,,,,,,98.0,98.5,99.0,102.0,103.0,,102.0,105.5,106.0,,,106.0,106.0,106.0,106.0,100.0,,,,,,,,
1838-06-23,,,,,,,,,,,,,,98.0,98.5,99.0,102.0,103.0,,102.0,105.5,106.0,,,106.0,106.0,106.0,106.0,100.0,,,,,,,,
1838-06-30,,,,,,,,,,,,,,98.0,98.5,99.0,102.0,103.0,,102.0,105.5,106.0,,,106.0,106.0,106.0,106.0,100.0,,,,,,,,
1838-07-07,,,,,,,,,,,,,,,,,,,,,,,,,,,,,,,,,,,,,
1838-07-14,,,,,,,,,,,,,,98.0,98.5,99.0,102.0,103.0,,102.0,105.5,106.0,,,106.0,106.0,106.0,106.0,100.0,,,,,,,,
1838-07-21,,,,,,,,,,,,,,98.0,98.5,99.0,102.0,103.0,,102.0,105.5,106.0,,,106.0,106.0,106.0,106.0,100.0,,,,,,,,
1838-07-28,,,,,,,,,,,,,,98.0,98.5,99.0,102.0,103.0,,102.0,105.5,106.0,,,106.0,106.0,106.0,106.0,100.0,,,,,,,,
1838-08-04,,,,,,,,,,,,,,,,,,,,,,,,,,,,,,,,,,,,,
1838-08-11,,,,,,,,,,,,,,98.0,98.5,99.0,102.0,103.0,,102.0,105.5,106.0,,,106.0,106.0,106.0,106.0,100.0,,,,,,,,
1838-08-18,,,,,,,,,,,,,,98.0,98.5,99.0,102.0,103.0,,103.0,104.0,106.0,,,106.0,106.0,106.0,106.0,100.0,,,,,,,,
1838-08-25,,,,,,,,,,,,,,98.0,98.5,99.0,102.0,103.0,,103.0,104.0,106.0,,,106.0,106.0,106.0,106.0,100.0,,,,,,,,
1838-09-01,,,,,,,,,,,,,,98.0,98.5,99.0,102.0,103.0,,103.0,104.0,106.0,,,106.0,106.0,106.0,106.0,100.0,,,,,,,,
1838-09-08,,,,,,,,,,,,,,98.0,98.5,99.0,102.0,103.0,,103.0,104.0,106.0,,,106.0,106.0,106.0,106.0,100.0,,,,,,,,
1838-09-15,,,,,,,,,,,,,,98.0,98.5,99.0,102.0,103.0,,103.0,104.0,106.0,,,106.0,106.0,106.0,106.0,100.0,,,,,,,,
1838-09-22,,,,,,,,,,,,,,98.0,98.5,99.0,102.0,103.0,,103.0,104.0,106.0,,,106.0,106.0,106.0,106.0,100.0,,,,,,,,
1838-09-29,,,,,,,,,,,,,,98.0,98.5,99.0,102.0,103.0,,103.0,104.0,106.0,,,106.0,106.0,106.0,106.0,100.0,,,,,,,,
1838-10-06,,,,,,,,,,,,,,98.0,98.5,99.0,102.0,103.0,,103.0,104.0,106.0,,,106.0,106.0,106.0,106.0,100.0,,,,,,,,
1838-10-13,,,,,,,,,,,,,,99.0,96.5,101.0,102.0,103.0,,103.0,104.0,104.0,,,105.0,105.0,106.0,106.0,105.0,,,,,,,,
1838-10-20,,,,,,,,,,,,,,99.0,96.5,101.0,102.0,103.0,,103.0,104.0,104.0,,,105.0,105.0,106.0,106.0,105.0,,,,,,,,
1838-10-27,,,,,,,,,,,,,,99.0,96.5,101.0,102.0,103.0,,103.0,104.0,104.0,,,105.0,105.0,106.0,106.0,105.0,,,,,,,,
1838-11-03,,,,,,,,,,,,,,99.0,96.5,101.0,102.0,103.0,,103.0,104.0,104.0,,,105.0,105.0,106.0,106.0,105.0,,,,,,,,
1838-11-10,,,,,,,,,,,,,,99.0,96.5,101.0,102.0,103.0,,103.0,104.0,104.0,,,105.0,105.0,106.0,106.0,105.0,,,,,,,,
1838-11-17,,,,,,,,,,,,,,99.0,96.5,101.0,102.0,103.0,,103.0,104.0,104.0,,,105.0,105.0,106.0,106.0,105.0,,,,,,,,
1838-11-24,,,,,,,,,,,,,,99.0,96.5,101.0,102.0,103.0,,103.0,104.0,104.0,,,105.0,105.0,106.0,106.0,105.0,,,,,,,,
1838-12-01,,,,,,,,,,,,,,99.0,96.5,101.0,102.0,103.0,,103.0,104.0,104.0,,,105.0,105.0,106.0,106.0,105.0,,,,,,,,
1838-12-08,,,,,,,,,,,,,,99.0,96.5,101.0,102.0,103.0,,103.0,104.0,104.0,,,105.0,105.0,106.0,106.0,105.0,,,,,,,,
1838-12-15,,,,,,,,,,,,,,99.0,96.5,101.0,102.0,103.0,,103.0,104.0,104.0,,,105.0,105.0,106.0,106.0,105.0,,,,,,,,
1838-12-22,,,,,,,,,,,,,,99.0,96.5,101.0,102.0,103.0,,103.0,104.0,104.0,,,105.0,105.0,106.0,106.0,105.0,,,,,,,,
1838-12-29,,,,,,,,,,,,,,99.0,96.5,101.0,102.0,103.0,,103.0,104.0,104.0,,,105.0,105.0,106.0,106.0,105.0,,,,,,,,
1839-01-05,,,,,,,,,,,,,,99.0,96.5,101.0,102.0,103.0,,103.0,104.0,104.0,,,105.0,105.0,106.0,106.0,105.0,,,,,,,,
1839-01-12,,,,,,,,,,,,,,99.0,96.5,101.0,102.0,103.0,,103.0,104.0,104.0,,,105.0,105.0,106.0,106.0,105.0,,,,,,,,
1839-01-19,,,,,,,,,,,,,,99.0,96.5,101.0,102.0,103.0,,103.0,104.0,104.0,,,105.0,105.0,106.0,106.0,105.0,,,,,,,,
1839-01-26,,,,,,,,,,,,,,99.0,96.5,101.0,102.0,103.0,,103.0,104.0,104.0,,,105.0,105.0,106.0,106.0,105.0,,,,,,,,
1839-02-02,,,,,,,,,,,,,,99.0,96.5,101.0,102.0,103.0,,103.0,104.0,104.0,,,105.0,105.0,106.0,106.0,105.0,,,,,,,,
1839-02-09,,,,,,,,,,,,,,99.0,96.5,101.0,102.0,103.0,,103.0,104.0,104.0,,,105.0,105.0,106.0,106.0,105.0,,,,,,,,
1839-02-16,,,,,,,,,,,,,,,,,,,,,,,,,,,,,,,,,,,,,
1839-02-23,,,,,,,,,,,,,,99.0,96.5,101.0,102.0,103.0,,103.0,104.0,104.0,,,105.0,105.0,106.0,106.0,105.0,,,,,,,,
1839-03-02,,,,,,,,,,,,,,99.0,96.5,101.0,102.0,103.0,,103.0,104.0,104.0,,,105.0,105.0,106.0,106.0,105.0,,,,,,,,
1839-03-09,,,,,,,,,,,,,,,,,,,,,,,,,,,,,,,,,,,,,
1839-03-16,,,,,,,,,,,,,,99.0,96.5,101.0,102.0,103.0,,103.0,104.0,104.0,,,105.0,105.0,106.0,106.0,105.0,,,,,,,,
1839-03-23,,,,,,,,,,,,,,99.0,96.5,101.0,102.0,103.0,,103.0,104.0,104.0,,,105.0,105.0,106.0,106.0,105.0,,,,,,,,
1839-03-30,,,,,,,,,,,,,,99.0,96.5,101.0,102.0,103.0,,103.0,104.0,104.0,,,105.0,105.0,106.0,106.0,105.0,,,,,,,,
1839-04-06,,,,,,,,,,,,,,99.0,96.5,101.0,102.0,103.0,,103.0,104.0,104.0,,,105.0,105.0,106.0,106.0,105.0,,,,,,,,
1839-04-13,,,,,,,,,,,,,,99.0,96.5,101.0,102.0,103.0,,103.0,104.0,104.0,,,105.0,105.0,106.0,106.0,105.0,,,,,,,,
1839-04-20,,,,,,,,,,,,,,99.0,96.5,101.0,102.0,103.0,,103.0,104.0,104.0,,,105.0,105.0,106.0,106.0,105.0,,,,,,,,
1839-04-27,,,,,,,,,,,,,,,,,,,,,,,,,,,,,,,,,,,,,
1839-05-04,,,,,,,,,,,,,,90.0,94.0,96.0,97.0,99.0,,99.0,100.0,100.0,,,100.0,100.0,100.0,100.0,100.0,,,,,,,,
1839-05-11,,,,,,,,,,,,,,90.0,94.0,96.0,97.0,99.0,,99.0,100.0,100.0,,,100.0,100.0,100.0,100.0,100.0,,,,,,,,
1839-05-18,,,,,,,,,,,,,,93.0,96.0,97.0,97.0,97.0,,98.0,99.0,99.0,,,99.0,99.0,99.0,99.0,100.0,,,,,,,,
1839-05-25,,,,,,,,,,,,,,93.0,96.0,97.0,97.0,97.0,,98.0,99.0,99.0,,,99.0,99.0,99.0,99.0,100.0,,,,,,,,
1839-06-01,,,,,,,,,,,,,,93.0,96.0,97.0,97.0,97.0,,98.0,99.0,99.0,,,99.0,99.0,99.0,99.0,100.0,,,,,,,,
1839-06-08,,,,,,,,,,,,,,93.0,96.0,97.0,97.0,97.0,,98.0,99.0,99.0,,,99.0,99.0,99.0,99.0,100.0,,,,,,,,
1839-06-15,,,,,,,,,,,,,,93.0,96.0,97.0,97.0,97.0,,98.0,99.0,99.0,,,99.0,99.0,99.0,99.0,100.0,,,,,,,,
1839-06-22,,,,,,,,,,,,,,93.0,96.0,97.0,97.0,97.0,,98.0,99.0,99.0,,,99.0,99.0,99.0,99.0,100.0,,,,,,,,
1839-06-29,,,,,,,,,,,,,,93.0,96.0,97.0,97.0,97.0,,98.0,99.0,99.0,,,99.0,99.0,99.0,99.0,100.0,,,,,,,,
1839-07-06,,,,,,,,,,,,,,93.0,96.0,97.0,97.0,97.0,,98.0,99.0,99.0,,,99.0,99.0,99.0,99.0,100.0,,,,,,,,
1839-07-13,,,,,,,,,,,,,,93.0,96.0,97.0,97.0,97.0,,98.0,99.0,99.0,,,99.0,99.0,99.0,99.0,100.0,,,,,,,,
1839-07-20,,,,,,,,,,,,,,93.0,96.0,97.0,97.0,97.0,,98.0,99.0,99.0,,,99.0,99.0,99.0,99.0,100.0,,,,,,,,
1839-07-27,,,,,,,,,,,,,,93.0,96.0,97.0,97.0,97.0,,98.0,99.0,99.0,,,99.0,99.0,99.0,99.0,100.0,,,,,,,,
1839-08-03,,,,,,,,,,,,,,93.0,93.0,94.5,94.5,94.5,,94.5,94.5,94.5,,,94.5,94.5,94.5,94.5,100.0,,,,,,,,
1839-08-10,,,,,,,,,,,,,,93.0,93.0,94.5,94.5,94.5,,94.5,94.5,94.5,,,94.5,94.5,94.5,94.5,100.0,,,,,,,,
1839-08-17,,,,,,,,,,,,,,93.0,93.0,94.5,94.5,94.5,,94.5,94.5,94.5,,,94.5,94.5,94.5,94.5,100.0,,,,,,,,
1839-08-24,,,,,,,,,,,,,,91.0,,,,,,,,,,,,,,,100.0,,,,,,,,
1839-08-31,,,,,,,,,,,,,,91.0,,,,,,,,,,,,,,,100.0,,,,,,,,
1839-09-07,,,,,,,,,,,,,,91.0,,,,,,,,,,,,,,,100.0,,,,,,,,
1839-09-14,,,,,,,,,,,,,,91.0,,,,,,,,,,,,,,,100.0,,,,,,,,
1839-09-21,,,,,,,,,,,,,,91.0,,,,,,,,,,,,,,,100.0,,,,,,,,
1839-09-28,,,,,,,,,,,,,,91.0,,,,,,,,,,,,,,,100.0,,,,,,,,
1839-10-05,,,,,,,,,,,,,,,,,,,,,,,,,,,,,,,,,,,,,
1839-10-12,,,,,,,,,,,,,,91.0,,,,,,,,,,,,,,,100.0,,,,,,,,
1839-10-19,,,,,,,,,,,,,,91.0,,,,,,,,,,,,,,,100.0,,,,,,,,
1839-10-26,,,,,,,,,,,,,,91.0,,,,,,,,,,,,,,,,,,,,,,,
1839-11-02,,,,,,,,,,,,,,91.0,,,,,,,,,,,,,,,,,,,,,,,
1839-11-09,,,,,,,,,,,,,,91.0,,,,,,,,,,,,,,,,,,,,,,,
1839-11-16,,,,,,,,,,,,,,91.0,,,,,,,92.0,91.5,,,,,,,,,,,,,,,
1839-11-23,,,,,,,,,,,,,,91.0,,,,,,,92.0,91.5,,,,,,,,,,,,,,,
1839-11-30,,,,,,,,,,,,,,91.0,,,,,,,92.0,91.5,,,,,,,,,,,,,,,
1839-12-07,,,,,,,,,,,,,,91.0,,,,,,,92.0,91.5,,,,,,,,,,,,,,,
1839-12-14,,,,,,,,,,,,,,91.0,,,,,,,92.0,91.5,,,,,,,,,,,,,,,
1839-12-21,,,,,,,,,,,,,,91.0,,,,,,,92.0,91.5,,,,,,,,,,,,,,,
1839-12-28,,,,,,,,,,,,,,91.0,,,,,,,92.0,91.5,,,,,,,,,,,,,,,
1840-01-04,,,,,,,,,,,,,,,,,,,,,92.0,91.5,,,,,,,,,,,,,,,
1840-01-11,,,,,,,,,,,,,,,,,,,,,92.0,91.5,,,,,,,,,,,,,,,
1840-01-18,,,,,,,,,,,,,,,,,,,,,92.0,91.5,,,,,,,,,,,,,,,
1840-01-25,,,,,,,,,,,,,,,92.0,92.0,93.0,93.0,,93.0,93.0,93.0,,,93.0,93.0,93.0,93.0,,,,,,,,,
1840-02-01,,,,,,,,,,,,,,,92.0,92.0,93.0,95.0,,95.0,95.0,95.0,,,95.0,95.0,95.0,95.0,95.0,,,,,,,,
1840-02-08,,,,,,,,,,,,,,,92.0,92.0,93.0,95.0,,95.0,95.0,95.0,,,95.0,95.0,95.0,95.0,,,,,,,,,
1840-02-15,,,,,,,,,,,,,,,92.0,92.0,93.0,95.0,,95.0,95.0,95.0,,,95.0,95.0,95.0,95.0,,,,,,,,,
1840-02-22,,,,,,,,,,,,,,,92.0,92.0,93.0,95.0,,95.0,95.0,95.0,,,95.0,95.0,95.0,95.0,,,,,,,,,
1840-02-29,,,,,,,,,,,,,,,92.0,92.0,93.0,95.0,,95.0,95.0,95.0,,,95.0,95.0,95.0,95.0,,,,,,,,,
1840-03-07,,,,,,,,,,,,,,,92.0,92.0,93.0,93.0,,93.0,93.0,93.0,,,93.0,93.0,93.0,93.0,,,,,,,,,
1840-03-14,,,,,,,,,,,,,,,92.0,92.0,93.0,93.0,,93.0,93.0,93.0,,,93.0,93.0,93.0,93.0,,,,,,,,,
1840-03-21,,,,,,,,,,,,,,,92.0,92.0,93.0,93.0,,93.0,93.0,93.0,,,93.0,93.0,93.0,93.0,,,,,,,,,
1840-03-28,,,,,,,,,,,,,,,92.0,92.0,93.0,93.0,,93.0,93.0,93.0,,,93.0,93.0,93.0,93.0,,,,,,,,,
1840-04-04,,,,,,,,,,,,,,,90.0,90.0,90.0,90.0,,90.0,90.0,90.0,,,90.0,90.0,90.0,90.0,,,,,,,,,
1840-04-11,,,,,,,,,,,,,,,90.0,90.0,90.0,90.0,,90.0,90.0,90.0,,,90.0,90.0,90.0,90.0,,,,,,,,,
1840-04-18,,,,,,,,,,,,,,,91.0,91.0,91.0,91.0,,91.0,91.0,91.0,,,91.0,91.0,91.0,91.0,,,,,,,,,
1840-04-25,,,,,,,,,,,,,,,91.0,91.0,91.0,91.0,,91.0,91.0,91.0,,,91.0,91.0,91.0,91.0,,,,,,,,,
1840-05-02,,,,,,,,,,,,,,,91.0,91.0,91.0,91.0,,91.0,91.0,91.0,,,91.0,91.0,91.0,91.0,,,,,,,,,
1840-05-09,,,,,,,,,,,,,,,93.0,90.0,90.0,90.0,,90.0,90.0,90.0,,,90.0,90.0,90.0,90.0,,,,,,,,,
1840-05-16,,,,,,,,,,,,,,,93.0,91.0,91.0,91.0,,91.0,91.0,91.0,,,91.0,91.0,91.0,91.0,,,,,,,,,
1840-05-23,,,,,,,,,,,,,,,,,,92.0,,92.0,92.0,92.0,,,92.0,92.0,92.0,92.0,92.0,,,,,,,,
1840-05-30,,,,,,,,,,,,,,,,,,91.0,,91.0,91.0,91.0,,,91.0,91.0,91.0,91.0,91.0,,,,,,,,
1840-06-06,,,,,,,,,,,,,,,,,,91.0,,91.0,91.0,91.0,,,94.0,94.0,94.0,94.0,94.0,,,,,,,,
1840-06-13,,,,,,,,,,,,,,,,,95.5,95.5,,95.5,95.5,95.5,,,95.5,95.5,95.5,95.5,,,,,,,,,
1840-06-20,,,,,,,,,,,,,,,,,97.0,97.0,,97.5,97.5,96.5,,,96.5,96.5,96.5,96.5,,,,,,,,,
1840-06-27,,,,,,,,,,,,,,,,,97.0,97.0,,97.5,97.5,97.5,,,97.5,97.5,97.5,97.5,,,,,,,,,
1840-07-04,,,,,,,,,,,,,,,,,97.0,97.0,,97.0,97.0,97.0,,,97.0,97.0,97.0,97.0,,,,,,,,,
1840-07-11,,,,,,,,,,,,,,,,,94.5,94.5,,94.5,94.5,94.5,,,94.5,94.5,94.5,94.5,,,,,,,,,
1840-07-18,,,,,,,,,,,,,,,,,94.5,94.5,,94.5,94.5,94.5,,,94.5,94.5,94.5,94.5,,,,,,,,,
1840-07-25,,,,,,,,,,,,,,,,,94.5,94.5,,94.5,94.5,94.5,,,94.5,94.5,94.5,94.5,,,,,,,,,
1840-08-01,,,,,,,,,,,,,,,,,94.5,94.5,,94.5,94.5,94.5,,,94.5,94.5,94.5,94.5,,,,,,,,,
1840-08-08,,,,,,,,,,,,,,,,,94.5,95.0,,95.0,95.0,95.0,,,95.0,95.0,95.0,95.0,,,,,,,,,
1840-08-15,,,,,,,,,,,,,,,98.0,98.0,98.0,98.0,,98.0,98.0,98.0,,,98.0,98.0,98.0,98.0,,,,,,,,,
1840-08-22,,,,,,,,,,,,,,,98.0,98.0,98.0,98.0,,98.0,98.0,98.0,,,98.0,98.0,98.0,98.0,,,,,,,,,
1840-08-29,,,,,,,,,,,,,,,98.0,98.0,98.0,98.0,,98.0,98.0,98.0,,,98.0,98.0,98.0,98.0,,,,,,,,,
1840-09-05,,,,,,,,,,,,,,,98.0,97.0,97.0,97.0,,97.0,97.0,97.0,,,97.0,97.0,97.0,97.0,,,,,,,,,
1840-09-12,,,,,,,,,,,,,,,,,,,,,,,,,,,,,,,,,,,,,
1840-09-19,,,,,,,,,,,,,,,95.0,95.0,95.0,95.0,,95.0,95.0,95.0,,,95.0,95.0,95.0,95.0,,,,,,,,,
1840-09-26,,,,,,,,,,,,,,,93.5,93.5,93.5,93.5,,93.5,93.5,93.5,,,93.5,93.5,93.5,93.5,,,,,,,,,
1840-10-03,,,,,,,,,,,,,,,93.5,93.5,93.5,93.5,,93.5,93.5,93.5,,,93.5,93.5,93.5,93.5,,,,,,,,,
1840-10-10,,,,,,,,,,,,,,,93.0,93.0,93.0,93.0,,93.0,93.0,93.0,,,93.0,93.0,93.0,93.0,99.5,,,,,,,,
1840-10-17,,,,,,,,,,,,,,,93.0,93.0,93.0,93.0,,93.0,93.0,93.0,,,93.0,93.0,93.0,93.0,99.5,,,,,,,,
1840-10-24,,,,,,,,,,,,,,,95.0,94.0,94.0,94.0,,94.0,94.0,94.0,,,94.0,94.0,94.0,94.0,94.5,,,,,,,,
1840-10-31,,,,,,,,,,,,,,,95.0,94.0,94.0,94.0,,94.0,94.0,94.0,,,94.0,94.0,94.0,94.0,94.5,,,,,,,,
1840-11-07,,,,,,,,,,,,,,,95.0,94.0,94.0,94.0,,94.0,94.0,94.0,,,94.0,94.0,94.0,94.0,94.5,,,,,,,,
1840-11-14,,,,,,,,,,,,,,,95.0,94.5,94.5,94.5,,94.5,94.5,94.5,,,94.5,94.5,94.5,94.5,94.5,,,,,,,,
1840-11-21,,,,,,,,,,,,,,,95.0,94.5,94.5,94.5,,94.5,94.5,94.5,,,94.5,94.5,94.5,94.5,94.5,,,,,,,,
1840-11-28,,,,,,,,,,,,,,,95.0,94.5,94.5,94.5,,94.5,94.5,94.5,,,94.5,94.5,94.5,94.5,94.5,,,,,,,,
1840-12-05,,,,,,,,,,,,,,,95.0,94.5,94.5,94.5,,94.5,94.5,94.5,,,94.5,94.5,94.5,94.5,94.5,,,,,,,,
1840-12-12,,,,,,,,,,,,,,,,,,,,,,,,,,,,,,,,,,,,,
1840-12-19,,,,,,,,,,,,,,,95.0,93.0,93.0,93.0,,93.0,93.0,93.0,,,93.0,93.0,93.0,93.0,98.0,,,,,,,,
1840-12-26,,,,,,,,,,,,,,,95.0,93.0,93.0,93.0,,93.0,93.0,93.0,,,93.0,93.0,93.0,93.0,98.0,,,,,,,,
1841-01-02,,,,,,,,,,,,,,,95.0,92.5,92.5,92.5,,92.5,92.5,92.5,,,92.5,92.5,92.5,92.5,98.0,,,,,,,,
1841-01-09,,,,,,,,,,,,,,,95.0,89.0,89.0,89.0,,89.0,89.0,89.0,,,89.0,89.0,89.0,89.0,98.0,,,,,,,,
1841-01-16,,,,,,,,,,,,,,,95.0,89.0,89.0,89.0,,89.0,89.0,89.0,,,89.0,89.0,89.0,89.0,98.0,,,,,,,,
1841-01-23,,,,,,,,,,,,,,,95.0,88.0,88.0,88.0,,88.0,88.0,88.0,,,88.0,88.0,88.0,88.0,98.0,,,,,,,,
1841-01-30,,,,,,,,,,,,,,,,,,,,,,,,,,,,,,,,,,,,,
1841-02-06,,,,,,,,,,,,,,,,,,,,,,,,,,,,,,,,,,,,,
1841-02-13,,,,,,,,,,,,,,,,,,,,,,,,,,,,,,,,,,,,,
1841-02-20,,,,,,,,,,,,,,,,82.0,82.0,82.0,,82.0,82.0,82.0,,,82.0,82.0,82.0,82.0,82.0,,,,,,,,
1841-02-27,,,,,,,,,,,,,,,,79.0,79.0,79.0,,79.0,79.0,79.0,,,79.0,79.0,79.0,79.0,90.0,,,,,,,,
1841-03-06,,,,,,,,,,,,,,,,73.0,73.0,73.0,,73.0,73.0,73.0,,,73.0,73.0,74.0,73.0,90.0,,,,,,,,
1841-03-13,,,,,,,,,,,,,,,,73.0,73.0,73.0,,73.0,73.0,73.0,,,73.0,73.0,74.0,73.0,90.0,,,,,,,,
1841-03-20,,,,,,,,,,,,,,,,73.0,73.0,73.0,,73.0,73.0,73.0,,,73.0,73.0,74.0,73.0,90.0,,,,,,,,
1841-03-27,,,,,,,,,,,,,,,,72.0,72.0,72.0,,72.0,72.0,72.0,,,72.0,72.0,72.0,72.0,90.0,,,,,,,,
1841-04-03,,,,,,,,,,,,,,,,74.0,74.0,74.0,,74.0,74.0,74.0,,,74.0,74.0,74.0,74.0,90.0,,,,,,,,
1841-04-10,,,,,,,,,,,,,,,,78.0,78.0,78.0,,78.0,78.0,78.0,,,78.0,78.0,78.0,78.0,90.0,,,,,,,,
1841-04-17,,,,,,,,,,,,,,,,80.5,80.5,80.5,,80.5,80.5,80.5,,,80.5,80.5,80.5,80.5,90.0,,,,,,,,
1841-04-24,,,,,,,,,,,,,,,,80.5,80.5,80.5,,80.5,80.5,80.5,,,80.5,80.5,80.5,80.5,90.0,,,,,,,,
1841-05-01,,,,,,,,,,,,,,,,80.5,80.5,80.5,,80.5,80.5,80.5,,,80.5,80.5,80.5,80.5,90.0,,,,,,,,
1841-05-08,,,,,,,,,,,,,,,,,,,,,,,,,,,,,,,,,,,,,
1841-05-15,,,,,,,,,,,,,,,,80.5,80.5,80.5,,80.5,80.5,80.5,,,80.5,80.5,80.5,80.5,90.0,,,,,,,,
1841-05-22,,,,,,,,,,,,,,,,80.5,80.5,80.5,,80.5,80.5,80.5,,,80.5,80.5,80.5,80.5,90.0,,,,,,,,
1841-05-29,,,,,,,,,,,,,,,,80.5,80.5,80.5,,80.5,80.5,80.5,,,80.5,80.5,80.5,80.5,90.0,,,,,,,,
1841-06-05,,,,,,,,,,,,,,,,79.0,79.0,79.0,,79.0,79.0,79.0,,,79.0,79.0,79.0,79.0,90.0,,,,,,,,
1841-06-12,,,,,,,,,,,,,,,,,,,,,,,,,,,,,,,,,,,,,
1841-06-19,,,,,,,,,,,,,,,,80.0,80.0,80.0,,80.0,80.0,80.0,,,80.0,80.0,80.0,80.0,90.0,,,,,,,,
1841-06-26,,,,,,,,,,,,,,,,80.0,80.0,80.0,,80.0,80.0,80.0,,,80.0,80.0,80.0,80.0,90.0,,,,,,,,
1841-07-03,,,,,,,,,,,,,,,,,,,,,,,,,,,,,,,,,,,,,
1841-07-10,,,,,,,,,,,,,,,,,,,,,,,,,,,,,,,,,,,,,
1841-07-17,,,,,,,,,,,,,,,,78.0,78.0,78.0,,78.0,78.0,78.0,,,78.0,78.0,78.0,78.0,90.0,,,,,,,,
1841-07-24,,,,,,,,,,,,,,,,78.0,78.0,78.0,,78.0,78.0,78.0,,,78.0,78.0,78.0,78.0,90.0,,,,,,,,
1841-07-31,,,,,,,,,,,,,,,,78.0,78.0,78.0,,78.0,78.0,78.0,,,78.0,78.0,78.0,78.0,90.0,,,,,,,,
1841-08-07,,,,,,,,,,,,,,,85.0,81.0,81.0,81.0,,81.0,81.0,81.0,,,81.0,81.0,81.0,81.0,90.0,,,,,,,,
1841-08-14,,,,,,,,,,,,,,,87.0,84.0,84.0,84.0,,84.0,84.0,84.0,,,84.0,84.0,84.0,84.0,90.0,,,,,,,,
1841-08-21,,,,,,,,,,,,,,,,,,,,,,,,,,,,,,,,,,,,,
1841-08-28,,,,,,,,,,,,,,,86.0,79.5,79.5,79.5,,79.5,79.5,79.5,,,79.5,79.5,79.5,79.5,79.5,,,,,,,,
1841-09-04,,,,,,,,,,,,,,,86.0,79.5,79.5,79.5,,79.5,79.5,79.5,,,79.5,79.5,79.5,79.5,79.5,,,,,,,,
1841-09-11,,,,,,,,,,,,,,,86.0,79.5,79.5,79.5,,79.5,79.5,79.5,,,79.5,79.5,79.5,79.5,79.5,,,,,,,,
1841-09-18,,,,,,,,,,,,,,,89.0,78.0,78.0,78.0,,78.0,78.0,78.0,,,78.0,78.0,78.0,78.0,90.0,,,,,,,,
1841-09-25,,,,,,,,,,,,,,,87.0,81.0,78.5,78.5,,78.5,78.5,78.5,,,78.5,78.5,78.5,78.5,90.0,,,,,,,,
1841-10-02,,,,,,,,,,,,,,,87.0,80.0,78.5,78.5,,78.5,78.5,78.5,,,78.5,78.5,78.5,78.5,90.0,,,,,,,,
1841-10-09,,,,,,,,,,,,,,,,,,,,,,,,,,,,,,,,,,,,,
1841-10-16,,,,,,,,,,,,,,,85.0,74.0,74.0,74.0,,74.0,74.0,74.0,,,74.0,74.0,74.0,74.0,90.5,,,,,,,,
1841-10-23,,,,,,,,,,,,,,,85.0,74.0,74.0,74.0,,74.0,74.0,74.0,,,74.0,74.0,74.0,74.0,90.5,,,,,,,,
1841-10-30,,,,,,,,,,,,,,,84.0,73.0,73.0,73.0,,73.0,73.0,73.0,,,73.0,73.0,73.0,73.0,90.5,,,,,,,,
1841-11-06,,,,,,,,,,,,,,,80.0,72.0,72.0,72.0,,72.0,72.0,72.0,,,72.0,72.0,72.0,72.0,90.5,,,,,,,,
1841-11-13,,,,,,,,,,,,,,,,,,,,,,,,,,,,,,,,,,,,,
1841-11-20,,,,,,,,,,,,,,,78.0,68.5,68.5,68.5,,68.5,68.5,68.5,,,68.5,68.5,68.5,68.5,90.5,,,,,,,,
1841-11-27,,,,,,,,,,,,,,,78.0,68.5,68.5,68.5,,68.5,68.5,68.5,,,68.5,68.5,68.5,68.5,90.5,,,,,,,,
1841-12-04,,,,,,,,,,,,,,,70.0,60.0,60.0,60.0,,60.0,60.0,60.0,,,60.0,60.0,60.0,60.0,90.5,,,,,,,,
1841-12-11,,,,,,,,,,,,,,,70.0,61.0,61.0,61.0,,61.0,61.0,60.0,,,60.0,60.0,60.0,60.0,90.5,,,,,,,,
1841-12-18,,,,,,,,,,,,,,,70.0,60.0,60.0,60.0,,60.0,60.0,60.0,,,60.0,60.0,60.0,60.0,90.5,,,,,,,,
1841-12-25,,,,,,,,,,,,,,,70.0,60.0,60.0,60.0,,60.0,60.0,60.0,,,60.0,60.0,60.0,60.0,,,,,,,,,
1842-01-01,,,,,,,,,,,,,,,70.0,60.0,60.0,60.0,,60.0,60.0,60.0,,,60.0,60.0,60.0,60.0,,,,,,,,,
1842-01-08,,,,,,,,,,,,,,,50.0,50.0,50.0,50.0,,50.0,50.0,50.0,,,50.0,50.0,50.0,50.0,,,,,,,,,
1842-01-15,,,,,,,,,,,,,,,50.0,50.0,50.0,50.0,,50.0,50.0,50.0,,,50.0,50.0,50.0,50.0,,,,,,,,,
1842-01-22,,,,,,,,,,,,,,,52.0,52.0,52.0,52.0,,52.0,52.0,52.0,,,52.0,52.0,52.0,52.0,,,,,,,,,
1842-01-29,,,,,,,,,,,,,,,,,,,,,,,,,,,,,,,,,,,,,
1842-02-05,,,,,,,,,,,,,,,52.0,52.0,52.0,52.0,,52.0,52.0,52.0,,,52.0,52.0,52.0,52.0,,,,,,,,,
1842-02-12,,,,,,,,,,,,,,,,,,,,,,,,,,,,,,,,,,,,,
1842-02-19,,,,,,,,,,,,,,,52.0,52.0,52.0,52.0,,52.0,52.0,52.0,,,52.0,52.0,52.0,52.0,,,,,,,,,
1842-02-26,,,,,,,,,,,,,,,52.0,52.0,52.0,52.0,,52.0,52.0,52.0,,,52.0,52.0,52.0,52.0,,,,,,,,,
1842-03-05,,,,,,,,,,,,,,,49.5,49.5,49.5,49.5,,49.5,49.5,49.5,,,49.5,49.5,49.5,49.5,,,,,,,,,
1842-03-12,,,,,,,,,,,,,,,50.0,49.5,49.5,49.5,,49.5,49.5,49.5,,,49.5,49.5,49.5,49.5,,,,,,,,,
1842-03-19,,,,,,,,,,,,,,,,,,,,,,,,,,,,,,,,,,,,,
1842-03-26,,,,,,,,,,,,,,,,,,38.0,,,38.0,,,,39.0,,,37.0,,,,,,,,,
1842-04-02,,,,,,,,,,,,,,,,,,38.0,,,33.0,,,,33.0,,,37.0,,,,,,,,,
1842-04-09,,,,,,,,,,,,,,,,,,35.0,,35.0,35.0,35.0,,,35.0,35.0,35.0,35.0,,,,,,,,,
1842-04-16,,,,,,,,,,,,,,,,,,37.0,,37.0,37.0,37.0,,,37.0,37.0,37.0,37.0,,,,,,,,,
1842-04-23,,,,,,,,,,,,,,,,,,41.0,,41.0,41.0,41.0,,,41.0,41.0,41.0,41.0,,,,,,,,,
1842-04-30,,,,,,,,,,,,,,,,,,40.0,,40.0,40.0,40.0,,,40.0,40.0,40.0,40.0,,,,,,,,,
1842-05-07,,,,,,,,,,,,,,,,,,40.0,,40.0,40.0,40.0,,,40.0,40.0,40.0,40.0,,,,,,,,,
1842-05-14,,,,,,,,,,,,,,,,,,45.0,,45.0,45.0,45.0,,,45.0,45.0,45.0,45.0,,,,,,,,,
1842-05-21,,,,,,,,,,,,,,,,,,45.0,,45.0,45.0,45.0,,,45.0,45.0,45.0,45.0,,,,,,,,,
1842-05-28,,,,,,,,,,,,,,,48.0,,,45.0,,45.0,45.0,,,,45.0,45.0,45.0,43.0,,,,,,,,,
1842-06-04,,,,,,,,,,,,,,,,,,,,,,,,,,,,,,,,,,,,,
1842-06-11,,,,,,,,,,,,,,,,,,,,,,,,,,,,,,,,,,,,,
1842-06-18,,,,,,,,,,,,,,,48.0,,,42.0,,,,,,,,,,42.0,,,,,,,,,
1842-06-25,,,,,,,,,,,,,,,48.0,,,42.0,,,,,,,,,,43.0,,,,,,,,,
1842-07-02,,,,,,,,,,,,,,,48.0,,,42.0,,,,,,,,,,43.0,,,,,,,,,
1842-07-09,,,,,,,,,,,,,,,48.0,,,42.0,,,,,,,,,,43.0,,,,,,,,,
1842-07-16,,,,,,,,,,,,,,,48.0,,,42.0,,,,,,,,,,43.0,,,,,,,,,
1842-07-23,,,,,,,,,,,,,,,,,,,,,,,,,,,,,,,,,,,,,
1842-07-30,,,,,,,,,,,,,,,,,,,,,,,,,,,,,,,,,,,,,
1842-08-06,,,,,,,,,,,,,,,48.0,,,42.0,,,,,,,,,,43.0,,,,,,,,,
1842-08-13,,,42.0,,,,,,,,,,,,37.0,37.0,37.0,37.0,,37.0,37.0,37.0,,,37.0,37.0,37.0,37.0,,,,,,,,,
1842-08-20,,,42.0,,,,,,,,,,,,37.0,37.0,37.0,37.0,,37.0,37.0,37.0,,,37.0,37.0,37.0,37.0,,,,,,,,,
1842-08-27,,,42.0,,,,,,,,,,,,40.0,40.0,40.0,40.0,,40.0,40.0,40.0,,,40.0,40.0,40.0,40.0,,,,,,,,,
1842-09-03,,,42.0,,,,,,,,,,,,40.0,40.0,40.0,40.0,,40.0,40.0,40.0,,,40.0,40.0,40.0,40.0,,,,,,,,,
1842-09-10,,,42.0,,,,,,,,,,,,40.0,40.0,40.0,40.0,,40.0,40.0,40.0,,,40.0,40.0,40.0,40.0,,,,,,,,,
1842-09-17,,,42.0,,,,,,,,,,,,40.0,40.0,40.0,40.0,,40.0,40.0,40.0,,,40.0,40.0,40.0,40.0,,,,,,,,,
1842-09-24,,,42.0,,,,,,,,,,,,40.0,40.0,40.0,40.0,,40.0,40.0,40.0,,,40.0,40.0,40.0,40.0,,,,,,,,,
1842-10-01,,,50.0,,,,,,,,,,,,,,,,,,,46.0,,,,,,,,,,,,,,,
1842-10-08,,,50.0,,,,,,,,,,,,,,,,,,,46.0,,,,,,,,,,,,,,,
1842-10-15,,,50.0,,,,,,,,,,,,,,,,,,,46.0,,,,,,,,,,,,,,,
1842-10-22,,,54.0,,,,,,,,,,,,,,,,,,,45.5,,,45.5,45.5,45.5,45.5,,,,,,,,,
1842-10-29,,,54.0,,,,,,,,,,,,,,,,,,,45.5,,,45.5,45.5,45.5,45.5,,,,,,,,,
1842-11-05,,,54.0,,,,,,,,,,,,,,,,,,,45.5,,,45.5,45.5,45.5,45.5,,,,,,,,,
1842-11-12,,,,,,,,,,,,,,,,,,,,,,,,,,,,,,,,,,,,,
1842-11-19,,,,,,,,,,,,,,,,,,,,,,,,,,,,,,,,,,,,,
1842-11-26,,,54.0,,,,,,,,,,,,,,,,,,,42.0,,,42.0,42.0,42.0,42.0,,,,,,,,,
1842-12-03,,,40.0,,,,,,,,,,,,,,,,,,,37.0,,,37.0,37.0,37.0,37.0,,,,,,,,,
1842-12-10,,,,,,,,,,,,,,,,,,,,,,,,,,,,,,,,,,,,,
1842-12-17,,,50.0,,45.5,,,,45.5,,,,,,,,,42.0,,42.0,42.0,42.0,,,42.0,42.0,42.0,42.0,,,,,,,,,
1842-12-24,,,,,,,,,,,,,,,,,,,,,,,,,,,,,,,,,,,,,
1842-12-31,,,50.0,,46.0,,,,46.0,,,,,,,,,,,,,,,44.5,,,,,,,80.0,79.5,,61.75,,,
1843-01-07,,,50.0,,46.0,,,,46.0,,,,,,,,,,,,,,,44.5,,,,,,,80.0,79.5,,61.75,,,
1843-01-14,,,54.5,,41.0,,,,44.0,,,,,,,,,,,,,,,42.0,,,,,,,,76.5,,60.5,,,
1843-01-21,,,51.0,,44.0,,,,44.0,,,,,,,,,,,,,,,40.0,,,,,,,,80.5,,63.0,,,
1843-01-28,,,50.0,,45.0,,,,45.0,,,,,,,,,,,,,,,42.0,,,,,,,,80.5,,63.25,,,
1843-02-04,,,,,,,,,,,,,,,,,,,,,,,,,,,,,,,,,,,,,
1843-02-11,,,52.0,,48.5,,,,47.0,,,,,,,,,,,,,,,42.0,,,,,,,,86.5,,67.0,,,
1843-02-18,,,52.0,,47.0,,,,47.0,,,,,,,,,,,,,,,41.5,,,,,,,65.0,84.5,,76.0,,,
1843-02-25,,,51.0,,45.0,,,,45.0,,,,,,,,,,,,,,,40.75,,,,,,,65.0,84.0,,68.25,,,
1843-03-04,,,49.0,,44.0,,,,,,,,,,,,,,,,,,,39.0,,,,,,,,83.75,,67.0,,,
1843-03-11,,,48.0,,43.0,,,,,,,,,,,,,,,,,,,39.25,,,,,,,,84.5,,67.0,,,
1843-03-18,,,48.0,,43.0,,,,,,,,,,,,,,,,,,,37.0,,,,,,,,85.0,,67.5,,,
1843-03-26,,,48.0,,43.0,,,,,,,,,,,,,,,,,,,38.0,,,,,,,,85.5,,67.5,,,
1843-04-01,,,45.0,,44.0,,,,,,,,,,,,,,,,,,,38.5,,,,,,,,84.75,,67.5,,,
1843-04-08,,,45.0,,44.0,,,,,,,,,,,,,,,,,,,39.75,,,,,,,,,,67.5,,,
1843-04-15,,,45.0,,44.0,,,,,,,,,,,,,,,,,,,39.75,,,,,,,,,,67.25,,,
1843-04-22,,,49.0,,49.0,,,,,,,,,,,,,,,,,,,48.5,,,,,,,,87.5,,68.0,,,
1843-04-29,,,47.0,,47.0,,,,,,,,,,,,,,,,,,,43.0,,,,,,,,91.5,,73.25,,,
1843-05-06,,,50.0,,50.0,,,,,,,,,,,,,,,,,,,48.0,,,,,,,,91.5,,75.5,,,
1843-05-13,,,50.0,,50.0,,,,,,,,,,,,,,,,,,,47.0,,,,,,,,91.5,,75.5,,,
1843-05-20,,,48.0,,48.0,,,,,,,,,,,,,,,,,,,45.75,,,,,,,,95.0,,76.5,,,
1843-05-27,,,49.0,,49.0,,,,,,,,,,,,,,,,,,,47.5,,,,,,,,95.625,,79.0,,,
1843-06-03,,,52.5,,52.5,,,,,,,,,,,,,,,,,,,49.25,,,,,,,97.0,98.0,,82.0,,,
1843-06-10,,,48.0,,48.0,,,,,,,,,,,,,,,,,,,45.0,,,,,,,97.0,98.0,,80.0,,,
1843-06-17,,,50.0,,50.0,,,,,,,,,,,,,,,,,,,46.5,,,,,,,97.0,97.25,,81.0,,,
1843-06-24,,,50.0,,50.0,,,,50.0,,,,,,,,,,,,,,,45.75,,,,,,,95.0,97.0,,80.0,,,
1843-07-01,,,50.5,,50.5,,,,50.5,,,,,,,,,,,,,,,48.5,,,,,,,96.0,99.0,,82.0,,,
1843-07-08,,,53.0,,53.0,,,,53.0,,,,,,,,,,,,,,,48.25,,,,,,,93.0,96.25,,80.0,,,
1843-07-15,,,51.0,,51.0,,,,51.0,,,,,,,,,,,,,,,48.75,,,,,,,93.0,95.5,,81.0,,,
1843-07-22,,,53.0,,53.0,,,,53.0,,,,,,,,,,,,,,,48.75,,,,,,,93.0,95.75,,82.0,,,
1843-07-29,,,54.0,,54.0,,,,54.0,,,,,,,,,,,,,,,49.5,,,,,,,93.0,96.25,,81.75,,,
1843-08-05,,,54.0,,54.0,,,,54.0,,,,,,,,,,,,,,,48.5,,,,,,,93.0,96.5,,81.75,,,
1843-08-12,,,54.5,,54.5,,,,54.5,,,,,,,,,,,,,,,50.25,,,,,,,93.0,96.5,,81.75,,,
1843-08-19,,,57.0,,57.0,,,,57.0,,,,,,,,,,,,,,,53.0,,,,,,,93.0,97.0,,81.75,,,
1843-08-26,,,56.0,,56.0,,,,56.0,,,,,,,,,,,,,,,53.0,,,,,,,93.0,97.0,,81.75,,,
1843-09-01,,,58.0,,58.0,,,,58.0,,,,,,,,,,,,,,,53.0,,,,,,,93.0,97.25,,81.5,,,
1843-09-09,,,63.0,,63.0,,,,63.0,,,,,,,,,,,,,,,57.0,,,,,,,93.0,97.25,,81.5,,,
1843-09-16,,,62.0,,62.0,,,,62.0,,,,,,,,,,,,,,,56.75,,,,,,,93.0,97.25,,81.5,,,
1843-09-23,,,63.0,,63.0,,,,63.0,,,,,,,,,,,,,,,58.625,,,,,,,93.0,99.0,,82.25,,,
1843-09-30,,,66.0,,66.0,,,,66.0,,,,,,,,,,,,,,,62.0,,,,,,,93.0,99.0,,83.0,,,
1843-10-07,,,64.0,,64.0,,,,64.0,,,,,,,,,,,,,,,61.125,,,,,,,93.0,99.0,,83.0,,,
1843-10-21,,,64.0,,64.0,,,,64.0,,,,,,,,,,,,,,,60.5,,,,,,,98.5,98.75,,80.5,,,
1843-10-28,,,63.0,,65.0,,,,63.0,,,,,,,,,,,,,,,60.5,,,,,,,98.5,98.0,,80.0,,,
1843-11-04,,,64.0,,64.0,,,,64.0,,,,,,,,66.0,,,,,,,62.25,,,,,,,98.5,98.75,,82.0,,,
1843-11-11,,,,,,,,,,,,,,,,,,,,,,,,,,,,,,,,,,,,,
1843-11-18,,,72.0,,72.0,,,,72.0,,,,,,,,66.0,,,,,,,67.5,,,,,,,98.5,99.75,,84.0,,,
1843-11-25,,,,,,,,,,,,,,,,,,,,,,,,,,,,,,,,,,,,,
1843-12-02,,,,,,,,,,,,,,,,,,,,,,,,,,,,,,,,,,,,,
1843-12-09,,,73.0,,73.0,,,,73.0,,,,,,,,68.25,,,,,,,67.5,,,,,,,98.5,105.0,,88.25,,,
1843-12-16,,,73.0,,73.0,,,,73.0,,,,,,,,67.25,,,,,,,67.5,,,,,,,98.5,106.0,,90.0,,,
1843-12-23,,,71.0,,73.0,,,,73.0,,,,,,,,68.0,,,,,,,67.5,,,,,,,98.5,107.0,,90.5,,,
1843-12-30,,,71.0,,72.0,,,,72.0,,,,,,,,,,,,,,,67.5,,,,,,,98.5,104.75,,90.5,,,
1844-01-06,,,70.0,,70.0,,,,70.0,,,,,,,,,,,,,,,65.5,,,,,,,98.5,101.5,,88.0,,,
1844-01-13,,,69.5,,69.5,,,,69.5,,,,,,,,,,,,,,,65.75,,,,,,,87.0,103.25,,87.0,,,
1844-01-20,,,66.0,,69.5,,,,69.5,,,,,,,,,,,,,,,63.25,,,,,,,85.0,101.25,,87.0,,,
1844-01-27,,,66.0,,66.0,,,,66.0,,,,,,,,,,,,,,,63.875,,,,,,,85.0,100.0,,83.0,,,
1844-02-03,,,69.0,,69.0,,,,69.0,,,,,,,,,,,,,,,65.0,,,,,,,101.5,101.75,,84.5,,,
1844-02-10,,,69.0,,69.0,,,,69.0,,,,,,,,,,,,,,,65.25,,,,,,,100.0,100.0,100.0,84.0,,,
1844-02-17,,,71.0,,71.0,,,,71.0,,,,,,,,,,,,,,,67.25,,,,,,,102.0,102.0,100.0,85.0,,,
1844-02-24,,,70.0,,70.0,,,,71.0,,,,,,,,,,,,,,,68.75,,,,,,,102.0,103.0,100.0,86.25,,,
1844-03-02,,,71.5,,71.5,,,,71.5,,,,,,,,,,,,,,,69.5,,,,,,,102.0,103.0,102.5,86.25,,,
1844-03-09,,,72.0,,72.0,,,,72.0,,,,,,,,,,,,,,,70.5,,,,,,,102.0,103.875,102.5,86.0,,,
1844-03-23,,,70.5,,70.5,,,,70.5,,,,,,,,,,,,,,,68.5,,,,,,,100.0,101.5,102.5,85.0,,,
1844-03-30,,,68.0,,68.0,,,,68.0,,,,,,,,,,,,,,,68.0,,,,,,,100.0,101.5,102.5,85.0,,,
1844-04-06,,,66.0,,66.0,,,,66.0,,,,,,,,,,,,,,,63.5,,,,,,,99.0,100.0,102.5,81.0,,,
1844-04-13,,,,,,,,,,,,,,,,,,,,,,,,,,,,,,,,,,,,,
1844-04-20,,,69.0,,69.0,,,,69.0,,,,,,,,,,,,,,,65.25,,,,,,,99.0,101.0,102.5,84.0,,,
1844-04-27,,,70.0,,70.0,,,,70.0,,,,,,,,,,,,,,,67.75,,,,,,,99.0,101.0,102.5,84.0,,,
1844-05-11,,,79.0,,79.0,,,,79.0,,,,,,,,,,,,,,,76.0,,,,,,,100.0,104.0,103.0,85.5,,,
1844-05-18,,,80.5,,80.5,,,,80.5,,,,,,,,,,,,,,,76.75,,,,,,,100.0,104.0,102.0,85.0,,,
1844-05-25,,,84.0,,84.0,,,,84.0,,,,,,,,,,,,,,,80.0,,,,,,,100.0,104.5,102.0,87.5,,,
1844-06-01,,,82.0,,82.0,,,,82.0,,,,,,,,,,,,,,,79.5,,,,,,,100.0,105.0,102.0,87.5,,,
1844-06-08,,,82.0,,82.0,,,,82.0,,,,,,,,,,,,,,,77.5,,,,,,,100.0,104.75,103.0,86.0,,,
1844-06-15,,,81.0,,81.0,,,,81.0,,,,,,,,,,,,,,,78.0,,,,,,,100.0,104.0,103.0,85.25,,,
1844-06-22,,,79.75,,79.75,,,,79.75,,,,,,,,,,,,,,,73.0,,,,,,,100.0,104.0,103.0,87.0,,,
1844-06-29,,,79.0,,79.0,,,,79.0,,,,,,,,,,,,,,,75.25,,,,,,,100.0,104.0,103.0,86.0,,,
1844-07-06,,,76.0,,76.0,,,,76.0,,,,,,,,,,,,,,,74.5,,,,,,,100.0,101.5,103.0,84.0,,,
1844-07-13,,,76.0,,76.0,,,,76.0,,,,,,,,,,,,,,,74.5,,,,,,,100.0,101.5,103.0,84.0,,,
1844-07-20,,,78.0,,78.0,,,,78.0,,,,,,,,,,,,,,,75.0,,,,,,,100.0,102.0,103.0,84.5,,,
1844-07-27,,,77.0,,77.0,,,,77.0,,,,,,,,,,,,,,,75.25,,,,,,,100.0,102.0,103.0,84.5,,,
1844-08-03,,,79.5,,79.5,,,,79.5,,,,,,,,,,,,,,,74.25,,,,,,,100.0,102.0,103.0,85.0,,,
1844-08-10,,,75.0,,75.0,,,,75.0,,,,,,,,,,,,,,,73.5,,,,,,,100.0,102.0,103.0,84.0,,,
1844-08-17,,,76.0,,76.0,,,,76.0,,,,,,,,,,,,,,,74.5,,,,,,,100.0,102.0,103.0,84.5,,,
1844-08-24,,,76.0,,76.0,,,,76.0,,,,,,,,,,,,,,,73.5,,,,,,,100.0,102.0,103.0,84.5,,,
1844-08-31,,,72.5,,72.5,,,,72.5,,,,,,,,,,,,,,,71.0,,,,,,,100.0,101.0,103.0,84.0,,,
1844-09-07,,,70.0,,70.0,,,,70.0,,,,,,,,,,,,,,,72.5,,,,,,,100.0,102.0,103.0,84.0,,,
1844-09-14,,,70.0,,70.0,,,,70.0,,,,,,,,,,,,,,,72.5,,,,,,,100.0,102.0,103.0,84.0,,,
1844-09-21,,,71.0,,71.0,,,,71.0,,,,,,,,,,,,,,,72.5,,,,,,,100.0,102.0,102.0,84.0,,,
1844-09-28,,,71.0,,71.0,,,,71.0,,,,,,,,,,,,,,,71.5,,,,,,,100.0,102.0,102.0,84.0,,,
1844-10-06,,,71.0,,71.0,,,,71.0,,,,,,,,,,,,,,,71.5,,,,,,,100.0,102.0,102.0,84.0,,,
1844-10-12,,,71.0,,71.0,,,,71.0,,,,,,,,,,,,,,,74.25,,,,,,,100.0,103.75,102.0,84.5,,,
1844-10-19,,,71.0,,71.0,,,,71.0,,,,,,,,,,,,,,,74.25,,,,,,,101.0,105.0,104.5,85.75,,,
1844-10-26,,,74.5,,74.5,,,,74.5,,,,,,,,,,,,,,,74.25,,,,,,,101.0,104.25,104.5,86.5,,,
1844-11-02,,,74.5,,74.5,,,,74.5,,,,,,,,,,,,,,,73.75,,,,,,,101.0,104.25,104.5,86.5,,,
1844-11-09,,,74.5,,74.5,,,,74.5,,,,,,,,,,,,,,,73.75,,,,,,,101.0,104.25,104.5,86.5,,,
1844-11-16,,,,,,,,,,,,,,,,,,,,,,,,,,,,,,,,,,,,,
1844-11-23,,,70.0,,70.0,,,,70.0,,,,,,,,,,,,,,,67.5,,,,,,,101.0,102.5,104.5,84.5,,,
1844-11-30,,,70.0,,70.0,,,,70.0,,,,,,,,,,,,,,,67.0,,,,,,,101.0,102.5,104.5,84.5,,,
1844-12-07,,,69.5,,69.5,,,,69.5,,,,,,,,,,,,,,,69.5,,,,,,,101.0,102.5,104.5,85.0,,,
1844-12-14,,,69.0,73.0,70.0,,,,70.0,67.0,66.0,,,,,,,,,,,,,,,,,,,,101.0,102.5,104.5,85.0,,,
1844-12-21,,,70.0,73.0,71.25,,,,71.25,67.0,66.0,,,,,,,,,,,,,,,,,,,,,102.5,,86.25,,,
1844-12-28,,,72.75,75.0,72.75,,,,72.75,69.0,68.0,,,,,,,,,,,,,,,,,,,,,102.5,,84.0,,,
1845-01-04,,,72.75,74.0,72.75,,,,72.75,69.0,68.0,,,,,,,,,,,,,,,,,,,,,102.5,,81.0,,,
1845-01-11,,,70.0,73.0,71.0,,,,71.0,67.5,64.0,,,,,,,,,,,,,,,,,,,,,101.0,,82.5,,,
1845-01-18,,,70.0,74.0,71.0,,,,71.0,64.0,65.0,,,,,,,,,,,,,,,,,,,,,101.0,,83.0,,,
1845-01-25,,,70.0,72.5,71.0,,,,71.0,64.0,64.0,,,,,,,,,,,,,,,,,,,,,100.5,,83.0,,,
1845-02-01,,,,,,,,,,,,,,,,,,,,,,,,,,,,,,,,,,,,,
1845-02-08,,,70.0,74.0,71.0,,,,71.0,64.5,66.0,,,,,,,,,,,,,,,,,,,,,100.5,,82.0,,,
1845-02-15,,,70.0,74.0,71.0,,,,71.0,64.5,65.5,,,,,,,,,,,,,,,,,,,,,101.0,,82.0,,,
1845-02-22,,,70.0,74.0,71.0,,,,71.0,64.0,66.0,,,,,,,,,,,,,,,,,,,,,102.0,,82.5,,,
1845-03-01,,,71.625,75.0,71.0,,,,71.0,64.5,66.0,,,,,,,,,,,,,,,,,,,,,101.0,,83.0,,,
1845-03-08,,,71.0,78.0,71.0,,,,71.0,64.5,66.0,,,,,,,,,,,,,,,,,,,,,100.5,,83.5,,,
1845-03-15,,,71.0,78.0,71.0,,,,71.0,64.5,66.0,,,,,,,,,,,,,,,,,,,,,100.5,,83.5,,,
1845-03-22,,,71.0,81.0,72.5,,,,72.5,67.0,69.0,,,,,,,,,,,,,,,,,,,,,101.0,,83.5,,,
1845-03-29,,,73.0,81.0,73.0,,,,74.0,67.0,68.0,,,,,,,,,,,,,,,,,,,,,100.0,,82.75,,,
1845-04-05,,,73.0,80.0,73.0,,,,74.0,67.0,68.0,,,,,,,,,,,,,,,,,,,,,100.0,,82.75,,,
1845-04-12,,,73.0,79.0,73.0,,,,74.0,66.0,67.25,,,,,,,,,,,,,,,,,,,,,101.0,,82.75,,,
1845-04-19,,,72.0,79.0,72.0,,,,72.0,66.0,67.25,,,,,,,,,,,,,,,,,,,,,100.0,,82.75,,,
1845-04-26,,,,,,,,,,,,,,,,,,,,,,,,,,,,,,,,,,,,,
1845-05-03,,,73.0,77.0,73.0,,,,74.0,66.0,67.25,,,,,,,,,,,,,,,,,,,,,100.25,,82.75,,,
1845-05-10,,,73.0,77.0,73.0,,,,74.0,67.0,69.0,,,,,,,,,,,,,,,,,,,,,101.0,,83.5,,,
1845-05-17,,,72.0,77.0,73.0,,,,74.0,67.0,69.0,,,,,,,,,,,,,,,,,,,,,101.0,,83.0,,,
1845-05-24,,,72.0,77.0,73.0,,,,74.0,67.0,69.0,,,,,,,,,,,,,,,,,,,,,101.0,,83.0,,,
1845-05-31,,,69.25,76.0,69.5,,,,69.5,69.5,69.5,,,,,,,,,,,,,,,,,,,,,101.0,,83.75,,,
1845-06-07,,,71.0,76.0,71.0,,,,71.0,69.5,69.5,,,,,,,,,,,,,,,,,,,,,101.25,,83.75,,,
1845-06-14,,,,,,,,,,,,,,,,,,,,,,,,,,,,,,,,,,,,,
1845-06-21,,,,,,,,,,,,,,,,,,,,,,,,,,,,,,,,,,,,,
1845-06-28,,,80.5,83.0,78.0,,,,78.0,78.0,78.0,,,,,,,,,,,,,,,,,,,,,102.25,,84.5,,,
1845-07-05,,,80.5,83.0,78.0,,,,78.0,78.0,78.0,,,,,,,,,,,,,,,,,,,,,102.25,,84.5,,,
1845-07-12,,,82.625,83.0,75.0,,,,75.0,75.0,75.0,,,,,,,,,,,,,,,,,,,,,99.5,,85.5,,,
1845-07-19,,,76.0,82.0,76.0,,,,76.0,76.0,76.0,,,,,,,,,,,,,,,,,,,,,99.75,,82.5,,,
1845-07-26,,,77.0,80.5,77.0,,,,77.0,77.0,77.0,,,,,,,,,,,,,,,,,,,,,100.0,,83.0,,,
1845-08-02,,,77.0,80.5,77.0,,,,77.0,77.0,77.0,,,,,,,,,,,,,,,,,,,,,100.0,,83.0,,,
1845-08-09,,,80.0,82.0,80.0,,,,80.0,80.0,80.0,,,,,,,,,,,,,,,,,,,,,100.5,,83.0,,,
1845-08-16,,,80.0,83.5,80.0,,,,80.0,80.0,80.0,,,,,,,,,,,,,,,,,,,,,100.0,,83.0,,,
1845-08-23,,,75.5,83.5,75.5,,,,75.5,75.0,75.0,,,,,,,,,,,,,,,,,,,,,100.0,,83.0,,,
1845-08-30,,,74.0,83.0,74.0,,,,74.0,74.0,74.0,,,,,,,,,,,,,,,,,,,,,100.0,,83.0,,,
1845-09-06,,,76.0,83.0,76.0,,,,76.0,76.0,76.0,,,,,,,,,,,,,,,,,,,,,100.0,,83.0,,,
1845-09-13,,,78.0,84.0,78.0,,,,78.0,78.0,76.0,,,,,,,,,,,,,,,,,,,,,100.0,,83.0,,,
1845-09-20,,,78.0,84.0,78.0,,,,78.0,78.0,78.0,,,,,,,,,,,,,,,,,,,,,100.625,,84.0,,,
1845-09-27,,,78.0,84.0,78.0,,,,78.0,78.0,78.0,,,,,,,,,,,,,,,,,,,,,101.0,,84.0,,,
1845-10-04,,,78.0,84.0,78.0,,,,78.0,78.0,78.0,,,,,,,,,,,,,,,,,,,,,101.0,,84.0,,,
1845-10-11,,,78.0,84.0,78.0,,,,78.0,78.0,78.0,,,,,,,,,,,,,,,,,,,,,101.0,,84.0,,,
1845-10-18,,,79.0,83.0,79.0,,,,79.0,79.0,79.0,,,,,,,,,,,,,,,,,,,,,101.0,,84.5,,,
1845-10-25,,,79.0,81.0,79.0,,,,79.0,79.0,79.0,,,,,,,,,,,,,,,,,,,,,101.0,,84.5,,,
1845-11-01,,,79.0,81.0,79.0,,,,79.0,79.0,79.0,,,,,,,,,,,,,,,,,,,,,101.0,,84.5,,,
1845-11-08,,,79.0,81.0,79.0,,,,79.0,79.0,79.0,,,,,,,,,,,,,,,,,,,,,101.0,,84.5,,,
1845-11-15,,,,,,,,,,,,,,,,,,,,,,,,,,,,,,,,,,,,,
1845-11-22,,,79.0,80.0,79.0,,,,79.0,79.0,79.0,,,,,,,,,,,,,,,,,,,,,101.0,,84.5,,,
1845-12-01,,,,,,,,,,,,,,,,,,,,,,,,,,,,,,,,,,,,,
1845-12-06,,,,,,,,,,,,,,,,,,,,,,,,,,,,,,,,,,,,,
1845-12-13,,,,,,,,,,,,,,,,,,,,,,,,,,,,,,,,,,,,,
1845-12-20,,,,,,,,,,,,,,,,,,,,,,,,,,,,,,,,,,,,,
1845-12-27,,,69.0,70.5,68.0,,,,68.0,68.0,68.0,,,,,,,,,,,,,,,,,,,,,100.0,,83.0,,,
1846-01-03,,,70.75,72.0,70.75,,,,70.75,69.75,69.75,,,,,,,,,,,,,,,,,,,,,100.0,,80.0,,,
1846-01-10,,,70.0,71.0,70.0,,,,70.0,69.0,69.0,,,,,,,,,,,,,,,,,,,,,98.0,,80.0,,,
1846-01-17,,,70.0,71.0,70.0,,,,70.0,69.0,69.0,,,,,,,,,,,,,,,,,,,,,98.0,,80.0,,,
1846-01-24,,,68.5,70.0,68.5,,,,68.5,67.0,67.0,,,,,,,,,,,,,,,,,,,,,98.0,,80.0,,,
1846-01-31,,,,,,,,,,,,,,,,,,,,,,,,,,,,,,,,,,,,,
1846-02-07,,,72.0,75.0,72.0,,,,72.0,70.0,70.0,,,,,,,,,,,,,,,,,,,,,97.0,,80.0,,,
1846-02-14,,,72.0,75.0,72.0,,,,72.0,70.0,70.0,,,,,,,,,,,,,,,,,,,,,97.0,,80.0,,,
1846-02-21,,,,,,,,,,,,,,,,,,,,,,,,,,,,,,,,,,,,,
1846-02-28,,,,,,,,,,,,,,,,,,,,,,,,,,,,,,,,,,,,,
1846-03-07,,,,,,,,,,,,,,,,,,,,,,,,,,,,,,,,,,,,,
1846-03-14,,,,,,,,,,,,,,,,,,,,,,,,,,,,,,,,,,,,,
1846-03-21,,,73.0,75.5,73.0,,,,73.0,72.0,72.0,,,,,,,,,,,,,,,,,,,,,100.5,,84.0,,,
1846-03-28,,,73.0,75.0,73.0,,,,73.0,72.0,72.0,,,,,,,,,,,,,,,,,,,,,100.5,,84.0,,,
1846-04-04,,,73.0,75.0,73.0,,,,73.0,72.0,72.0,,,,,,,,,,,,,,,,,,,,,100.5,,84.0,,,
1846-04-11,,,72.0,74.5,72.0,,,,72.0,72.0,72.0,,,,,,,,,,,,,,,,,,,,,100.0,,84.0,,,
1846-04-18,,,67.0,68.0,67.0,,,,68.0,67.0,67.0,,,,,,,,,,,,,,,,,,,,,100.0,,84.0,,,
1846-04-25,,,68.0,69.0,68.0,,,,68.0,67.75,67.0,,,,,,,,,,,,,,,,,,,,,100.0,,83.0,,,
1846-05-02,,,68.0,70.5,68.0,,,,68.0,67.75,,,,,,,,,,,,,,,,,,,,,,100.0,,83.0,,,
1846-05-09,,,69.0,72.5,69.0,,,,69.0,69.0,69.0,,,,,,,,,,,,,,,,,,,,,100.0,,83.0,,,
1846-05-16,,,65.0,70.0,65.0,,,,65.0,64.75,64.75,,,,,,,,,,,,,,,,,,,,,98.5,,81.0,,,
1846-05-23,,,65.0,68.0,65.0,,,,65.0,64.75,64.75,,,,,,,,,,,,,,,,,,,,,98.5,,81.0,,,
1846-05-30,,,,,,,,,,,,,,,,,,,,,,,,,,,,,,,,,,,,,
1846-06-06,,,,,,,,,,,,,,,,,,,,,,,,,,,,,,,,,,,,,
1846-06-13,,,68.5,70.0,68.5,,,,68.5,68.0,68.0,,,,,,,,,,,,,,,,,,,,,98.5,,82.0,,,
1846-06-20,,,68.5,70.0,68.5,,,,68.5,68.0,68.0,,,,,,,,,,,,,,,,,,,,,99.5,,82.0,,,
1846-06-27,,,71.5,75.0,71.5,,,,71.5,71.0,71.0,,,,,,,,,,,,,,,,,,,,,99.5,,83.0,,,
1846-07-04,,,,,,,,,,,,,,,,,,,,,,,,,,,,,,,,,,,,,
1846-07-11,,,71.25,72.5,71.5,,,,71.5,71.0,71.0,,,,,,,,,,,,,,,,,,,,,98.0,,80.5,,,
1846-07-18,,,71.25,72.5,71.5,,,,71.5,71.0,71.0,,,,,,,,,,,,,,,,,,,,,98.0,,80.5,,,
1846-07-25,,,71.25,72.0,71.5,,,,71.5,71.0,71.0,,,,,,,,,,,,,,,,,,,,,98.0,,80.5,,,
1846-08-01,,,,,,,,,,,,,,,,,,,,,,,,,,,,,,,,,,,,,
1846-08-08,,,,,,,,,,,,,,,,,,,,,,,,,,,,,,,,,,,,,
1846-08-15,,,71.0,71.25,71.0,,,,71.0,71.0,71.0,,,,,,,,,,,,,,,,,,,,,98.0,,80.0,,,
1846-08-22,,,,,,,,,,,,,,,,,,,,,,,,,,,,,,,,,,,,,
1846-08-29,,,71.0,71.25,71.0,,,,71.0,70.0,71.0,,,,,,,,,,,,,,,,,,,,,98.0,,80.0,,,
1846-09-05,,,71.0,70.0,71.0,,,,71.0,70.0,71.0,,,,,,,,,,,,,,,,,,,,,98.0,,80.0,,,
1846-09-12,,,,,,,,,,,,,,,,,,,,,,,,,,,,,,,,,,,,,
1846-09-19,,,71.0,71.0,71.0,,,,71.0,70.0,71.0,,,,,,,,,,,,,,,,,,,,,99.0,,80.0,,,
1846-09-26,,,71.0,71.0,71.0,,,,71.0,70.0,71.0,,,,,,,,,,,,,,,,,,,,,99.0,,80.0,,,
1846-10-03,,,71.0,71.0,71.0,,,,71.0,70.0,71.0,,,,,,,,,,,,,,,,,,,,,99.5,,80.0,,,
1846-10-10,,,71.0,71.0,71.0,,,,71.0,70.0,71.0,,,,,,,,,,,,,,,,,,,,,99.5,,80.0,,,
1846-10-17,,,72.0,72.0,72.0,,,,72.0,71.0,71.0,,,,,,,,,,,,,,,,,,,,,100.25,,80.0,,,
1846-10-24,,,,,,,,,,,,,,,,,,,,,,,,,,,,,,,,,,,,,
1846-10-31,,,,,,,,,,,,,,,,,,,,,,,,,,,,,,,,,,,,,
1846-11-07,,,,,,,,,,,,,,,,,,,,,,,,,,,,,,,,,,,,,
1846-11-14,,,,,,,,,,,,,,,,,,,,,,,,,,,,,,,,,,,,,
1846-11-21,,,,,,,,,,,,,,,,,,,,,,,,,,,,,,,,,,,,,
1846-11-28,,,,,,,,,,,,,,,,,,,,,,,,,,,,,,,,,,,,,
1846-12-05,,,72.0,72.0,72.0,,,,72.0,71.0,71.0,,,,,,,,,,,,,,,,,,,,,100.25,,82.5,,,
1846-12-12,,,76.0,76.0,76.0,,,,76.0,76.0,76.0,,,,,,,,,,,,,,,,,,,,,99.0,,82.5,,,
1846-12-19,,,78.0,78.0,78.0,,,,78.0,77.0,77.0,,,,,,,,,,,,,,,,,,,,,99.0,,82.5,,,
1846-12-26,,,78.0,78.0,78.0,,,,78.0,77.0,77.0,,,,,,,,,,,,,,,,,,,,,99.0,,82.5,,,
1847-01-02,,,78.0,78.0,78.0,,,,78.0,77.0,77.0,,,,,,,,,,,,,,,,,,,,,99.0,,82.5,,,
1847-01-09,,,,,,,,,,,,,,,,,,,,,,,,,,,,,,,,,,,,,
1847-01-16,,,74.5,74.5,74.5,,,,74.5,74.0,74.0,,,,,,,,,,,,,,,,,,,,,98.0,,77.0,,,
1847-01-23,,,74.5,74.5,74.5,,,,74.5,74.0,74.0,,,,,,,,,,,,,,,,,,,,,97.0,,77.0,,,
1847-01-30,,,,,,,,,,,,,,,,,,,,,,,,,,,,,,,,,,,,,
1847-02-06,,,,,,,,,,,,,,,,,,,,,,,,,,,,,,,,,,,,,
1847-02-13,,,,80.0,,,,,,,,,,,,,,,,,,,,,,,,,,,,99.0,,80.0,,,
1847-02-20,,,,80.0,,,,,,,,,,,,,,,,,,,,,,,,,,,,99.0,,80.0,,,
1847-02-27,,,,80.0,,,,,,,,,,,,,,,,,,,,,,,,,,,,99.0,,80.0,,,
1847-03-06,,,,80.0,,,,,,,,,,,,,,,,,,,,,,,,,,,,99.0,,80.0,,,
1847-03-13,,,,80.0,,,,,,,,,,,,,,,,,,,,,,,,,,,,99.0,,80.0,,,
1847-03-20,,,,81.25,,,,,,,,,,,,,,,,,,,,,,,,,,,,98.0,,80.0,,,
1847-03-27,,,,81.25,,,,,,,,,,,,,,,,,,,,,,,,,,,,98.0,,80.0,,,
1847-04-03,,,,81.25,,,,,,,,,,,,,,,,,,,,,,,,,,,,98.0,,80.0,,,
1847-04-10,,,,82.5,,,,,,,,,,,,,,,,,,,,,,,,,,,,98.0,,81.5,,,
1847-04-17,,,,82.5,,,,,,,,,,,,,,,,,,,,,,,,,,,,98.0,,81.5,,,
1847-04-24,,,,85.0,,,,,,,,,,,,,,,,,,,,,,,,,,,,99.0,,80.75,,,
1847-05-01,,,,84.5,,,,,,,,,,,,,,,,,,,,,,,,,,,,99.0,,80.0,,,
1847-05-08,,,,85.75,,,,,,,,,,,,,,,,,,,,,,,,,,,,99.0,,80.0,,,
1847-05-15,,,,87.5,,,,,,,,,,,,,,,,,,,,,,,,,,,,98.0,,80.0,,,
1847-05-22,,,,87.5,,,,,,,,,,,,,,,,,,,,,,,,,,,,99.0,,81.0,,,
1847-05-29,,,,89.5,,,,,,,,,,,,,,,,,,,,,,,,,,,,100.0,,84.0,,,
1847-06-05,,,,88.0,,,,,,,,,,,,,,,,,,,,,,,,,,,,100.0,,84.0,,,
1847-06-12,,,,90.0,,,,,,,,,,,,,,,,,,,,,,,,,,,,102.5,,85.0,,,
1847-06-19,,,,93.0,,,,,,,,,,,,,,,,,,,,,,,,,,,,104.0,,85.0,,,
1847-06-26,,,,93.0,,,,,,,,,,,,,,,,,,,,,,,,,,,,104.0,,85.75,,,
1847-07-03,,,,92.0,,,,,,,,,,,,,,,,,,,,,,,,,,,,104.0,,86.0,,,
1847-07-10,,,,78.75,,,,,,,,,,,,,,,,,,,,,,,,,,,,102.0,,82.5,,,
1847-07-17,,,,87.0,,,,,,,,,,,,,,,,,,,,,,,,,,,,102.0,,100.0,,,
1847-07-24,,,,87.5,,,,,,,,,,,,,,,,,,,,,,,,,,,,102.0,,100.0,,,
1847-07-31,,,,87.5,,,,,,,,,,,,,,,,,,,,,,,,,,,,102.0,,82.0,,,
1847-08-07,,,,91.5,,,,,,,,,,,,,,,,,,,,,,,,,,,,102.0,,82.0,,,
1847-08-14,,,,90.0,,,,,,,,,,,,,,,,,,,,,,,,,,,,102.0,,82.0,,,
1847-08-21,,,,93.0,,,,,,,,,,,,,,,,,,,,,,,,,,,,102.0,,82.0,,,
1847-08-28,,,,93.0,,,,,,,,,,,,,,,,,,,,,,,,,,,,102.0,,82.0,,,
1847-09-04,,,,89.0,,,,,,,,,,,,,,,,,,,,,,,,,,,,102.0,,82.0,,,
1847-09-11,,,,89.0,,,,,,,,,,,,,,,,,,,,,,,,,,,,100.0,,82.0,,,
1847-09-18,,,,87.5,,,,,,,,,,,,,,,,,,,,,,,,,,,,100.0,,80.0,,,
1847-09-25,,,,89.0,,,,,,,,,,,,,,,,,,,,,,,,,,,,100.25,,80.0,,,
1847-10-02,,,,89.5,,,,,,,,,,,,,,,,,,,,,,,,,,,,100.5,,80.0,,,
1847-10-09,,,,88.0,,,,,,,,,,,,,,,,,,,,,,,,,,,,100.5,,80.0,,,
1847-10-16,,,,88.0,,,,,,,,,,,,,,,,,,,,,,,,,,,,100.5,,80.0,,,
1847-10-23,,,,88.0,,,,,,,,,,,,,,,,,,,,,,,,,,,,100.5,,80.0,,,
1847-10-30,,,,86.0,,,,,,,,,,,,,,,,,,,,,,,,,,,,95.0,,80.0,,,
1847-11-06,,,,86.0,,,,,,,,,,,,73.5,,,,,,,,,,,,,,,,95.0,,80.0,,,
1847-11-13,,,,80.0,,,,,,,,,,,,72.25,,,,,,,,,,,,,,,,98.0,,80.0,,,
1847-11-20,,,,85.0,,,,,,,,,,,,72.625,,,,,,,,,,,,,,,,98.0,,77.0,,,
1847-11-27,,,,84.0,,,,,,,,,,,,73.25,,,,,,,,,,,,,,,,98.0,,77.0,,,
1847-12-04,,,,84.625,,,,,,,,,,,,73.25,,,,,,,,,,,,,,,,98.0,,77.0,,,
1847-12-11,,,,84.625,,,,,,,,,,,,73.25,,,,,,,,,,,,,,,,98.0,,77.5,,,
1847-12-18,,,,84.625,,,,,,,,,,,,71.25,,,,,,,,,,,,,,,,98.0,,76.0,,,
1847-12-25,,,,80.75,,,,,,,,,,,,72.625,,,,,,,,,,,,,,,,98.0,,76.0,,,
1848-01-01,,,,81.0,,,,,,,,,,,,72.625,,,,,,,,,,,,,,,,98.0,,76.0,,,
1848-01-08,,,,79.0,,,,,,,,,,,,71.0,,,,,,,,,,,,,,,,97.5,,77.0,,,
1848-01-15,,,,80.0,,,,,,,,,,,,70.75,,,,,,,,,,,,,,,,97.5,,71.0,,,
1848-01-22,,,,,,,,,,,,,,,,69.5,,,,,,,,,,,,,,,,97.5,,71.0,,,
1848-01-29,,,,80.0,,,,,,,,,,,,70.75,,,,,,,,,,,,,,,,97.5,,70.125,,,
1848-02-05,,,,80.5,,,,,,,,,,,,71.5,,,,,,,,,,,,,,,,97.5,,71.5,,,
1848-02-12,,,,81.0,,,,,,,,,,,,73.5,,,,,,,,,,,,,,,,95.0,,73.0,,,
1848-02-19,,,,82.25,,,,,,,,,,,,72.25,,,,,,,,,,,,,,,,95.0,,73.5,,,
1848-02-26,,,,82.25,,,,,,,,,,,,72.75,,,,,,,,,,,,,,,,95.0,,73.5,,,
1848-03-04,,,,84.0,,,,,,,,,,,,73.5,,,,,,,,,,,,,,,,99.5,,73.5,,,
1848-03-11,,,,84.0,,,,,,,,,,,,74.0,,,,,,,,,,,,,,,,99.5,,73.0,,,
1848-03-18,,,,84.0,,,,,,,,,,,,74.0,,,,,,,,,,,,,,,,99.5,,73.0,,,
1848-03-25,,,,83.5,,,,,,,,,,,,74.0,,,,,,,,,,,,,,,,99.5,,73.0,,,
1848-04-01,,,,83.0,,,,,,,,,,,,72.75,,,,,,,,,,,,,,,,99.5,,73.0,,,
1848-04-08,,,,84.0,,,,,,,,,,,,73.5,,,,,,,,,,,,,,,,99.5,,75.0,,,
1848-04-15,,,,83.75,,,,,,,,,,,,73.75,,,,,,,,,,,,,,,,99.5,,75.25,,,
1848-04-22,,,,84.75,,,,,,,,,,,,73.875,,,,,,,,,,,,,,,,99.5,,75.0,,,
1848-04-29,,,,85.0,,,,,,,,,,,,73.875,,,,,,,,,,,,,,,,98.0,,74.5,,,
1848-05-06,,,,86.5,,,,,,,,,,,,74.0,,,,,,,,,,,,,,,,98.5,,75.0,,,
1848-05-13,,,,87.0,,,,,,,,,,,,75.0,,,,,,,,,,,,,,,,98.5,,,,,
1848-05-20,,,,85.0,,,,,,,,,,,,74.5,,,,,,,,,,,,,,,,98.5,,,,,
1848-05-27,,,,85.0,,,,,,,,,,,,74.5,,,,,,,,,,,,,,,,99.0,,75.0,,,
1848-06-03,,,,85.0,,,,,,,,,,,,74.75,,,,,,,,,,,,,,,,99.0,,75.5,,,
1848-06-10,,,,86.5,,,,,,,,,,,,75.0,,,,,,,,,,,,,,,,99.0,,75.5,,,
1848-06-17,,,,86.5,,,,,,,,,,,,75.25,,,,,,,,,,,,,,,,99.0,,75.0,,,
1848-06-24,,,,87.0,,,,,,,,,,,,76.0,,,,,,,,,,,,,,,,100.0,,75.0,,,
1848-07-01,,,,87.0,,,,,,,,,,,,75.5,,,,,,,,,,,,,,,,100.0,,76.5,,,
1848-07-08,,,,87.0,,,,,,,,,,,,73.5,,,,,,,,,,,,,,,,100.0,,74.0,,,
1848-07-15,,,,84.0,,,,,,,,,,,,73.5,,,,,,,,,,,,,,,,100.0,,74.0,,,
1848-07-22,,,,84.0,,,,,,,,,,,,73.5,,,,,,,,,,,,,,,,98.0,,74.0,,,
1848-07-29,,,,84.0,,,,,,,,,,,,73.5,,,,,,,,,,,,,,,,98.0,,74.75,,,
1848-08-05,,,,85.0,,,,,,,,,,,,73.5,,,,,,,,,,,,,,,,98.0,,,,,
1848-08-12,,,,84.0,,,,,,,,,,,,73.75,,,,,,,,,,,,,,,,97.5,,74.5,,,
1848-08-19,,,,84.0,,,,,,,,,,,,74.0,,,,,,,,,,,,,,,,97.0,,70.0,,,
1848-08-26,,,,84.0,,,,,,,,,,,,74.0,,,,,,,,,,,,,,,,97.0,,70.0,,,
1848-09-02,,,,85.0,,,,,,,,,,,,73.625,,,,,,,,,,,,,,,,97.0,,,,,
1848-09-09,,,,85.0,,,,,,,,,,,,73.875,,,,,,,,,,,,,,,,97.25,,,,,
1848-09-16,,,,85.0,,,,,,,,,,,,73.875,,,,,,,,,,,,,,,,97.25,,,,,
1848-09-23,,,,85.0,,,,,,,,,,,,73.75,,,,,,,,,,,,,,,,97.0,,,,,
1848-09-30,,,,84.75,,,,,,,,,,,,73.625,,,,,,,,,,,,,,,,97.0,,,,,
1848-10-07,,,,84.75,,,,,,,,,,,,73.25,,,,,,,,,,,,,,,,95.0,,,,,
1848-10-14,,,,84.375,,,,,,,,,,,,73.25,,,,,,,,,,,,,,,,,,,,,
1848-10-21,,,,84.0,,,,,,,,,,,,73.25,,,,,,,,,,,,,,,,,,,,,
1848-10-28,,,,84.25,,,,,,,,,,,,73.25,,,,,,,,,,,,,,,,98.0,,,,,
1848-11-04,,,,85.0,,,,,,,,,,,,73.75,,,,,,,,,,,,,,,,97.0,,,,,
1848-11-11,,,,86.0,,,,,,,,,,,,73.875,,,,,,,,,,,,,,,,97.0,,75.0,,,
1848-11-18,,,,86.25,,,,,,,,,,,,74.125,,,,,,,,,,,,,,,,97.0,,75.0,,,
1848-11-25,,,,86.0,,,,,,,,,,,,74.5,,,,,,,,,,,,,,,,98.0,,75.0,,,
1848-12-02,,,,85.25,,,,,,,,,,,,74.75,,,,,,,,,,,,,,,,,,75.0,,,
1848-12-09,,,,86.25,,,,,,,,,,,,75.25,,,,,,,,,,,,,,,,98.75,,75.0,,,
1848-12-16,,,,89.5,,,,,,,,,,,,77.5,,,,,,,,,,,,,,,,98.75,,76.5,,,
1848-12-23,,,,90.75,,,,,,,,,,,,79.0,,,,,,,,,,,,,,,,98.75,,78.0,,,
1848-12-30,,,,90.0,,,,,,,,,,,,78.0,,,,,,,,,,,,,,,,98.75,,78.0,,,
1849-01-06,,,,88.0,,,,,,,,,,,,77.5,,,,,,,,,,,,,,,,98.75,,78.0,,,
1849-01-13,,,,,,,,,,,,,,,,,,,,,,,,,,,,,,,,,,,,,
1849-01-20,,,,91.0,,,,,,,,,,,,79.25,,,,,,,,,,,,,,,,100.0,,,,,
1849-01-27,,,,,,,,,,,,,,,,,,,,,,,,,,,,,,,,,,,,,
1849-02-03,,,,,,,,,,,,,,,,,,,,,,,,,,,,,,,,,,,,,
1849-02-10,,,,90.0,,,,,,,,,,,,77.75,,,,,,,,,,,,,,,,100.5,,77.0,,,
1849-02-17,,,,90.0,,,,,,,,,,,,78.5,,,,,,,,,,,,,,,,100.5,,77.0,,,
1849-02-24,,,,91.5,,,,,,,,,,,,78.625,,,,,,,,,,,,,,,,100.5,,78.5,,,
1849-03-03,,,,92.5,,,,,,,,,,,,78.625,,,,,,,,,,,,,,,,100.5,,80.0,,,
1849-03-10,,,,92.5,,,,,,,,,,,,80.625,,,,,,,,,,,,,,,,100.5,,80.0,,,
1849-03-17,,,,93.5,,,,,,,,,,,,80.625,,,,,,,,,,,,,,,,101.0,,80.0,,,
1849-03-24,,,,93.5,,,,,,,,,,,,80.25,,,,,,,,,,,,,,,,101.0,,80.0,,,
1849-03-31,,,,,,,,,,,,,,,,79.0,,,,,,,,,,,,,,,,101.0,,80.0,,,
1849-04-07,,,,,,,,,,,,,,,,79.375,,,,,,,,,,,,,,,,101.0,,,,,
1849-04-14,,,,,,,,,,,,,,,,80.625,,,,,,,,,,,,,,,,101.0,,,,,
1849-04-21,,,,94.0,,,,,,,,,,,,80.75,,,,,,,,,,,,,,,,101.5,,,,,
1849-04-28,,,,94.0,,,,,,,,,,,,82.25,,,,,,,,,,,,,,,,102.0,,,,,
1849-05-05,,,,93.0,,,,,,,,,,,,83.25,,,,,,,,,,,,,,,,102.5,,,,,
1849-05-12,,,,,,,,,,,,,,,,83.25,,,,,,,,,,,,,,,,103.0,,,,,
1849-05-19,,,,96.0,,,,,,,,,,,,83.5,,,,,,,,,,,,,,,,103.0,,80.0,,,
1849-05-26,,,,96.0,,,,,,,,,,,,84.0,,,,,,,,,,,,,,,,104.0,,80.0,,,
1849-06-02,,,,96.0,,,,,,,,,,,,85.75,,,,,,,,,,,,,,,,104.0,,80.0,,,
1849-06-09,,,,98.25,,,,,,,,,,,,89.5,,,,,,,,,,,,,,,,106.0,,84.0,,,
1849-06-16,,,,100.0,,,,,,,,,,,,89.75,,,,,,,,,,,,,,,,106.0,,84.0,,,
1849-06-23,,,,101.0,,,,,,,,,,,,90.0,,,,,,,,,,,,,,,,106.0,,84.0,,,
1849-06-30,,,,101.0,,,,,,,,,,,,89.5,,,,,,,,,,,,,,,,108.5,,84.0,,,
1849-07-07,,,,97.5,,,,,,,,,,,,86.5,,,,,,,,,,,,,,,,,,84.0,,,
1849-07-14,,,,99.75,,,,,,,,,,,,87.75,,,,,,,,,,,,,,,,,,84.0,,,
1849-07-21,,,,99.75,,,,,,,,,,,,88.25,,,,,,,,,,,,,,,,,,85.0,,,
1849-07-28,,,,99.75,,,,,,,,,,,,88.0,,,,,,,,,,,,,,,,,,85.0,,,
1849-08-04,,,,99.75,,,,,,,,,,,,87.75,,,,,,,,,,,,,,,,,,85.0,,,
1849-08-11,,,,99.75,,,,,,,,,,,,87.75,,,,,,,,,,,,,,,,104.25,,85.0,,,
1849-08-18,,,,,,,,,,,,,,,,87.75,,,,,,,,,,,,,,,,104.25,,85.0,,,
1849-08-25,,,,,,,,,,,,,,,,87.375,,,,,,,,,,,,,,,,104.25,,85.0,,,
1849-09-01,,,,,,,,,,,,,,,,87.375,,,,,,,,,,,,,,,,104.25,,85.0,,,
1849-09-08,,,,,,,,,,,,,,,,87.5,,,,,,,,,,,,,,,,,,87.875,,,
1849-09-15,,,,99.75,,,,,,,,,,,,87.5,,,,,,,,,,,,,,,,,,87.875,,,
1849-09-22,,,,99.5,,,,,,,,,,,,87.5,,,,,,,,,,,,,,,,,,,,,
1849-09-29,,,,100.0,,,,,,,,,,,,,,,,,,,,,,,,,,,,,,,,,
1849-10-06,,,,100.0,,,,,,,,,,,,86.625,,,,,,,,,,,,,,,,,,,,,
1849-10-13,,,,99.0,,,,,,,,,,,,86.5,,,,,,,,,,,,,,,,,,,,,
1849-10-20,,,,,,,,,,,,,,,,86.625,,,,,,,,,,,,,,,,,,,,,
1849-10-27,,,,101.0,,,,,,,,,,,,88.75,,,,,,,,,,,,,,,,,,,,,
1849-11-03,,,,101.0,,,,,,,,,,,,88.25,,,,,,,,,,,,,,,,103.0,,,,,
1849-11-10,,,,,,,,,,,,,,,,88.5,,,,,,,,,,,,,,,,103.5,,86.0,,,
1849-11-17,,,,100.0,,,,,,,,,,,,88.5,,,,,,,,,,,,,,,,104.5,,86.0,,,
1849-11-24,,,,100.25,,,,,,,,,,,,89.0,,,,,,,,,,,,,,,,105.0,,86.0,,,
1849-12-01,,,,101.0,,,,,,,,,,,,89.375,,,,,,,,,,,,,,,,105.0,,86.0,,,
1849-12-08,,,,101.0,,,,,,,,,,,,89.375,,,,,,,,,,,,,,,,105.75,,85.5,,,
1849-12-15,,,,,,,,,,,,,,,,89.875,,,,,,,,,,,,,,,,,,,,,
1849-12-22,,,,,,,,,,,,,,,,89.625,,,,,,,,,,,,,,,,,,85.75,,,
1849-12-29,,,,,,,,,,,,,,,,89.75,,,,,,,,,,,,,,,,104.0,,85.875,,,
1850-01-05,,,,102.0,,,,,,,,,,,,87.5,,,,,,,,,,,,,,,,103.0,,85.875,,,
1850-01-12,,,,102.0,,,,,,,,,,,,,,,,,,,,,,,,,,,,102.25,,81.25,,,
1850-01-19,,,,101.5,,,,,,,,,,,,88.5,,,,,,,,,,,,,,,,102.25,,81.25,,,
1850-01-26,,,,99.0,,,,,,,,,,,,89.5,,,,,,,,,,,,,,,,,,81.25,,,
1850-02-02,,,,99.0,,,,,,,,,,,,89.75,,,,,,,,,,,,,,,,,,,,,
1850-02-09,,,,99.0,,,,,,,,,,,,89.75,,,,,,,,,,,,,,,,102.5,,,,,
1850-02-16,,,,99.25,,,,,,,,,,,,89.5,,,,,,,,,,,,,,,,102.5,,,,,
1850-02-23,,,,,,99.25,102.0,90.0,,,,,,,,,,,,,,,,,,,,,,,,103.5,,,,,
1850-03-02,,,,,,,102.0,90.0,,,,,,,,,,,,,,,,,,,,,,,,103.5,,,,,
1850-03-09,,,,,,,,,,,,,,,,,,,,,,,,,,,,,,,,,,,,,
1850-03-16,,,,,,,101.25,91.5,,,,,,,,,,,,,,,,,,,,,,,,102.75,83.0,,,,
1850-03-23,,,,,,99.75,100.0,91.0,,,,,,,,,,,,,,,,,,,,,,,,104.0,83.0,,,,
1850-03-30,,,,,,,100.0,91.125,,,,,,,,,,,,,,,,,,,,,,,,104.0,83.0,,,,
1850-04-06,,,,,,100.0,104.875,91.0,,,,,,,,,,,,,,,,,,,,,,,,104.0,82.5,,,,
1850-04-13,,,,,,100.0,104.5,92.0,,,,,,,,,,,,,,,,,,,,,,,,104.0,82.5,,,,
1850-04-20,,,,,,101.0,104.5,92.375,,,,,,,,,,,,,,,,,,,,,,,,104.0,82.5,,,,
1850-04-27,,,,,,101.0,105.0,95.75,,,,,,,,,,,,,,,,,,,,,,,,104.0,84.0,,,,
1850-05-04,,,,,,101.0,105.0,97.0,,,,,,,,,,,,,,,,,,,,,,,,104.0,84.0,,,,
1850-05-11,,,,,,101.0,105.0,96.5,,,,,,,,,,,,,,,,,,,,,,,,106.0,84.0,,,,
1850-05-18,,,,,,101.0,105.0,96.5,,,,,,,,,,,,,,,,,,,,,,,,106.0,84.0,,,,
1850-05-25,,,,,,101.0,108.0,95.125,,,,,,,,,,,,,,,,,,,,,,,,107.0,85.0,,,,
1850-06-01,,,,,,102.5,109.0,96.0,,,,,,,,,,,,,,,,,,,,,,,,107.0,85.0,,,,
1850-06-08,,,,,,102.5,108.5,96.625,,,,,,,,,,,,,,,,,,,,,,,,108.0,85.25,,,,
1850-06-15,,,,,,102.5,108.5,96.0,,,,,,,,,,,,,,,,,,,,,,,,108.0,85.25,,,,
1850-06-22,,,,,,102.5,108.5,95.5,,,,,,,,,,,,,,,,,,,,,,,,108.0,85.25,,,,
1850-06-29,,,,,,102.5,108.5,95.5,,,,,,,,,,,,,,,,,,,,,,,,108.0,85.25,,,,
1850-07-06,,,,,,100.0,108.5,94.25,,,,,,,,,,,,,,,,,,,,,,,,108.0,85.25,,,,
1850-07-13,,,,,,100.0,108.5,,,,,,,,,,,,,,,,,,,,,,,,,108.0,85.25,,,,
1850-07-20,,,,,,100.0,108.5,93.5,,,,,,,,,,,,,,,,,,,,,,,,,84.0,,,,
1850-07-27,,,,,,100.0,108.5,93.5,,,,,,,,,,,,,,,,,,,,,,,,,84.0,,,,
1850-08-03,,,,,,100.0,107.0,93.0,,,,,,,,,,,,,,,,,,,,,,,,106.0,84.0,,,,
1850-08-10,,,,,,100.0,107.0,93.0,,,,,,,,,,,,,,,,,,,,,,,,106.0,84.0,,,,
1850-08-17,,,,,,100.0,107.0,93.25,,,,,,,,,,,,,,,,,,,,,,,,106.0,83.0,,,,
1850-08-24,,,,,,100.0,107.0,93.25,,,,,,,,,,,,,,,,,,,,,,,,106.0,82.5,,,,
1850-08-31,,,,,,100.5,107.0,93.0,,,,,,,,,,,,,,,,,,,,,,,,104.0,82.5,,,,
1850-09-07,,,,,,101.0,107.0,92.5,,,,,,,,,,,,,,,,,,,,,,,,104.0,82.5,,,,
1850-09-14,,,,,,101.0,107.0,92.5,,,,,,,,,,,,,,,,,,,,,,,,104.0,83.0,,,,
1850-09-21,,,,,,101.0,105.5,92.5,,,,,,,,,,,,,,,,,,,,,,,,104.0,82.5,,,,
1850-09-28,,,,,,101.0,105.5,92.5,,,,,,,,,,,,,,,,,,,,,,,,104.0,82.5,,,,
1850-10-05,,,,,,101.0,106.0,92.0,,,,,,,,,,,,,,,,,,,,,,,,104.0,82.5,,,,
1850-10-12,,,,,,101.0,106.0,92.0,,,,,,,,,,,,,,,,,,,,,,,,105.0,82.0,,,,70.0
1850-10-19,,,,,,101.0,106.0,92.0,,,,,,,,,,,,,,,,,,,,,,,,105.0,82.0,,45.0,,
1850-10-26,,,,,,101.0,106.0,91.5,,,,,,,,,,,,,,,,,,,,,,,,105.0,84.5,,42.0,55.0,
1850-11-02,,,,,,101.0,106.0,92.5,,,,,,,,,,,,,,,,,,,,,,,,105.0,84.5,,,60.0,
1850-11-09,,,,,,101.0,106.0,92.5,,,,,,,,,,,,,,,,,,,,,,,,105.5,84.5,,52.5,64.0,
1850-11-16,,,,,,101.0,106.0,92.5,,,,,,,,,,,,,,,,,,,,,,,,105.5,84.5,,51.0,,
1850-11-23,,,,,,101.5,106.0,92.5,,,,,,,,,,,,,,,,,,,,,,,,105.5,84.5,,45.0,,
1850-11-30,,,,,,101.5,106.0,92.5,,,,,,,,,,,,,,,,,,,,,,,,105.5,84.5,,50.0,,65.0
1850-12-07,,,,,,101.5,103.0,93.0,,,,,,,,,,,,,,,,,,,,,,,,105.5,84.5,,,,
1850-12-14,,,,,,101.5,105.0,93.0,,,,,,,,,,,,,,,,,,,,,,,,105.5,83.5,,,,
1850-12-21,,,,,,,,,,,,,,,,,,,,,,,,,,,,,,,,,,,40.0,,
1850-12-28,,,,,,101.5,105.0,95.0,,,,,,,,,,,,,,,,,,,,,,,,105.5,85.0,,,,
