date,state,code,price,coupon,yield_measure_used,yield,current_yield,bucket,series_label,excluded_near_maturity,excluded_past_maturity,active_default_override
1842-02-19,Alabama,S-0030,50.0,5.0,current_yield,10.0,10.0,defaulted,primary,False,False,False
1842-04-09,Alabama,S-0030,45.0,5.0,current_yield,11.11111111111111,11.11111111111111,defaulted,primary,False,False,False
1842-06-04,Alabama,S-0030,50.0,5.0,current_yield,10.0,10.0,defaulted,primary,False,False,False
1842-06-25,Alabama,S-0030,50.0,5.0,current_yield,10.0,10.0,defaulted,primary,False,False,False
1842-07-02,Alabama,S-0030,50.0,5.0,current_yield,10.0,10.0,defaulted,primary,False,False,False
1842-07-23,Alabama,S-0030,50.0,5.0,current_yield,10.0,10.0,defaulted,primary,False,False,False
1842-10-15,Alabama,S-0030,50.0,5.0,current_yield,10.0,10.0,defaulted,primary,False,False,False
1842-10-29,Alabama,S-0030,55.0,5.0,current_yield,9.090909090909092,9.090909090909092,defaulted,primary,False,False,False
1842-11-05,Alabama,S-0030,60.0,5.0,current_yield,8.333333333333332,8.333333333333332,defaulted,primary,False,False,False
1842-11-12,Alabama,S-0030,50.0,5.0,current_yield,10.0,10.0,defaulted,primary,False,False,False
1842-11-19,Alabama,S-0030,55.0,5.0,current_yield,9.090909090909092,9.090909090909092,defaulted,primary,False,False,False
1842-11-26,Alabama,S-0030,65.0,5.0,current_yield,7.6923076923076925,7.6923076923076925,defaulted,primary,False,False,False
1842-12-03,Alabama,S-0030,60.0,5.0,current_yield,8.333333333333332,8.333333333333332,defaulted,primary,False,False,False
1842-12-10,Alabama,S-0030,60.0,5.0,current_yield,8.333333333333332,8.333333333333332,defaulted,primary,False,False,False
1842-12-17,Alabama,S-0030,50.0,5.0,current_yield,10.0,10.0,defaulted,primary,False,False,False
1842-12-31,Alabama,S-0030,50.0,5.0,current_yield,10.0,10.0,defaulted,primary,False,False,False
1843-01-14,Alabama,S-0030,42.5,5.0,current_yield,11.76470588235294,11.76470588235294,defaulted,primary,False,False,False
1843-01-21,Alabama,S-0030,40.0,5.0,current_yield,12.5,12.5,defaulted,primary,False,False,False
1843-04-08,Alabama,S-0030,55.0,5.0,current_yield,9.090909090909092,9.090909090909092,defaulted,primary,False,False,False
1843-04-15,Alabama,S-0030,55.0,5.0,current_yield,9.090909090909092,9.090909090909092,defaulted,primary,False,False,False
1843-05-20,Alabama,S-0030,50.0,5.0,current_yield,10.0,10.0,defaulted,primary,False,False,False
1843-06-17,Alabama,S-0030,60.0,5.0,current_yield,8.333333333333332,8.333333333333332,defaulted,primary,False,False,False
1843-07-01,Alabama,S-0030,60.0,5.0,current_yield,8.333333333333332,8.333333333333332,defaulted,primary,False,False,False
1843-09-30,Alabama,S-0030,70.0,5.0,current_yield,7.142857142857142,7.142857142857142,defaulted,primary,False,False,False
1843-10-07,Alabama,S-0030,71.5,5.0,current_yield,6.993006993006993,6.993006993006993,defaulted,primary,False,False,False
1843-10-28,Alabama,S-0030,75.0,5.0,current_yield,6.666666666666667,6.666666666666667,defaulted,primary,False,False,False
1843-11-11,Alabama,S-0030,73.0,5.0,current_yield,6.8493150684931505,6.8493150684931505,defaulted,primary,False,False,False
1843-12-02,Alabama,S-0030,80.0,5.0,current_yield,6.25,6.25,defaulted,primary,False,False,False
1843-12-09,Alabama,S-0030,80.5,5.0,current_yield,6.211180124223603,6.211180124223603,defaulted,primary,False,False,False
1843-12-16,Alabama,S-0030,82.5,5.0,current_yield,6.0606060606060606,6.0606060606060606,defaulted,primary,False,False,False
1843-12-23,Alabama,S-0030,84.0,5.0,current_yield,5.952380952380952,5.952380952380952,defaulted,primary,False,False,False
1843-12-30,Alabama,S-0030,82.0,5.0,current_yield,6.097560975609756,6.097560975609756,defaulted,primary,False,False,False
1844-01-13,Alabama,S-0030,82.0,5.0,current_yield,6.097560975609756,6.097560975609756,defaulted,primary,False,False,False
1844-01-20,Alabama,S-0030,80.0,5.0,current_yield,6.25,6.25,defaulted,primary,False,False,False
1844-01-27,Alabama,S-0030,80.0,5.0,current_yield,6.25,6.25,defaulted,primary,False,False,False
1844-02-03,Alabama,S-0030,80.0,5.0,current_yield,6.25,6.25,defaulted,primary,False,False,False
1844-02-10,Alabama,S-0030,80.0,5.0,current_yield,6.25,6.25,defaulted,primary,False,False,False
1844-02-24,Alabama,S-0030,83.5,5.0,current_yield,5.9880239520958085,5.9880239520958085,defaulted,primary,False,False,False
1844-03-02,Alabama,S-0030,84.0,5.0,current_yield,5.952380952380952,5.952380952380952,defaulted,primary,False,False,False
1844-03-09,Alabama,S-0030,84.0,5.0,current_yield,5.952380952380952,5.952380952380952,defaulted,primary,False,False,False
1844-03-16,Alabama,S-0030,84.5,5.0,current_yield,5.9171597633136095,5.9171597633136095,defaulted,primary,False,False,False
1844-03-23,Alabama,S-0030,84.0,5.0,current_yield,5.952380952380952,5.952380952380952,defaulted,primary,False,False,False
1844-03-30,Alabama,S-0030,80.0,5.0,current_yield,6.25,6.25,defaulted,primary,False,False,False
1844-04-06,Alabama,S-0030,83.5,5.0,current_yield,5.9880239520958085,5.9880239520958085,defaulted,primary,False,False,False
1844-04-13,Alabama,S-0030,83.0,5.0,current_yield,6.024096385542169,6.024096385542169,defaulted,primary,False,False,False
1844-04-20,Alabama,S-0030,83.0,5.0,current_yield,6.024096385542169,6.024096385542169,defaulted,primary,False,False,False
1844-04-27,Alabama,S-0030,84.0,5.0,current_yield,5.952380952380952,5.952380952380952,defaulted,primary,False,False,False
1844-05-11,Alabama,S-0030,82.5,5.0,current_yield,6.0606060606060606,6.0606060606060606,defaulted,primary,False,False,False
1844-05-18,Alabama,S-0030,80.0,5.0,current_yield,6.25,6.25,defaulted,primary,False,False,False
1844-05-25,Alabama,S-0030,83.0,5.0,current_yield,6.024096385542169,6.024096385542169,defaulted,primary,False,False,False
1844-06-08,Alabama,S-0030,80.0,5.0,current_yield,6.25,6.25,defaulted,primary,False,False,False
1844-06-15,Alabama,S-0030,80.0,5.0,current_yield,6.25,6.25,defaulted,primary,False,False,False
1844-06-22,Alabama,S-0030,80.0,5.0,current_yield,6.25,6.25,defaulted,primary,False,False,False
1844-07-13,Alabama,S-0030,80.0,5.0,current_yield,6.25,6.25,defaulted,primary,False,False,False
1844-07-20,Alabama,S-0030,80.0,5.0,current_yield,6.25,6.25,defaulted,primary,False,False,False
1844-07-27,Alabama,S-0030,80.0,5.0,current_yield,6.25,6.25,defaulted,primary,False,False,False
1844-09-21,Alabama,S-0030,80.0,5.0,current_yield,6.25,6.25,defaulted,primary,False,False,False
1844-10-12,Alabama,S-0030,80.0,5.0,current_yield,6.25,6.25,defaulted,primary,False,False,False
1844-10-19,Alabama,S-0030,81.0,5.0,current_yield,6.172839506172839,6.172839506172839,defaulted,primary,False,False,False
1844-10-26,Alabama,S-0030,81.0,5.0,current_yield,6.172839506172839,6.172839506172839,defaulted,primary,False,False,False
1844-11-16,Alabama,S-0030,76.0,5.0,current_yield,6.578947368421052,6.578947368421052,defaulted,primary,False,False,False
1844-11-30,Alabama,S-0030,75.0,5.0,current_yield,6.666666666666667,6.666666666666667,defaulted,primary,False,False,False
1844-12-07,Alabama,S-0030,75.0,5.0,current_yield,6.666666666666667,6.666666666666667,defaulted,primary,False,False,False
1844-12-21,Alabama,S-0030,73.0,5.0,current_yield,6.8493150684931505,6.8493150684931505,defaulted,primary,False,False,False
1845-01-01,Alabama,S-0030,72.5,5.0,current_yield,6.896551724137931,6.896551724137931,defaulted,primary,False,False,False
1845-01-18,Alabama,S-0030,72.5,5.0,current_yield,6.896551724137931,6.896551724137931,defaulted,primary,False,False,False
1845-01-25,Alabama,S-0030,70.0,5.0,current_yield,7.142857142857142,7.142857142857142,defaulted,primary,False,False,False
1845-04-05,Alabama,S-0030,70.0,5.0,current_yield,7.142857142857142,7.142857142857142,defaulted,primary,False,False,False
1845-07-12,Alabama,S-0030,72.0,5.0,current_yield,6.944444444444445,6.944444444444445,defaulted,primary,False,False,False
1845-07-19,Alabama,S-0030,73.0,5.0,current_yield,6.8493150684931505,6.8493150684931505,defaulted,primary,False,False,False
1845-08-02,Alabama,S-0030,71.0,5.0,current_yield,7.042253521126761,7.042253521126761,defaulted,primary,False,False,False
1845-08-30,Alabama,S-0030,70.0,5.0,current_yield,7.142857142857142,7.142857142857142,defaulted,primary,False,False,False
1845-09-13,Alabama,S-0030,70.0,5.0,current_yield,7.142857142857142,7.142857142857142,defaulted,primary,False,False,False
1845-09-27,Alabama,S-0030,69.0,5.0,current_yield,7.246376811594203,7.246376811594203,defaulted,primary,False,False,False
1845-11-22,Alabama,S-0030,71.0,5.0,current_yield,7.042253521126761,7.042253521126761,defaulted,primary,False,False,False
1845-11-29,Alabama,S-0030,70.0,5.0,current_yield,7.142857142857142,7.142857142857142,defaulted,primary,False,False,False
1845-12-06,Alabama,S-0030,70.0,5.0,current_yield,7.142857142857142,7.142857142857142,defaulted,primary,False,False,False
1845-12-20,Alabama,S-0030,68.0,5.0,current_yield,7.352941176470589,7.352941176470589,defaulted,primary,False,False,False
1845-12-27,Alabama,S-0030,66.0,5.0,current_yield,7.575757575757576,7.575757575757576,defaulted,primary,False,False,False
1846-01-03,Alabama,S-0030,66.0,5.0,current_yield,7.575757575757576,7.575757575757576,defaulted,primary,False,False,False
1846-01-24,Alabama,S-0030,65.0,5.0,current_yield,7.6923076923076925,7.6923076923076925,defaulted,primary,False,False,False
1846-02-07,Alabama,S-0030,68.0,5.0,current_yield,7.352941176470589,7.352941176470589,defaulted,primary,False,False,False
1846-02-14,Alabama,S-0030,70.0,5.0,current_yield,7.142857142857142,7.142857142857142,defaulted,primary,False,False,False
1846-02-21,Alabama,S-0030,72.5,5.0,current_yield,6.896551724137931,6.896551724137931,defaulted,primary,False,False,False
1846-03-28,Alabama,S-0030,71.5,5.0,current_yield,6.993006993006993,6.993006993006993,defaulted,primary,False,False,False
1846-04-04,Alabama,S-0030,70.25,5.0,current_yield,7.11743772241993,7.11743772241993,defaulted,primary,False,False,False
1846-04-11,Alabama,S-0030,67.5,5.0,current_yield,7.4074074074074066,7.4074074074074066,defaulted,primary,False,False,False
1846-04-25,Alabama,S-0030,69.0,5.0,current_yield,7.246376811594203,7.246376811594203,defaulted,primary,False,False,False
1846-05-02,Alabama,S-0030,70.0,5.0,current_yield,7.142857142857142,7.142857142857142,defaulted,primary,False,False,False
1846-05-30,Alabama,S-0030,68.0,5.0,current_yield,7.352941176470589,7.352941176470589,defaulted,primary,False,False,False
1846-06-20,Alabama,S-0030,67.5,5.0,current_yield,7.4074074074074066,7.4074074074074066,defaulted,primary,False,False,False
1846-07-25,Alabama,S-0030,67.0,5.0,current_yield,7.462686567164178,7.462686567164178,defaulted,primary,False,False,False
1846-10-03,Alabama,S-0030,65.75,5.0,current_yield,7.604562737642586,7.604562737642586,defaulted,primary,False,False,False
1846-10-10,Alabama,S-0030,65.0,5.0,current_yield,7.6923076923076925,7.6923076923076925,defaulted,primary,False,False,False
1846-10-17,Alabama,S-0030,65.5,5.0,current_yield,7.633587786259542,7.633587786259542,defaulted,primary,False,False,False
1846-10-31,Alabama,S-0030,63.0,5.0,current_yield,7.936507936507936,7.936507936507936,defaulted,primary,False,False,False
1846-12-26,Alabama,S-0030,63.0,5.0,current_yield,7.936507936507936,7.936507936507936,defaulted,primary,False,False,False
1846-12-30,Alabama,S-0030,63.0,5.0,current_yield,7.936507936507936,7.936507936507936,defaulted,primary,False,False,False
1847-01-02,Alabama,S-0030,62.0,5.0,current_yield,8.064516129032258,8.064516129032258,defaulted,primary,False,False,False
1847-01-23,Alabama,S-0030,63.0,5.0,current_yield,7.936507936507936,7.936507936507936,defaulted,primary,False,False,False
1847-02-20,Alabama,S-0030,64.0,5.0,current_yield,7.8125,7.8125,defaulted,primary,False,False,False
1847-02-27,Alabama,S-0030,64.0,5.0,current_yield,7.8125,7.8125,defaulted,primary,False,False,False
1847-03-06,Alabama,S-0030,64.0,5.0,current_yield,7.8125,7.8125,defaulted,primary,False,False,False
1847-04-10,Alabama,S-0030,62.0,5.0,current_yield,8.064516129032258,8.064516129032258,defaulted,primary,False,False,False
1847-04-21,Alabama,S-0030,63.5,5.0,current_yield,7.874015748031496,7.874015748031496,defaulted,primary,False,False,False
1847-05-08,Alabama,S-0030,60.0,5.0,current_yield,8.333333333333332,8.333333333333332,defaulted,primary,False,False,False
1847-05-15,Alabama,S-0030,61.0,5.0,current_yield,8.19672131147541,8.19672131147541,defaulted,primary,False,False,False
1847-05-22,Alabama,S-0030,61.25,5.0,current_yield,8.16326530612245,8.16326530612245,defaulted,primary,False,False,False
1847-05-29,Alabama,S-0030,61.5,5.0,current_yield,8.130081300813007,8.130081300813007,defaulted,primary,False,False,False
1847-06-05,Alabama,S-0030,62.25,5.0,current_yield,8.032128514056225,8.032128514056225,defaulted,primary,False,False,False
1847-06-12,Alabama,S-0030,62.25,5.0,current_yield,8.032128514056225,8.032128514056225,defaulted,primary,False,False,False
1847-06-19,Alabama,S-0030,61.0,5.0,current_yield,8.19672131147541,8.19672131147541,defaulted,primary,False,False,False
1847-06-26,Alabama,S-0030,60.0,5.0,current_yield,8.333333333333332,8.333333333333332,defaulted,primary,False,False,False
1847-07-03,Alabama,S-0030,60.0,5.0,current_yield,8.333333333333332,8.333333333333332,defaulted,primary,False,False,False
1847-07-10,Alabama,S-0030,60.0,5.0,current_yield,8.333333333333332,8.333333333333332,defaulted,primary,False,False,False
1847-07-24,Alabama,S-0030,59.0,5.0,current_yield,8.47457627118644,8.47457627118644,defaulted,primary,False,False,False
1847-07-31,Alabama,S-0030,60.0,5.0,current_yield,8.333333333333332,8.333333333333332,defaulted,primary,False,False,False
1847-09-11,Alabama,S-0030,60.0,5.0,current_yield,8.333333333333332,8.333333333333332,defaulted,primary,False,False,False
1847-10-09,Alabama,S-0030,61.0,5.0,current_yield,8.19672131147541,8.19672131147541,defaulted,primary,False,False,False
1847-10-16,Alabama,S-0030,60.0,5.0,current_yield,8.333333333333332,8.333333333333332,defaulted,primary,False,False,False
1847-11-13,Alabama,S-0030,50.0,5.0,current_yield,10.0,10.0,defaulted,primary,False,False,False
1848-03-25,Alabama,S-0030,60.0,5.0,current_yield,8.333333333333332,8.333333333333332,defaulted,primary,False,False,False
1848-04-01,Alabama,S-0030,62.0,5.0,current_yield,8.064516129032258,8.064516129032258,defaulted,primary,False,False,False
1848-06-24,Alabama,S-0030,60.0,5.0,current_yield,8.333333333333332,8.333333333333332,defaulted,primary,False,False,False
1848-08-12,Alabama,S-0030,62.0,5.0,current_yield,8.064516129032258,8.064516129032258,defaulted,primary,False,False,False
1848-08-26,Alabama,S-0030,62.0,5.0,current_yield,8.064516129032258,8.064516129032258,defaulted,primary,False,False,False
1848-09-02,Alabama,S-0030,62.0,5.0,current_yield,8.064516129032258,8.064516129032258,defaulted,primary,False,False,False
1848-09-09,Alabama,S-0030,62.0,5.0,current_yield,8.064516129032258,8.064516129032258,defaulted,primary,False,False,False
1848-09-16,Alabama,S-0030,62.0,5.0,current_yield,8.064516129032258,8.064516129032258,defaulted,primary,False,False,False
1848-09-23,Alabama,S-0030,62.0,5.0,current_yield,8.064516129032258,8.064516129032258,defaulted,primary,False,False,False
1848-09-30,Alabama,S-0030,62.0,5.0,current_yield,8.064516129032258,8.064516129032258,defaulted,primary,False,False,False
1850-02-09,Alabama,S-0030,73.5,5.0,current_yield,6.802721088435375,6.802721088435375,defaulted,primary,False,False,False
1850-03-09,Alabama,S-0030,75.0,5.0,current_yield,6.666666666666667,6.666666666666667,defaulted,primary,False,False,False
1850-04-13,Alabama,S-0030,75.0,5.0,current_yield,6.666666666666667,6.666666666666667,defaulted,primary,False,False,False
1850-05-04,Alabama,S-0030,75.0,5.0,current_yield,6.666666666666667,6.666666666666667,defaulted,primary,False,False,False
1850-05-22,Alabama,S-0030,75.0,5.0,current_yield,6.666666666666667,6.666666666666667,defaulted,primary,False,False,False
1850-06-01,Alabama,S-0030,80.0,5.0,current_yield,6.25,6.25,defaulted,primary,False,False,False
1850-06-15,Alabama,S-0030,80.0,5.0,current_yield,6.25,6.25,defaulted,primary,False,False,False
1850-07-03,Alabama,S-0030,82.5,5.0,current_yield,6.0606060606060606,6.0606060606060606,defaulted,primary,False,False,False
1850-08-28,Alabama,S-0030,85.0,5.0,current_yield,5.88235294117647,5.88235294117647,defaulted,primary,False,False,False
1850-10-05,Alabama,S-0030,85.0,5.0,current_yield,5.88235294117647,5.88235294117647,defaulted,primary,False,False,False
1850-11-13,Alabama,S-0030,86.0,5.0,current_yield,5.813953488372093,5.813953488372093,defaulted,primary,False,False,False
1850-11-23,Alabama,S-0030,90.0,5.0,current_yield,5.555555555555555,5.555555555555555,defaulted,primary,False,False,False
1850-12-07,Alabama,S-0030,90.0,5.0,current_yield,5.555555555555555,5.555555555555555,defaulted,primary,False,False,False
1851-01-29,Alabama,S-0030,90.0,5.0,current_yield,5.555555555555555,5.555555555555555,defaulted,primary,False,False,False
1851-04-16,Alabama,S-0030,90.0,5.0,current_yield,5.555555555555555,5.555555555555555,defaulted,primary,False,False,False
1851-06-14,Alabama,S-0030,90.0,5.0,current_yield,5.555555555555555,5.555555555555555,defaulted,primary,False,False,False
1851-06-28,Alabama,S-0030,90.0,5.0,current_yield,5.555555555555555,5.555555555555555,defaulted,primary,False,False,False
1851-08-30,Alabama,S-0030,91.0,5.0,current_yield,5.4945054945054945,5.4945054945054945,defaulted,primary,False,False,False
1851-09-27,Alabama,S-0030,90.0,5.0,current_yield,5.555555555555555,5.555555555555555,defaulted,primary,False,False,False
1852-04-07,Alabama,S-0030,90.0,5.0,current_yield,5.555555555555555,5.555555555555555,defaulted,primary,False,False,False
1852-05-22,Alabama,S-0030,90.0,5.0,current_yield,5.555555555555555,5.555555555555555,defaulted,primary,False,False,False
1852-07-10,Alabama,S-0030,91.0,5.0,current_yield,5.4945054945054945,5.4945054945054945,defaulted,primary,False,False,False
1852-07-14,Alabama,S-0030,95.0,5.0,current_yield,5.263157894736842,5.263157894736842,defaulted,primary,False,False,False
1853-05-18,Alabama,S-0030,90.0,5.0,current_yield,5.555555555555555,5.555555555555555,defaulted,primary,False,False,False
1853-05-21,Alabama,S-0030,90.0,5.0,current_yield,5.555555555555555,5.555555555555555,defaulted,primary,False,False,False
1853-06-11,Alabama,S-0030,93.0,5.0,current_yield,5.376344086021505,5.376344086021505,defaulted,primary,False,False,False
1853-06-18,Alabama,S-0030,94.0,5.0,current_yield,5.319148936170213,5.319148936170213,defaulted,primary,False,False,False
1842-06-25,Alabama,S-0040,50.0,6.0,current_yield,12.0,12.0,defaulted,primary,False,False,False
1842-07-02,Alabama,S-0040,50.0,6.0,current_yield,12.0,12.0,defaulted,primary,False,False,False
1842-07-23,Alabama,S-0040,50.0,6.0,current_yield,12.0,12.0,defaulted,primary,False,False,False
1842-10-15,Alabama,S-0040,55.0,6.0,current_yield,10.909090909090908,10.909090909090908,defaulted,primary,False,False,False
1842-10-22,Alabama,S-0040,60.0,6.0,current_yield,10.0,10.0,defaulted,primary,False,False,False
1842-12-17,Alabama,S-0040,80.0,6.0,current_yield,7.5,7.5,defaulted,primary,False,False,False
1842-12-24,Alabama,S-0040,60.0,6.0,current_yield,10.0,10.0,defaulted,primary,False,False,False
1842-12-31,Alabama,S-0040,60.0,6.0,current_yield,10.0,10.0,defaulted,primary,False,False,False
1843-01-14,Alabama,S-0040,50.0,6.0,current_yield,12.0,12.0,defaulted,primary,False,False,False
1843-01-28,Alabama,S-0040,50.0,6.0,current_yield,12.0,12.0,defaulted,primary,False,False,False
1843-04-08,Alabama,S-0040,60.0,6.0,current_yield,10.0,10.0,defaulted,primary,False,False,False
1843-04-15,Alabama,S-0040,60.0,6.0,current_yield,10.0,10.0,defaulted,primary,False,False,False
1843-05-20,Alabama,S-0040,60.0,6.0,current_yield,10.0,10.0,defaulted,primary,False,False,False
1843-05-27,Alabama,S-0040,80.0,6.0,current_yield,7.5,7.5,defaulted,primary,False,False,False
1843-12-02,Alabama,S-0040,90.0,6.0,current_yield,6.666666666666667,6.666666666666667,defaulted,primary,False,False,False
1844-03-30,Alabama,S-0040,80.0,6.0,current_yield,7.5,7.5,defaulted,primary,False,False,False
1844-07-27,Alabama,S-0040,80.0,6.0,current_yield,7.5,7.5,defaulted,primary,False,False,False
1847-05-15,Alabama,S-0040,60.0,6.0,current_yield,10.0,10.0,defaulted,primary,False,False,False
1851-05-21,Alabama,S-0040,90.0,6.0,current_yield,6.666666666666667,6.666666666666667,defaulted,primary,False,False,False
1843-01-21,Indiana,S-0510,20.5,5.0,current_yield,24.390243902439025,24.390243902439025,defaulted,primary,False,False,True
1843-01-28,Indiana,S-0510,21.0,5.0,current_yield,23.809523809523807,23.809523809523807,defaulted,primary,False,False,True
1843-02-04,Indiana,S-0510,21.5,5.0,current_yield,23.25581395348837,23.25581395348837,defaulted,primary,False,False,True
1843-02-11,Indiana,S-0510,22.5,5.0,current_yield,22.22222222222222,22.22222222222222,defaulted,primary,False,False,True
1843-02-18,Indiana,S-0510,23.5,5.0,current_yield,21.27659574468085,21.27659574468085,defaulted,primary,False,False,True
1843-03-04,Indiana,S-0510,23.0,5.0,current_yield,21.73913043478261,21.73913043478261,defaulted,primary,False,False,True
1843-03-11,Indiana,S-0510,24.5,5.0,current_yield,20.408163265306122,20.408163265306122,defaulted,primary,False,False,True
1843-03-18,Indiana,S-0510,24.25,5.0,current_yield,20.618556701030926,20.618556701030926,defaulted,primary,False,False,True
1843-03-25,Indiana,S-0510,24.0,5.0,current_yield,20.833333333333336,20.833333333333336,defaulted,primary,False,False,True
1843-04-08,Indiana,S-0510,23.0,5.0,current_yield,21.73913043478261,21.73913043478261,defaulted,primary,False,False,True
1843-04-15,Indiana,S-0510,24.5,5.0,current_yield,20.408163265306122,20.408163265306122,defaulted,primary,False,False,True
1843-04-22,Indiana,S-0510,24.5,5.0,current_yield,20.408163265306122,20.408163265306122,defaulted,primary,False,False,True
1843-04-29,Indiana,S-0510,28.5,5.0,current_yield,17.543859649122805,17.543859649122805,defaulted,primary,False,False,True
1843-05-06,Indiana,S-0510,30.0,5.0,current_yield,16.666666666666664,16.666666666666664,defaulted,primary,False,False,True
1843-05-13,Indiana,S-0510,30.0,5.0,current_yield,16.666666666666664,16.666666666666664,defaulted,primary,False,False,True
1843-05-20,Indiana,S-0510,29.0,5.0,current_yield,17.24137931034483,17.24137931034483,defaulted,primary,False,False,True
1843-05-27,Indiana,S-0510,33.0,5.0,current_yield,15.151515151515152,15.151515151515152,defaulted,primary,False,False,True
1843-06-10,Indiana,S-0510,37.5,5.0,current_yield,13.333333333333334,13.333333333333334,defaulted,primary,False,False,True
1843-06-24,Indiana,S-0510,31.5,5.0,current_yield,15.873015873015872,15.873015873015872,defaulted,primary,False,False,True
1843-07-01,Indiana,S-0510,34.5,5.0,current_yield,14.492753623188406,14.492753623188406,defaulted,primary,False,False,True
1843-07-08,Indiana,S-0510,30.5,5.0,current_yield,16.39344262295082,16.39344262295082,defaulted,primary,False,False,True
1843-07-15,Indiana,S-0510,30.5,5.0,current_yield,16.39344262295082,16.39344262295082,defaulted,primary,False,False,True
1843-07-22,Indiana,S-0510,31.0,5.0,current_yield,16.129032258064516,16.129032258064516,defaulted,primary,False,False,True
1843-07-29,Indiana,S-0510,31.5,5.0,current_yield,15.873015873015872,15.873015873015872,defaulted,primary,False,False,True
1843-08-05,Indiana,S-0510,32.0,5.0,current_yield,15.625,15.625,defaulted,primary,False,False,True
1843-08-12,Indiana,S-0510,32.5,5.0,current_yield,15.384615384615385,15.384615384615385,defaulted,primary,False,False,True
1843-08-19,Indiana,S-0510,33.75,5.0,current_yield,14.814814814814813,14.814814814814813,defaulted,primary,False,False,True
1843-09-02,Indiana,S-0510,33.5,5.0,current_yield,14.925373134328357,14.925373134328357,defaulted,primary,False,False,True
1843-09-09,Indiana,S-0510,34.0,5.0,current_yield,14.705882352941178,14.705882352941178,defaulted,primary,False,False,True
1843-09-16,Indiana,S-0510,35.0,5.0,current_yield,14.285714285714285,14.285714285714285,defaulted,primary,False,False,True
1843-09-23,Indiana,S-0510,36.75,5.0,current_yield,13.60544217687075,13.60544217687075,defaulted,primary,False,False,True
1843-09-30,Indiana,S-0510,38.25,5.0,current_yield,13.071895424836603,13.071895424836603,defaulted,primary,False,False,True
1843-10-07,Indiana,S-0510,37.0,5.0,current_yield,13.513513513513514,13.513513513513514,defaulted,primary,False,False,True
1843-10-14,Indiana,S-0510,36.5,5.0,current_yield,13.698630136986301,13.698630136986301,defaulted,primary,False,False,True
1843-10-21,Indiana,S-0510,38.0,5.0,current_yield,13.157894736842104,13.157894736842104,defaulted,primary,False,False,True
1843-10-28,Indiana,S-0510,36.25,5.0,current_yield,13.793103448275861,13.793103448275861,defaulted,primary,False,False,True
1843-11-04,Indiana,S-0510,37.0,5.0,current_yield,13.513513513513514,13.513513513513514,defaulted,primary,False,False,True
1843-11-11,Indiana,S-0510,38.0,5.0,current_yield,13.157894736842104,13.157894736842104,defaulted,primary,False,False,True
1843-11-18,Indiana,S-0510,39.0,5.0,current_yield,12.82051282051282,12.82051282051282,defaulted,primary,False,False,True
1843-11-25,Indiana,S-0510,41.0,5.0,current_yield,12.195121951219512,12.195121951219512,defaulted,primary,False,False,True
1843-12-02,Indiana,S-0510,42.0,5.0,current_yield,11.904761904761903,11.904761904761903,defaulted,primary,False,False,True
1843-12-09,Indiana,S-0510,44.5,5.0,current_yield,11.235955056179774,11.235955056179774,defaulted,primary,False,False,True
1843-12-16,Indiana,S-0510,46.0,5.0,current_yield,10.869565217391305,10.869565217391305,defaulted,primary,False,False,True
1843-12-23,Indiana,S-0510,46.0,5.0,current_yield,10.869565217391305,10.869565217391305,defaulted,primary,False,False,True
1843-12-30,Indiana,S-0510,42.5,5.0,current_yield,11.76470588235294,11.76470588235294,defaulted,primary,False,False,True
1844-01-06,Indiana,S-0510,41.5,5.0,current_yield,12.048192771084338,12.048192771084338,defaulted,primary,False,False,True
1844-01-13,Indiana,S-0510,41.0,5.0,current_yield,12.195121951219512,12.195121951219512,defaulted,primary,False,False,True
1844-01-20,Indiana,S-0510,33.5,5.0,current_yield,14.925373134328357,14.925373134328357,defaulted,primary,False,False,True
1844-01-27,Indiana,S-0510,36.0,5.0,current_yield,13.88888888888889,13.88888888888889,defaulted,primary,False,False,True
1844-02-03,Indiana,S-0510,37.0,5.0,current_yield,13.513513513513514,13.513513513513514,defaulted,primary,False,False,True
1844-02-10,Indiana,S-0510,37.0,5.0,current_yield,13.513513513513514,13.513513513513514,defaulted,primary,False,False,True
1844-02-17,Indiana,S-0510,38.0,5.0,current_yield,13.157894736842104,13.157894736842104,defaulted,primary,False,False,True
1844-02-24,Indiana,S-0510,39.0,5.0,current_yield,12.82051282051282,12.82051282051282,defaulted,primary,False,False,True
1844-03-02,Indiana,S-0510,39.0,5.0,current_yield,12.82051282051282,12.82051282051282,defaulted,primary,False,False,True
1844-03-09,Indiana,S-0510,39.25,5.0,current_yield,12.738853503184714,12.738853503184714,defaulted,primary,False,False,True
1844-03-16,Indiana,S-0510,38.75,5.0,current_yield,12.903225806451612,12.903225806451612,defaulted,primary,False,False,True
1844-03-23,Indiana,S-0510,38.25,5.0,current_yield,13.071895424836603,13.071895424836603,defaulted,primary,False,False,True
1844-03-30,Indiana,S-0510,36.0,5.0,current_yield,13.88888888888889,13.88888888888889,defaulted,primary,False,False,True
1844-04-13,Indiana,S-0510,37.25,5.0,current_yield,13.422818791946309,13.422818791946309,defaulted,primary,False,False,True
1844-04-20,Indiana,S-0510,37.0,5.0,current_yield,13.513513513513514,13.513513513513514,defaulted,primary,False,False,True
1844-04-27,Indiana,S-0510,38.0,5.0,current_yield,13.157894736842104,13.157894736842104,defaulted,primary,False,False,True
1844-05-11,Indiana,S-0510,43.25,5.0,current_yield,11.560693641618498,11.560693641618498,defaulted,primary,False,False,True
1844-05-25,Indiana,S-0510,45.0,5.0,current_yield,11.11111111111111,11.11111111111111,defaulted,primary,False,False,True
1844-06-01,Indiana,S-0510,46.25,5.0,current_yield,10.81081081081081,10.81081081081081,defaulted,primary,False,False,True
1844-06-08,Indiana,S-0510,45.0,5.0,current_yield,11.11111111111111,11.11111111111111,defaulted,primary,False,False,True
1844-06-15,Indiana,S-0510,45.25,5.0,current_yield,11.049723756906078,11.049723756906078,defaulted,primary,False,False,True
1844-06-29,Indiana,S-0510,43.625,5.0,current_yield,11.461318051575931,11.461318051575931,defaulted,primary,False,False,True
1844-07-06,Indiana,S-0510,44.25,5.0,current_yield,11.299435028248588,11.299435028248588,defaulted,primary,False,False,True
1844-07-13,Indiana,S-0510,43.5,5.0,current_yield,11.494252873563218,11.494252873563218,defaulted,primary,False,False,True
1844-07-20,Indiana,S-0510,44.75,5.0,current_yield,11.1731843575419,11.1731843575419,defaulted,primary,False,False,True
1844-07-27,Indiana,S-0510,44.375,5.0,current_yield,11.267605633802818,11.267605633802818,defaulted,primary,False,False,True
1844-08-03,Indiana,S-0510,44.75,5.0,current_yield,11.1731843575419,11.1731843575419,defaulted,primary,False,False,True
1844-08-10,Indiana,S-0510,43.75,5.0,current_yield,11.428571428571429,11.428571428571429,defaulted,primary,False,False,True
1844-08-17,Indiana,S-0510,44.75,5.0,current_yield,11.1731843575419,11.1731843575419,defaulted,primary,False,False,True
1844-08-24,Indiana,S-0510,44.25,5.0,current_yield,11.299435028248588,11.299435028248588,defaulted,primary,False,False,True
1844-08-31,Indiana,S-0510,43.5,5.0,current_yield,11.494252873563218,11.494252873563218,defaulted,primary,False,False,True
1844-09-07,Indiana,S-0510,44.0,5.0,current_yield,11.363636363636363,11.363636363636363,defaulted,primary,False,False,True
1844-09-14,Indiana,S-0510,44.0,5.0,current_yield,11.363636363636363,11.363636363636363,defaulted,primary,False,False,True
1844-09-21,Indiana,S-0510,44.0,5.0,current_yield,11.363636363636363,11.363636363636363,defaulted,primary,False,False,True
1844-09-28,Indiana,S-0510,43.0,5.0,current_yield,11.627906976744185,11.627906976744185,defaulted,primary,False,False,True
1844-10-05,Indiana,S-0510,44.0,5.0,current_yield,11.363636363636363,11.363636363636363,defaulted,primary,False,False,True
1844-10-12,Indiana,S-0510,44.5,5.0,current_yield,11.235955056179774,11.235955056179774,defaulted,primary,False,False,True
1844-10-19,Indiana,S-0510,46.0,5.0,current_yield,10.869565217391305,10.869565217391305,defaulted,primary,False,False,True
1844-10-26,Indiana,S-0510,44.5,5.0,current_yield,11.235955056179774,11.235955056179774,defaulted,primary,False,False,True
1844-11-02,Indiana,S-0510,44.75,5.0,current_yield,11.1731843575419,11.1731843575419,defaulted,primary,False,False,True
1844-11-09,Indiana,S-0510,39.5,5.0,current_yield,12.658227848101266,12.658227848101266,defaulted,primary,False,False,True
1844-11-16,Indiana,S-0510,36.25,5.0,current_yield,13.793103448275861,13.793103448275861,defaulted,primary,False,False,True
1844-11-23,Indiana,S-0510,36.0,5.0,current_yield,13.88888888888889,13.88888888888889,defaulted,primary,False,False,True
1844-11-30,Indiana,S-0510,35.0,5.0,current_yield,14.285714285714285,14.285714285714285,defaulted,primary,False,False,True
1844-12-07,Indiana,S-0510,36.5,5.0,current_yield,13.698630136986301,13.698630136986301,defaulted,primary,False,False,True
1844-12-14,Indiana,S-0510,35.0,5.0,current_yield,14.285714285714285,14.285714285714285,defaulted,primary,False,False,True
1844-12-21,Indiana,S-0510,34.5,5.0,current_yield,14.492753623188406,14.492753623188406,defaulted,primary,False,False,True
1845-01-01,Indiana,S-0510,34.375,5.0,current_yield,14.545454545454545,14.545454545454545,defaulted,primary,False,False,True
1845-01-04,Indiana,S-0510,33.0,5.0,current_yield,15.151515151515152,15.151515151515152,defaulted,primary,False,False,True
1845-01-11,Indiana,S-0510,33.0,5.0,current_yield,15.151515151515152,15.151515151515152,defaulted,primary,False,False,True
1845-01-18,Indiana,S-0510,34.25,5.0,current_yield,14.5985401459854,14.5985401459854,defaulted,primary,False,False,True
1845-01-25,Indiana,S-0510,33.5,5.0,current_yield,14.925373134328357,14.925373134328357,defaulted,primary,False,False,True
1845-02-01,Indiana,S-0510,34.0,5.0,current_yield,14.705882352941178,14.705882352941178,defaulted,primary,False,False,True
1845-02-08,Indiana,S-0510,36.0,5.0,current_yield,13.88888888888889,13.88888888888889,defaulted,primary,False,False,True
1845-02-15,Indiana,S-0510,36.25,5.0,current_yield,13.793103448275861,13.793103448275861,defaulted,primary,False,False,True
1845-02-22,Indiana,S-0510,35.0,5.0,current_yield,14.285714285714285,14.285714285714285,defaulted,primary,False,False,True
1845-03-08,Indiana,S-0510,35.0,5.0,current_yield,14.285714285714285,14.285714285714285,defaulted,primary,False,False,True
1845-03-15,Indiana,S-0510,34.0,5.0,current_yield,14.705882352941178,14.705882352941178,defaulted,primary,False,False,True
1845-03-22,Indiana,S-0510,35.0,5.0,current_yield,14.285714285714285,14.285714285714285,defaulted,primary,False,False,True
1845-03-29,Indiana,S-0510,34.75,5.0,current_yield,14.388489208633093,14.388489208633093,defaulted,primary,False,False,True
1845-04-05,Indiana,S-0510,35.0,5.0,current_yield,14.285714285714285,14.285714285714285,defaulted,primary,False,False,True
1845-04-12,Indiana,S-0510,34.5,5.0,current_yield,14.492753623188406,14.492753623188406,defaulted,primary,False,False,True
1845-04-19,Indiana,S-0510,33.0,5.0,current_yield,15.151515151515152,15.151515151515152,defaulted,primary,False,False,True
1845-05-03,Indiana,S-0510,33.0,5.0,current_yield,15.151515151515152,15.151515151515152,defaulted,primary,False,False,True
1845-05-10,Indiana,S-0510,33.75,5.0,current_yield,14.814814814814813,14.814814814814813,defaulted,primary,False,False,True
1845-05-17,Indiana,S-0510,34.75,5.0,current_yield,14.388489208633093,14.388489208633093,defaulted,primary,False,False,True
1845-06-07,Indiana,S-0510,33.25,5.0,current_yield,15.037593984962406,15.037593984962406,defaulted,primary,False,False,True
1845-06-14,Indiana,S-0510,33.0,5.0,current_yield,15.151515151515152,15.151515151515152,defaulted,primary,False,False,True
1845-06-21,Indiana,S-0510,33.0,5.0,current_yield,15.151515151515152,15.151515151515152,defaulted,primary,False,False,True
1845-07-05,Indiana,S-0510,33.0,5.0,current_yield,15.151515151515152,15.151515151515152,defaulted,primary,False,False,True
1845-07-19,Indiana,S-0510,33.0,5.0,current_yield,15.151515151515152,15.151515151515152,defaulted,primary,False,False,True
1845-08-02,Indiana,S-0510,33.75,5.0,current_yield,14.814814814814813,14.814814814814813,defaulted,primary,False,False,True
1845-08-09,Indiana,S-0510,34.5,5.0,current_yield,14.492753623188406,14.492753623188406,defaulted,primary,False,False,True
1845-08-16,Indiana,S-0510,33.5,5.0,current_yield,14.925373134328357,14.925373134328357,defaulted,primary,False,False,True
1845-08-23,Indiana,S-0510,33.0,5.0,current_yield,15.151515151515152,15.151515151515152,defaulted,primary,False,False,True
1845-08-30,Indiana,S-0510,34.0,5.0,current_yield,14.705882352941178,14.705882352941178,defaulted,primary,False,False,True
1845-09-06,Indiana,S-0510,34.5,5.0,current_yield,14.492753623188406,14.492753623188406,defaulted,primary,False,False,True
1845-09-20,Indiana,S-0510,34.125,5.0,current_yield,14.652014652014653,14.652014652014653,defaulted,primary,False,False,True
1845-09-27,Indiana,S-0510,35.5,5.0,current_yield,14.084507042253522,14.084507042253522,defaulted,primary,False,False,True
1845-10-04,Indiana,S-0510,36.5,5.0,current_yield,13.698630136986301,13.698630136986301,defaulted,primary,False,False,True
1845-10-11,Indiana,S-0510,37.25,5.0,current_yield,13.422818791946309,13.422818791946309,defaulted,primary,False,False,True
1845-11-01,Indiana,S-0510,37.5,5.0,current_yield,13.333333333333334,13.333333333333334,defaulted,primary,False,False,True
1845-11-08,Indiana,S-0510,38.0,5.0,current_yield,13.157894736842104,13.157894736842104,defaulted,primary,False,False,True
1845-11-22,Indiana,S-0510,40.0,5.0,current_yield,12.5,12.5,defaulted,primary,False,False,True
1845-12-27,Indiana,S-0510,37.0,5.0,current_yield,13.513513513513514,13.513513513513514,defaulted,primary,False,False,True
1845-12-31,Indiana,S-0510,39.0,5.0,current_yield,12.82051282051282,12.82051282051282,defaulted,primary,False,False,True
1846-01-03,Indiana,S-0510,39.0,5.0,current_yield,12.82051282051282,12.82051282051282,defaulted,primary,False,False,True
1846-01-10,Indiana,S-0510,36.625,5.0,current_yield,13.651877133105803,13.651877133105803,defaulted,primary,False,False,True
1846-01-17,Indiana,S-0510,38.5,5.0,current_yield,12.987012987012985,12.987012987012985,defaulted,primary,False,False,True
1846-01-24,Indiana,S-0510,37.0,5.0,current_yield,13.513513513513514,13.513513513513514,defaulted,primary,False,False,True
1846-01-31,Indiana,S-0510,41.5,5.0,current_yield,12.048192771084338,12.048192771084338,defaulted,primary,False,False,True
1846-02-07,Indiana,S-0510,42.0,5.0,current_yield,11.904761904761903,11.904761904761903,defaulted,primary,False,False,True
1846-02-14,Indiana,S-0510,41.5,5.0,current_yield,12.048192771084338,12.048192771084338,defaulted,primary,False,False,True
1846-02-21,Indiana,S-0510,41.0,5.0,current_yield,12.195121951219512,12.195121951219512,defaulted,primary,False,False,True
1846-02-28,Indiana,S-0510,41.75,5.0,current_yield,11.976047904191617,11.976047904191617,defaulted,primary,False,False,True
1846-03-07,Indiana,S-0510,40.0,5.0,current_yield,12.5,12.5,defaulted,primary,False,False,True
1846-03-14,Indiana,S-0510,40.0,5.0,current_yield,12.5,12.5,defaulted,primary,False,False,True
1846-03-21,Indiana,S-0510,40.0,5.0,current_yield,12.5,12.5,defaulted,primary,False,False,True
1846-04-11,Indiana,S-0510,36.0,5.0,current_yield,13.88888888888889,13.88888888888889,defaulted,primary,False,False,True
1846-05-02,Indiana,S-0510,34.0,5.0,current_yield,14.705882352941178,14.705882352941178,defaulted,primary,False,False,True
1846-05-16,Indiana,S-0510,34.0,5.0,current_yield,14.705882352941178,14.705882352941178,defaulted,primary,False,False,True
1846-06-06,Indiana,S-0510,31.5,5.0,current_yield,15.873015873015872,15.873015873015872,defaulted,primary,False,False,True
1846-06-13,Indiana,S-0510,33.0,5.0,current_yield,15.151515151515152,15.151515151515152,defaulted,primary,False,False,True
1846-07-04,Indiana,S-0510,33.0,5.0,current_yield,15.151515151515152,15.151515151515152,defaulted,primary,False,False,True
1846-07-11,Indiana,S-0510,33.0,5.0,current_yield,15.151515151515152,15.151515151515152,defaulted,primary,False,False,True
1846-07-18,Indiana,S-0510,31.5,5.0,current_yield,15.873015873015872,15.873015873015872,defaulted,primary,False,False,True
1846-07-25,Indiana,S-0510,33.0,5.0,current_yield,15.151515151515152,15.151515151515152,defaulted,primary,False,False,True
1846-08-01,Indiana,S-0510,33.0,5.0,current_yield,15.151515151515152,15.151515151515152,defaulted,primary,False,False,True
1846-08-08,Indiana,S-0510,33.0,5.0,current_yield,15.151515151515152,15.151515151515152,defaulted,primary,False,False,True
1846-08-15,Indiana,S-0510,32.0,5.0,current_yield,15.625,15.625,defaulted,primary,False,False,True
1846-08-29,Indiana,S-0510,30.0,5.0,current_yield,16.666666666666664,16.666666666666664,defaulted,primary,False,False,True
1846-09-05,Indiana,S-0510,30.0,5.0,current_yield,16.666666666666664,16.666666666666664,defaulted,primary,False,False,True
1846-09-12,Indiana,S-0510,30.0,5.0,current_yield,16.666666666666664,16.666666666666664,defaulted,primary,False,False,True
1846-09-19,Indiana,S-0510,30.0,5.0,current_yield,16.666666666666664,16.666666666666664,defaulted,primary,False,False,True
1846-10-03,Indiana,S-0510,31.5,5.0,current_yield,15.873015873015872,15.873015873015872,defaulted,primary,False,False,True
1846-10-10,Indiana,S-0510,31.5,5.0,current_yield,15.873015873015872,15.873015873015872,defaulted,primary,False,False,True
1846-10-24,Indiana,S-0510,32.0,5.0,current_yield,15.625,15.625,defaulted,primary,False,False,True
1846-11-07,Indiana,S-0510,32.0,5.0,current_yield,15.625,15.625,defaulted,primary,False,False,True
1846-11-14,Indiana,S-0510,32.0,5.0,current_yield,15.625,15.625,defaulted,primary,False,False,True
1846-12-18,Indiana,S-0510,31.0,5.0,current_yield,16.129032258064516,16.129032258064516,defaulted,primary,False,False,True
1846-12-30,Indiana,S-0510,33.0,5.0,current_yield,15.151515151515152,15.151515151515152,defaulted,primary,False,False,True
1847-01-02,Indiana,S-0510,33.25,5.0,current_yield,15.037593984962406,15.037593984962406,defaulted,primary,False,False,True
1847-01-09,Indiana,S-0510,33.75,5.0,current_yield,14.814814814814813,14.814814814814813,defaulted,primary,False,False,True
1847-01-16,Indiana,S-0510,34.0,5.0,current_yield,14.705882352941178,14.705882352941178,defaulted,primary,False,False,True
1847-01-23,Indiana,S-0510,34.0,5.0,current_yield,14.705882352941178,14.705882352941178,defaulted,primary,False,False,True
1847-01-30,Indiana,S-0510,38.75,5.0,current_yield,12.903225806451612,12.903225806451612,defaulted,primary,False,False,True
1847-02-13,Indiana,S-0510,41.0,5.0,current_yield,12.195121951219512,12.195121951219512,defaulted,primary,False,False,True
1847-02-20,Indiana,S-0510,41.5,5.0,current_yield,12.048192771084338,12.048192771084338,defaulted,primary,False,False,True
1847-03-13,Indiana,S-0510,38.0,5.0,current_yield,13.157894736842104,13.157894736842104,defaulted,primary,False,False,True
1847-04-03,Indiana,S-0510,38.0,5.0,current_yield,13.157894736842104,13.157894736842104,defaulted,primary,False,False,True
1847-04-21,Indiana,S-0510,38.5,5.0,current_yield,12.987012987012985,12.987012987012985,defaulted,primary,False,False,True
1847-04-24,Indiana,S-0510,38.0,5.0,current_yield,13.157894736842104,13.157894736842104,defaulted,primary,False,False,True
1847-05-01,Indiana,S-0510,38.5,5.0,current_yield,12.987012987012985,12.987012987012985,defaulted,primary,False,False,True
1847-05-08,Indiana,S-0510,38.5,5.0,current_yield,12.987012987012985,12.987012987012985,defaulted,primary,False,False,True
1847-05-15,Indiana,S-0510,38.5,5.0,current_yield,12.987012987012985,12.987012987012985,defaulted,primary,False,False,True
1847-05-22,Indiana,S-0510,39.75,5.0,current_yield,12.578616352201259,12.578616352201259,defaulted,primary,False,False,True
1847-05-29,Indiana,S-0510,42.0,5.0,current_yield,11.904761904761903,11.904761904761903,defaulted,primary,False,False,True
1847-06-12,Indiana,S-0510,47.0,5.0,current_yield,10.638297872340425,10.638297872340425,defaulted,primary,False,False,True
1847-06-19,Indiana,S-0510,46.75,5.0,current_yield,10.695187165775401,10.695187165775401,defaulted,primary,False,False,True
1847-07-10,Indiana,S-0510,44.5,5.0,current_yield,11.235955056179774,11.235955056179774,defaulted,primary,False,False,True
1847-07-24,Indiana,S-0510,44.0,5.0,current_yield,11.363636363636363,11.363636363636363,defaulted,primary,False,False,True
1847-07-31,Indiana,S-0510,45.5,5.0,current_yield,10.989010989010989,10.989010989010989,defaulted,primary,False,False,True
1847-08-21,Indiana,S-0510,45.0,5.0,current_yield,11.11111111111111,11.11111111111111,defaulted,primary,False,False,True
1847-08-28,Indiana,S-0510,43.0,5.0,current_yield,11.627906976744185,11.627906976744185,defaulted,primary,False,False,True
1847-09-25,Indiana,S-0510,42.5,5.0,current_yield,11.76470588235294,11.76470588235294,defaulted,primary,False,False,True
1847-10-09,Indiana,S-0510,40.0,5.0,current_yield,12.5,12.5,defaulted,primary,False,False,True
1847-10-16,Indiana,S-0510,40.0,5.0,current_yield,12.5,12.5,defaulted,primary,False,False,True
1847-10-23,Indiana,S-0510,40.0,5.0,current_yield,12.5,12.5,defaulted,primary,False,False,True
1847-11-06,Indiana,S-0510,37.0,5.0,current_yield,13.513513513513514,13.513513513513514,defaulted,primary,False,False,True
1848-04-08,Indiana,S-0510,35.0,5.0,current_yield,14.285714285714285,14.285714285714285,defaulted,primary,False,False,True
1848-12-09,Indiana,S-0510,33.0,5.0,current_yield,15.151515151515152,15.151515151515152,defaulted,primary,False,False,True
1843-01-21,Indiana,S-0540,20.0,5.0,current_yield,25.0,25.0,defaulted,primary,False,False,True
1843-01-28,Indiana,S-0540,21.0,5.0,current_yield,23.809523809523807,23.809523809523807,defaulted,primary,False,False,True
1843-02-04,Indiana,S-0540,20.25,5.0,current_yield,24.691358024691358,24.691358024691358,defaulted,primary,False,False,True
1843-02-11,Indiana,S-0540,21.5,5.0,current_yield,23.25581395348837,23.25581395348837,defaulted,primary,False,False,True
1843-02-18,Indiana,S-0540,22.0,5.0,current_yield,22.727272727272727,22.727272727272727,defaulted,primary,False,False,True
1843-03-04,Indiana,S-0540,21.0,5.0,current_yield,23.809523809523807,23.809523809523807,defaulted,primary,False,False,True
1843-03-11,Indiana,S-0540,23.0,5.0,current_yield,21.73913043478261,21.73913043478261,defaulted,primary,False,False,True
1843-03-25,Indiana,S-0540,22.0,5.0,current_yield,22.727272727272727,22.727272727272727,defaulted,primary,False,False,True
1843-04-08,Indiana,S-0540,23.0,5.0,current_yield,21.73913043478261,21.73913043478261,defaulted,primary,False,False,True
1843-04-15,Indiana,S-0540,24.0,5.0,current_yield,20.833333333333336,20.833333333333336,defaulted,primary,False,False,True
1843-04-29,Indiana,S-0540,25.0,5.0,current_yield,20.0,20.0,defaulted,primary,False,False,True
1843-05-13,Indiana,S-0540,29.5,5.0,current_yield,16.94915254237288,16.94915254237288,defaulted,primary,False,False,True
1843-05-20,Indiana,S-0540,28.5,5.0,current_yield,17.543859649122805,17.543859649122805,defaulted,primary,False,False,True
1843-05-27,Indiana,S-0540,31.5,5.0,current_yield,15.873015873015872,15.873015873015872,defaulted,primary,False,False,True
1843-06-10,Indiana,S-0540,35.5,5.0,current_yield,14.084507042253522,14.084507042253522,defaulted,primary,False,False,True
1843-06-17,Indiana,S-0540,34.0,5.0,current_yield,14.705882352941178,14.705882352941178,defaulted,primary,False,False,True
1843-06-24,Indiana,S-0540,30.0,5.0,current_yield,16.666666666666664,16.666666666666664,defaulted,primary,False,False,True
1843-07-01,Indiana,S-0540,33.5,5.0,current_yield,14.925373134328357,14.925373134328357,defaulted,primary,False,False,True
1843-07-08,Indiana,S-0540,29.5,5.0,current_yield,16.94915254237288,16.94915254237288,defaulted,primary,False,False,True
1843-07-22,Indiana,S-0540,30.0,5.0,current_yield,16.666666666666664,16.666666666666664,defaulted,primary,False,False,True
1843-07-29,Indiana,S-0540,29.0,5.0,current_yield,17.24137931034483,17.24137931034483,defaulted,primary,False,False,True
1843-08-05,Indiana,S-0540,29.75,5.0,current_yield,16.80672268907563,16.80672268907563,defaulted,primary,False,False,True
1843-08-26,Indiana,S-0540,31.0,5.0,current_yield,16.129032258064516,16.129032258064516,defaulted,primary,False,False,True
1843-09-02,Indiana,S-0540,31.0,5.0,current_yield,16.129032258064516,16.129032258064516,defaulted,primary,False,False,True
1843-09-16,Indiana,S-0540,32.5,5.0,current_yield,15.384615384615385,15.384615384615385,defaulted,primary,False,False,True
1843-09-23,Indiana,S-0540,34.0,5.0,current_yield,14.705882352941178,14.705882352941178,defaulted,primary,False,False,True
1843-09-30,Indiana,S-0540,36.0,5.0,current_yield,13.88888888888889,13.88888888888889,defaulted,primary,False,False,True
1843-10-07,Indiana,S-0540,35.0,5.0,current_yield,14.285714285714285,14.285714285714285,defaulted,primary,False,False,True
1843-10-14,Indiana,S-0540,34.0,5.0,current_yield,14.705882352941178,14.705882352941178,defaulted,primary,False,False,True
1843-10-21,Indiana,S-0540,36.5,5.0,current_yield,13.698630136986301,13.698630136986301,defaulted,primary,False,False,True
1843-10-28,Indiana,S-0540,35.0,5.0,current_yield,14.285714285714285,14.285714285714285,defaulted,primary,False,False,True
1843-11-04,Indiana,S-0540,36.25,5.0,current_yield,13.793103448275861,13.793103448275861,defaulted,primary,False,False,True
1843-11-11,Indiana,S-0540,36.5,5.0,current_yield,13.698630136986301,13.698630136986301,defaulted,primary,False,False,True
1843-11-18,Indiana,S-0540,37.5,5.0,current_yield,13.333333333333334,13.333333333333334,defaulted,primary,False,False,True
1843-11-25,Indiana,S-0540,41.0,5.0,current_yield,12.195121951219512,12.195121951219512,defaulted,primary,False,False,True
1843-12-02,Indiana,S-0540,40.5,5.0,current_yield,12.345679012345679,12.345679012345679,defaulted,primary,False,False,True
1843-12-09,Indiana,S-0540,43.25,5.0,current_yield,11.560693641618498,11.560693641618498,defaulted,primary,False,False,True
1843-12-16,Indiana,S-0540,41.5,5.0,current_yield,12.048192771084338,12.048192771084338,defaulted,primary,False,False,True
1843-12-23,Indiana,S-0540,45.0,5.0,current_yield,11.11111111111111,11.11111111111111,defaulted,primary,False,False,True
1844-01-06,Indiana,S-0540,40.0,5.0,current_yield,12.5,12.5,defaulted,primary,False,False,True
1844-02-03,Indiana,S-0540,34.0,5.0,current_yield,14.705882352941178,14.705882352941178,defaulted,primary,False,False,True
1844-02-17,Indiana,S-0540,36.0,5.0,current_yield,13.88888888888889,13.88888888888889,defaulted,primary,False,False,True
1844-02-24,Indiana,S-0540,37.0,5.0,current_yield,13.513513513513514,13.513513513513514,defaulted,primary,False,False,True
1844-03-02,Indiana,S-0540,37.0,5.0,current_yield,13.513513513513514,13.513513513513514,defaulted,primary,False,False,True
1844-03-09,Indiana,S-0540,37.0,5.0,current_yield,13.513513513513514,13.513513513513514,defaulted,primary,False,False,True
1844-03-16,Indiana,S-0540,37.5,5.0,current_yield,13.333333333333334,13.333333333333334,defaulted,primary,False,False,True
1844-03-23,Indiana,S-0540,36.0,5.0,current_yield,13.88888888888889,13.88888888888889,defaulted,primary,False,False,True
1844-04-06,Indiana,S-0540,36.5,5.0,current_yield,13.698630136986301,13.698630136986301,defaulted,primary,False,False,True
1844-04-13,Indiana,S-0540,36.5,5.0,current_yield,13.698630136986301,13.698630136986301,defaulted,primary,False,False,True
1844-04-27,Indiana,S-0540,36.0,5.0,current_yield,13.88888888888889,13.88888888888889,defaulted,primary,False,False,True
1844-05-11,Indiana,S-0540,41.0,5.0,current_yield,12.195121951219512,12.195121951219512,defaulted,primary,False,False,True
1844-05-25,Indiana,S-0540,46.0,5.0,current_yield,10.869565217391305,10.869565217391305,defaulted,primary,False,False,True
1844-06-15,Indiana,S-0540,43.0,5.0,current_yield,11.627906976744185,11.627906976744185,defaulted,primary,False,False,True
1844-06-22,Indiana,S-0540,41.0,5.0,current_yield,12.195121951219512,12.195121951219512,defaulted,primary,False,False,True
1844-07-06,Indiana,S-0540,42.0,5.0,current_yield,11.904761904761903,11.904761904761903,defaulted,primary,False,False,True
1844-07-20,Indiana,S-0540,43.5,5.0,current_yield,11.494252873563218,11.494252873563218,defaulted,primary,False,False,True
1844-08-24,Indiana,S-0540,42.0,5.0,current_yield,11.904761904761903,11.904761904761903,defaulted,primary,False,False,True
1844-08-31,Indiana,S-0540,40.0,5.0,current_yield,12.5,12.5,defaulted,primary,False,False,True
1844-09-14,Indiana,S-0540,40.0,5.0,current_yield,12.5,12.5,defaulted,primary,False,False,True
1844-09-28,Indiana,S-0540,40.5,5.0,current_yield,12.345679012345679,12.345679012345679,defaulted,primary,False,False,True
1844-10-05,Indiana,S-0540,40.25,5.0,current_yield,12.422360248447205,12.422360248447205,defaulted,primary,False,False,True
1844-10-12,Indiana,S-0540,41.0,5.0,current_yield,12.195121951219512,12.195121951219512,defaulted,primary,False,False,True
1844-10-19,Indiana,S-0540,42.5,5.0,current_yield,11.76470588235294,11.76470588235294,defaulted,primary,False,False,True
1844-10-26,Indiana,S-0540,41.0,5.0,current_yield,12.195121951219512,12.195121951219512,defaulted,primary,False,False,True
1844-11-02,Indiana,S-0540,41.5,5.0,current_yield,12.048192771084338,12.048192771084338,defaulted,primary,False,False,True
1844-11-09,Indiana,S-0540,38.25,5.0,current_yield,13.071895424836603,13.071895424836603,defaulted,primary,False,False,True
1844-12-07,Indiana,S-0540,34.0,5.0,current_yield,14.705882352941178,14.705882352941178,defaulted,primary,False,False,True
1844-12-14,Indiana,S-0540,33.0,5.0,current_yield,15.151515151515152,15.151515151515152,defaulted,primary,False,False,True
1844-12-21,Indiana,S-0540,32.0,5.0,current_yield,15.625,15.625,defaulted,primary,False,False,True
1844-12-28,Indiana,S-0540,31.5,5.0,current_yield,15.873015873015872,15.873015873015872,defaulted,primary,False,False,True
1845-01-01,Indiana,S-0540,31.0,5.0,current_yield,16.129032258064516,16.129032258064516,defaulted,primary,False,False,True
1845-01-11,Indiana,S-0540,32.0,5.0,current_yield,15.625,15.625,defaulted,primary,False,False,True
1845-01-25,Indiana,S-0540,31.5,5.0,current_yield,15.873015873015872,15.873015873015872,defaulted,primary,False,False,True
1845-02-08,Indiana,S-0540,33.0,5.0,current_yield,15.151515151515152,15.151515151515152,defaulted,primary,False,False,True
1845-02-22,Indiana,S-0540,32.5,5.0,current_yield,15.384615384615385,15.384615384615385,defaulted,primary,False,False,True
1845-03-08,Indiana,S-0540,30.0,5.0,current_yield,16.666666666666664,16.666666666666664,defaulted,primary,False,False,True
1845-03-22,Indiana,S-0540,34.0,5.0,current_yield,14.705882352941178,14.705882352941178,defaulted,primary,False,False,True
1845-05-17,Indiana,S-0540,31.0,5.0,current_yield,16.129032258064516,16.129032258064516,defaulted,primary,False,False,True
1845-05-31,Indiana,S-0540,33.0,5.0,current_yield,15.151515151515152,15.151515151515152,defaulted,primary,False,False,True
1845-06-14,Indiana,S-0540,30.0,5.0,current_yield,16.666666666666664,16.666666666666664,defaulted,primary,False,False,True
1845-08-09,Indiana,S-0540,32.5,5.0,current_yield,15.384615384615385,15.384615384615385,defaulted,primary,False,False,True
1845-08-16,Indiana,S-0540,32.0,5.0,current_yield,15.625,15.625,defaulted,primary,False,False,True
1845-08-23,Indiana,S-0540,32.5,5.0,current_yield,15.384615384615385,15.384615384615385,defaulted,primary,False,False,True
1845-08-30,Indiana,S-0540,33.0,5.0,current_yield,15.151515151515152,15.151515151515152,defaulted,primary,False,False,True
1845-09-06,Indiana,S-0540,34.5,5.0,current_yield,14.492753623188406,14.492753623188406,defaulted,primary,False,False,True
1845-09-20,Indiana,S-0540,32.5,5.0,current_yield,15.384615384615385,15.384615384615385,defaulted,primary,False,False,True
1845-09-27,Indiana,S-0540,35.0,5.0,current_yield,14.285714285714285,14.285714285714285,defaulted,primary,False,False,True
1845-10-18,Indiana,S-0540,37.0,5.0,current_yield,13.513513513513514,13.513513513513514,defaulted,primary,False,False,True
1845-11-01,Indiana,S-0540,36.5,5.0,current_yield,13.698630136986301,13.698630136986301,defaulted,primary,False,False,True
1845-11-08,Indiana,S-0540,38.0,5.0,current_yield,13.157894736842104,13.157894736842104,defaulted,primary,False,False,True
1845-11-22,Indiana,S-0540,40.25,5.0,current_yield,12.422360248447205,12.422360248447205,defaulted,primary,False,False,True
1845-11-29,Indiana,S-0540,39.75,5.0,current_yield,12.578616352201259,12.578616352201259,defaulted,primary,False,False,True
1845-12-06,Indiana,S-0540,39.75,5.0,current_yield,12.578616352201259,12.578616352201259,defaulted,primary,False,False,True
1845-12-13,Indiana,S-0540,35.5,5.0,current_yield,14.084507042253522,14.084507042253522,defaulted,primary,False,False,True
1845-12-20,Indiana,S-0540,37.75,5.0,current_yield,13.245033112582782,13.245033112582782,defaulted,primary,False,False,True
1845-12-31,Indiana,S-0540,38.0,5.0,current_yield,13.157894736842104,13.157894736842104,defaulted,primary,False,False,True
1846-01-17,Indiana,S-0540,37.5,5.0,current_yield,13.333333333333334,13.333333333333334,defaulted,primary,False,False,True
1846-01-24,Indiana,S-0540,37.0,5.0,current_yield,13.513513513513514,13.513513513513514,defaulted,primary,False,False,True
1846-01-31,Indiana,S-0540,40.0,5.0,current_yield,12.5,12.5,defaulted,primary,False,False,True
1846-02-07,Indiana,S-0540,38.0,5.0,current_yield,13.157894736842104,13.157894736842104,defaulted,primary,False,False,True
1846-02-14,Indiana,S-0540,41.0,5.0,current_yield,12.195121951219512,12.195121951219512,defaulted,primary,False,False,True
1846-02-21,Indiana,S-0540,40.0,5.0,current_yield,12.5,12.5,defaulted,primary,False,False,True
1846-03-07,Indiana,S-0540,40.0,5.0,current_yield,12.5,12.5,defaulted,primary,False,False,True
1846-03-14,Indiana,S-0540,38.0,5.0,current_yield,13.157894736842104,13.157894736842104,defaulted,primary,False,False,True
1846-03-21,Indiana,S-0540,40.0,5.0,current_yield,12.5,12.5,defaulted,primary,False,False,True
1846-03-28,Indiana,S-0540,38.5,5.0,current_yield,12.987012987012985,12.987012987012985,defaulted,primary,False,False,True
1846-04-04,Indiana,S-0540,38.5,5.0,current_yield,12.987012987012985,12.987012987012985,defaulted,primary,False,False,True
1846-04-11,Indiana,S-0540,36.0,5.0,current_yield,13.88888888888889,13.88888888888889,defaulted,primary,False,False,True
1846-05-02,Indiana,S-0540,35.0,5.0,current_yield,14.285714285714285,14.285714285714285,defaulted,primary,False,False,True
1846-05-16,Indiana,S-0540,34.0,5.0,current_yield,14.705882352941178,14.705882352941178,defaulted,primary,False,False,True
1846-06-06,Indiana,S-0540,31.0,5.0,current_yield,16.129032258064516,16.129032258064516,defaulted,primary,False,False,True
1846-07-11,Indiana,S-0540,32.0,5.0,current_yield,15.625,15.625,defaulted,primary,False,False,True
1846-07-18,Indiana,S-0540,31.0,5.0,current_yield,16.129032258064516,16.129032258064516,defaulted,primary,False,False,True
1846-07-25,Indiana,S-0540,33.0,5.0,current_yield,15.151515151515152,15.151515151515152,defaulted,primary,False,False,True
1846-09-05,Indiana,S-0540,30.0,5.0,current_yield,16.666666666666664,16.666666666666664,defaulted,primary,False,False,True
1846-09-12,Indiana,S-0540,30.0,5.0,current_yield,16.666666666666664,16.666666666666664,defaulted,primary,False,False,True
1846-10-10,Indiana,S-0540,31.0,5.0,current_yield,16.129032258064516,16.129032258064516,defaulted,primary,False,False,True
1846-10-24,Indiana,S-0540,32.5,5.0,current_yield,15.384615384615385,15.384615384615385,defaulted,primary,False,False,True
1846-11-07,Indiana,S-0540,32.0,5.0,current_yield,15.625,15.625,defaulted,primary,False,False,True
1847-01-09,Indiana,S-0540,33.5,5.0,current_yield,14.925373134328357,14.925373134328357,defaulted,primary,False,False,True
1847-01-30,Indiana,S-0540,38.0,5.0,current_yield,13.157894736842104,13.157894736842104,defaulted,primary,False,False,True
1847-02-13,Indiana,S-0540,41.0,5.0,current_yield,12.195121951219512,12.195121951219512,defaulted,primary,False,False,True
1847-02-20,Indiana,S-0540,41.0,5.0,current_yield,12.195121951219512,12.195121951219512,defaulted,primary,False,False,True
1847-03-13,Indiana,S-0540,38.0,5.0,current_yield,13.157894736842104,13.157894736842104,defaulted,primary,False,False,True
1847-04-03,Indiana,S-0540,38.0,5.0,current_yield,13.157894736842104,13.157894736842104,defaulted,primary,False,False,True
1847-05-01,Indiana,S-0540,38.5,5.0,current_yield,12.987012987012985,12.987012987012985,defaulted,primary,False,False,True
1847-05-15,Indiana,S-0540,38.5,5.0,current_yield,12.987012987012985,12.987012987012985,defaulted,primary,False,False,True
1847-05-29,Indiana,S-0540,42.0,5.0,current_yield,11.904761904761903,11.904761904761903,defaulted,primary,False,False,True
1847-06-12,Indiana,S-0540,47.25,5.0,current_yield,10.582010582010582,10.582010582010582,defaulted,primary,False,False,True
1847-06-19,Indiana,S-0540,47.0,5.0,current_yield,10.638297872340425,10.638297872340425,defaulted,primary,False,False,True
1847-07-03,Indiana,S-0540,44.0,5.0,current_yield,11.363636363636363,11.363636363636363,defaulted,primary,False,False,True
1847-07-10,Indiana,S-0540,44.5,5.0,current_yield,11.235955056179774,11.235955056179774,defaulted,primary,False,False,True
1847-07-24,Indiana,S-0540,44.0,5.0,current_yield,11.363636363636363,11.363636363636363,defaulted,primary,False,False,True
1847-07-31,Indiana,S-0540,45.5,5.0,current_yield,10.989010989010989,10.989010989010989,defaulted,primary,False,False,True
1847-08-21,Indiana,S-0540,45.0,5.0,current_yield,11.11111111111111,11.11111111111111,defaulted,primary,False,False,True
1847-08-28,Indiana,S-0540,43.0,5.0,current_yield,11.627906976744185,11.627906976744185,defaulted,primary,False,False,True
1847-09-25,Indiana,S-0540,42.5,5.0,current_yield,11.76470588235294,11.76470588235294,defaulted,primary,False,False,True
1847-10-09,Indiana,S-0540,40.0,5.0,current_yield,12.5,12.5,defaulted,primary,False,False,True
1847-10-16,Indiana,S-0540,40.0,5.0,current_yield,12.5,12.5,defaulted,primary,False,False,True
1847-10-23,Indiana,S-0540,40.0,5.0,current_yield,12.5,12.5,defaulted,primary,False,False,True
1847-11-20,Indiana,S-0540,36.0,5.0,current_yield,13.88888888888889,13.88888888888889,defaulted,primary,False,False,True
1848-09-16,Indiana,S-0540,33.5,5.0,current_yield,14.925373134328357,14.925373134328357,defaulted,primary,False,False,True
1842-07-02,New York,S-1650,100.25,7.0,ytm,6.952861554635653,6.982543640897755,risky_but_survived,primary,False,False,False
1842-07-23,New York,S-1650,101.0,7.0,ytm,6.810784649395334,6.9306930693069315,risky_but_survived,primary,False,False,False
1842-07-30,New York,S-1650,101.0,7.0,ytm,6.810324178002192,6.9306930693069315,risky_but_survived,primary,False,False,False
1842-08-20,New York,S-1650,100.5,7.0,ytm,6.904224820579677,6.965174129353234,risky_but_survived,primary,False,False,False
1842-08-27,New York,S-1650,100.5,7.0,ytm,6.903988411893939,6.965174129353234,risky_but_survived,primary,False,False,False
1842-10-01,New York,S-1650,99.75,7.0,ytm,7.048790190890977,7.017543859649122,risky_but_survived,primary,False,False,False
1842-10-29,New York,S-1650,100.25,7.0,ytm,6.950836055993838,6.982543640897755,risky_but_survived,primary,False,False,False
1842-11-12,New York,S-1650,100.25,7.0,ytm,6.950583625953731,6.982543640897755,risky_but_survived,primary,False,False,False
1842-11-19,New York,S-1650,101.75,7.0,ytm,6.65577206157531,6.87960687960688,risky_but_survived,primary,False,False,False
1842-12-03,New York,S-1650,102.25,7.0,ytm,6.556223351768072,6.845965770171149,risky_but_survived,primary,False,False,False
1842-12-10,New York,S-1650,103.0,7.0,ytm,6.408947094397052,6.796116504854369,risky_but_survived,primary,False,False,False
1842-12-24,New York,S-1650,102.0,7.0,ytm,6.601935193519353,6.862745098039216,risky_but_survived,primary,False,False,False
1842-12-31,New York,S-1650,102.25,7.0,ytm,6.551551543088273,6.845965770171149,risky_but_survived,primary,False,False,False
1843-01-07,New York,S-1650,102.75,7.0,ytm,6.4518012280818535,6.81265206812652,risky_but_survived,primary,False,False,False
1843-01-14,New York,S-1650,102.75,7.0,ytm,6.450345156575291,6.81265206812652,risky_but_survived,primary,False,False,False
1843-01-21,New York,S-1650,103.75,7.0,ytm,6.252160797207064,6.746987951807229,risky_but_survived,primary,False,False,False
1843-01-28,New York,S-1650,104.0,7.0,ytm,6.201150206040846,6.730769230769231,risky_but_survived,primary,False,False,False
1843-02-11,New York,S-1650,104.5,7.0,ytm,6.098658837249746,6.698564593301436,risky_but_survived,primary,False,False,False
1843-02-18,New York,S-1650,104.5,7.0,ytm,6.096218935882932,6.698564593301436,risky_but_survived,primary,False,False,False
1843-03-11,New York,S-1650,105.0,7.0,ytm,5.990027917236309,6.666666666666667,risky_but_survived,primary,False,False,False
1843-03-18,New York,S-1650,103.875,7.0,ytm,6.210788955480941,6.738868832731648,risky_but_survived,primary,False,False,False
1843-03-25,New York,S-1650,103.75,7.0,ytm,6.233669898506837,6.746987951807229,risky_but_survived,primary,False,False,False
1843-04-01,New York,S-1650,103.75,7.0,ytm,6.231546934558381,6.746987951807229,risky_but_survived,primary,False,False,False
1843-04-08,New York,S-1650,104.0,7.0,ytm,6.17904441012682,6.730769230769231,risky_but_survived,primary,False,False,False
1843-04-15,New York,S-1650,104.5,7.0,ytm,6.076110783239188,6.698564593301436,risky_but_survived,primary,False,False,False
1843-04-22,New York,S-1650,106.0,7.0,ytm,5.773689833584488,6.60377358490566,risky_but_survived,primary,False,False,False
1843-04-29,New York,S-1650,105.5,7.0,ytm,5.869976326057526,6.6350710900473935,risky_but_survived,primary,False,False,False
1843-05-06,New York,S-1650,106.25,7.0,ytm,5.716937150899415,6.588235294117648,risky_but_survived,primary,False,False,False
1843-05-13,New York,S-1650,106.625,7.0,ytm,5.638571235588134,6.565064478311841,risky_but_survived,primary,False,False,False
1843-05-20,New York,S-1650,108.0,7.0,ytm,5.362227884147027,6.481481481481481,risky_but_survived,primary,False,False,False
1843-05-27,New York,S-1650,107.5,7.0,ytm,5.456488711444017,6.511627906976744,risky_but_survived,primary,False,False,False
1843-06-03,New York,S-1650,108.5,7.0,ytm,5.254080208123839,6.451612903225806,risky_but_survived,primary,False,False,False
1843-06-10,New York,S-1650,108.0,7.0,ytm,5.348084494245912,6.481481481481481,risky_but_survived,primary,False,False,False
1843-06-17,New York,S-1650,107.5,7.0,ytm,5.443105756358769,6.511627906976744,risky_but_survived,primary,False,False,False
1843-06-24,New York,S-1650,108.0,7.0,ytm,5.338492033239308,6.481481481481481,risky_but_survived,primary,False,False,False
1843-07-01,New York,S-1650,108.0,7.0,ytm,5.333645717782963,6.481481481481481,risky_but_survived,primary,False,False,False
1843-07-08,New York,S-1650,109.0,7.0,ytm,5.128857118299286,6.422018348623854,risky_but_survived,primary,False,False,False
1843-07-15,New York,S-1650,109.0,7.0,ytm,5.123354888792519,6.422018348623854,risky_but_survived,primary,False,False,False
1843-07-22,New York,S-1650,109.0,7.0,ytm,5.117813950133442,6.422018348623854,risky_but_survived,primary,False,False,False
1843-08-19,New York,S-1650,109.25,7.0,ytm,5.044684123800233,6.407322654462242,risky_but_survived,primary,False,False,False
1843-08-26,New York,S-1650,108.75,7.0,ytm,5.1403586688515555,6.436781609195402,risky_but_survived,primary,False,False,False
1843-09-30,New York,S-1650,107.25,7.0,ytm,5.4241744571773225,6.526806526806526,risky_but_survived,primary,False,False,False
1843-10-07,New York,S-1650,107.0,7.0,ytm,5.471967797247918,6.5420560747663545,risky_but_survived,primary,False,False,False
1843-10-14,New York,S-1650,107.75,7.0,ytm,5.309125783042466,6.496519721577726,risky_but_survived,primary,False,False,False
1843-10-28,New York,S-1650,108.5,7.0,ytm,5.140602106053001,6.451612903225806,risky_but_survived,primary,False,False,False
1843-11-04,New York,S-1650,108.625,7.0,ytm,5.108460886853895,6.444188722669736,risky_but_survived,primary,False,False,False
1843-11-11,New York,S-1650,109.0,7.0,ytm,5.023541281318312,6.422018348623854,risky_but_survived,primary,False,False,False
1843-11-25,New York,S-1650,109.5,7.0,ytm,4.90546928616059,6.392694063926941,risky_but_survived,primary,False,False,False
1843-12-02,New York,S-1650,109.0,7.0,ytm,5.004599176013171,6.422018348623854,risky_but_survived,primary,False,False,False
1843-12-09,New York,S-1650,109.25,7.0,ytm,4.9450418160095575,6.407322654462242,risky_but_survived,primary,False,False,False
1843-12-16,New York,S-1650,107.0,7.0,ytm,5.422921565081087,6.5420560747663545,risky_but_survived,primary,False,False,False
1844-01-06,New York,S-1650,107.75,7.0,ytm,5.243210077129244,6.496519721577726,risky_but_survived,primary,False,False,False
1844-01-13,New York,S-1650,107.75,7.0,ytm,5.237441696253642,6.496519721577726,risky_but_survived,primary,False,False,False
1844-01-20,New York,S-1650,108.0,7.0,ytm,5.17677842069435,6.481481481481481,risky_but_survived,primary,False,False,False
1844-01-27,New York,S-1650,107.5,7.0,ytm,5.280934955814374,6.511627906976744,risky_but_survived,primary,False,False,False
1844-02-03,New York,S-1650,107.0,7.0,ytm,5.386311860792013,6.5420560747663545,risky_but_survived,primary,False,False,False
1844-02-24,New York,S-1650,107.75,7.0,ytm,5.201874894374299,6.496519721577726,risky_but_survived,primary,False,False,False
1844-03-09,New York,S-1650,108.5,7.0,ytm,5.021588187096713,6.451612903225806,risky_but_survived,primary,False,False,False
1844-04-06,New York,S-1650,107.25,7.0,ytm,5.278853852859828,6.526806526806526,risky_but_survived,primary,False,False,False
1844-04-13,New York,S-1650,107.0,7.0,ytm,5.330402277592835,6.5420560747663545,risky_but_survived,primary,False,False,False
1844-05-11,New York,S-1650,107.5,7.0,ytm,5.190171061604911,6.511627906976744,risky_but_survived,primary,False,False,False
1844-05-25,New York,S-1650,108.0,7.0,ytm,5.060367694137017,6.481481481481481,risky_but_survived,primary,False,False,False
1844-06-01,New York,S-1650,109.0,7.0,ytm,4.820538456045133,6.422018348623854,risky_but_survived,primary,False,False,False
1844-06-22,New York,S-1650,107.5,7.0,ytm,5.150638831019362,6.511627906976744,risky_but_survived,primary,False,False,False
1844-07-06,New York,S-1650,107.5,7.0,ytm,5.13701146047605,6.511627906976744,risky_but_survived,primary,False,False,False
1844-08-03,New York,S-1650,108.5,7.0,ytm,4.8671980529720145,6.451612903225806,risky_but_survived,primary,False,False,False
1844-08-10,New York,S-1650,108.5,7.0,ytm,4.859140724803335,6.451612903225806,risky_but_survived,primary,False,False,False
1844-08-17,New York,S-1650,108.25,7.0,ytm,4.91171437285803,6.466512702078522,risky_but_survived,primary,False,False,False
1844-08-31,New York,S-1650,108.5,7.0,ytm,4.834541457742897,6.451612903225806,risky_but_survived,primary,False,False,False
1844-09-28,New York,S-1650,108.25,7.0,ytm,4.862832022269062,6.466512702078522,risky_but_survived,primary,False,False,False
1844-10-05,New York,S-1650,109.5,7.0,ytm,4.544081869741198,6.392694063926941,risky_but_survived,primary,False,False,False
1844-10-19,New York,S-1650,108.0,7.0,ytm,4.900400902029567,6.481481481481481,risky_but_survived,primary,False,False,False
1844-10-26,New York,S-1650,108.5,7.0,ytm,4.765637751578843,6.451612903225806,risky_but_survived,primary,False,False,False
1844-11-02,New York,S-1650,108.25,7.0,ytm,4.820034522684813,6.466512702078522,risky_but_survived,primary,False,False,False
1844-11-09,New York,S-1650,109.0,7.0,ytm,4.620827618463717,6.422018348623854,risky_but_survived,primary,False,False,False
1844-11-16,New York,S-1650,107.75,7.0,ytm,4.930580675659598,6.496519721577726,risky_but_survived,primary,False,False,False
1844-12-21,New York,S-1650,106.375,7.0,ytm,5.2507908579780365,6.580493537015276,risky_but_survived,primary,False,False,False
1844-12-28,New York,S-1650,106.25,7.0,ytm,5.27686420519185,6.588235294117648,risky_but_survived,primary,False,False,False
1845-01-04,New York,S-1650,106.75,7.0,ytm,5.1356979712481525,6.557377049180328,risky_but_survived,primary,False,False,False
1845-01-11,New York,S-1650,107.0,7.0,ytm,5.0608109682810785,6.5420560747663545,risky_but_survived,primary,False,False,False
1845-01-25,New York,S-1650,106.5,7.0,ytm,5.1795255450469355,6.572769953051644,risky_but_survived,primary,False,False,False
1845-02-01,New York,S-1650,106.0,7.0,ytm,5.308235453866522,6.60377358490566,risky_but_survived,primary,False,False,False
1845-02-08,New York,S-1650,107.0,7.0,ytm,5.027311830147236,6.5420560747663545,risky_but_survived,primary,False,False,False
1845-03-22,New York,S-1650,106.0,7.0,ytm,5.25544315010229,6.60377358490566,risky_but_survived,primary,False,False,False
1845-03-29,New York,S-1650,105.25,7.0,ytm,5.4610417586392135,6.65083135391924,risky_but_survived,primary,False,False,False
1845-04-05,New York,S-1650,105.0,7.0,ytm,5.525897907113672,6.666666666666667,risky_but_survived,primary,False,False,False
1845-04-19,New York,S-1650,104.5,7.0,ytm,5.657896876812734,6.698564593301436,risky_but_survived,primary,False,False,False
1845-05-17,New York,S-1650,104.0,7.0,ytm,5.781724010358861,6.730769230769231,risky_but_survived,primary,False,False,False
1845-05-24,New York,S-1650,104.75,7.0,ytm,5.551803617053997,6.682577565632458,risky_but_survived,primary,False,False,False
1845-06-07,New York,S-1650,105.5,7.0,ytm,5.313334975295926,6.6350710900473935,risky_but_survived,primary,False,False,False
1845-07-05,New York,S-1650,105.0,7.0,ytm,5.432945943879501,6.666666666666667,risky_but_survived,primary,False,False,False
1845-07-19,New York,S-1650,105.0,7.0,ytm,5.417455838583743,6.666666666666667,risky_but_survived,primary,False,False,False
1845-08-09,New York,S-1650,105.25,7.0,ytm,5.315298161378244,6.65083135391924,risky_but_survived,primary,False,False,False
1845-08-23,New York,S-1650,104.0,7.0,ytm,5.6953832877894435,6.730769230769231,risky_but_survived,primary,False,False,False
1845-09-06,New York,S-1650,104.75,7.0,ytm,5.440501607030873,6.682577565632458,risky_but_survived,primary,False,False,False
1845-10-04,New York,S-1650,104.75,7.0,ytm,5.407489837869585,6.682577565632458,risky_but_survived,primary,False,False,False
1845-10-11,New York,S-1650,105.0,7.0,ytm,5.316783303656466,6.666666666666667,risky_but_survived,primary,False,False,False
1845-10-18,New York,S-1650,105.0,7.0,ytm,5.307741975797213,6.666666666666667,risky_but_survived,primary,False,False,False
1845-12-13,New York,S-1650,107.0,7.0,ytm,4.547778427677043,6.5420560747663545,risky_but_survived,primary,False,False,False
1845-12-27,New York,S-1650,105.0,7.0,ytm,5.211005516049711,6.666666666666667,risky_but_survived,primary,False,False,False
1845-12-31,New York,S-1650,104.0,7.0,ytm,5.557045060503691,6.730769230769231,risky_but_survived,primary,False,False,False
1846-01-03,New York,S-1650,104.0,7.0,ytm,5.553464530236226,6.730769230769231,risky_but_survived,primary,False,False,False
1846-01-10,New York,S-1650,104.25,7.0,ytm,5.455989838741824,6.71462829736211,risky_but_survived,primary,False,False,False
1846-01-24,New York,S-1650,104.0,7.0,ytm,5.527840213438591,6.730769230769231,risky_but_survived,primary,False,False,False
1846-02-21,New York,S-1650,104.875,7.0,ytm,5.170062268100224,6.6746126340882,risky_but_survived,primary,False,False,False
1846-02-28,New York,S-1650,105.25,7.0,ytm,5.020840227271127,6.65083135391924,risky_but_survived,primary,False,False,False
1846-03-14,New York,S-1650,105.75,7.0,ytm,4.810727236482382,6.619385342789598,risky_but_survived,primary,False,False,False
1846-03-21,New York,S-1650,103.75,7.0,ytm,5.549161192247136,6.746987951807229,risky_but_survived,primary,False,False,False
1846-04-04,New York,S-1650,102.5,7.0,ytm,6.014425858227787,6.829268292682928,risky_but_survived,primary,False,False,False
1846-04-11,New York,S-1650,103.0,7.0,ytm,5.812659505015135,6.796116504854369,risky_but_survived,primary,False,False,False
1846-04-25,New York,S-1650,102.75,7.0,ytm,5.896080120341235,6.81265206812652,risky_but_survived,primary,False,False,False
1846-05-30,New York,S-1650,101.5,7.0,ytm,6.37366006272911,6.896551724137931,risky_but_survived,primary,False,False,False
1846-06-13,New York,S-1650,103.0,7.0,ytm,5.739470641344463,6.796116504854369,risky_but_survived,primary,False,False,False
1846-06-20,New York,S-1650,102.0,7.0,ytm,6.149626841733849,6.862745098039216,risky_but_survived,primary,False,False,False
1846-07-11,New York,S-1650,102.0,7.0,ytm,6.1315026530277335,6.862745098039216,risky_but_survived,primary,False,False,False
1846-07-25,New York,S-1650,103.25,7.0,ytm,5.577091124446597,6.779661016949152,risky_but_survived,primary,False,False,False
1846-08-15,New York,S-1650,103.0,7.0,ytm,5.655682011211143,6.796116504854369,risky_but_survived,primary,False,False,False
1846-08-22,New York,S-1650,103.0,7.0,ytm,5.645617019333406,6.796116504854369,risky_but_survived,primary,False,False,False
1846-09-05,New York,S-1650,103.5,7.0,ytm,5.399762113543032,6.763285024154589,risky_but_survived,primary,False,False,False
1846-09-12,New York,S-1650,103.75,7.0,ytm,5.274397796657096,6.746987951807229,risky_but_survived,primary,False,False,False
1846-09-26,New York,S-1650,102.0,7.0,ytm,6.057181805137036,6.862745098039216,risky_but_survived,primary,False,False,False
1846-10-03,New York,S-1650,102.5,7.0,ytm,5.815100524804138,6.829268292682928,risky_but_survived,primary,False,False,False
1846-10-10,New York,S-1650,103.25,7.0,ytm,5.453079715072335,6.779661016949152,risky_but_survived,primary,False,False,False
1846-10-17,New York,S-1650,103.5,7.0,ytm,5.322744170327813,6.763285024154589,risky_but_survived,primary,False,False,False
1846-11-21,New York,S-1650,103.25,7.0,ytm,5.375010356321179,6.779661016949152,risky_but_survived,primary,False,False,False
1846-12-12,New York,S-1650,102.25,7.0,ytm,5.840008953862917,6.845965770171149,risky_but_survived,primary,False,False,False
1847-01-23,New York,S-1650,101.75,7.0,ytm,6.045567434454867,6.87960687960688,risky_but_survived,primary,False,False,False
1847-01-30,New York,S-1650,101.5,7.0,ytm,6.1732518928548705,6.896551724137931,risky_but_survived,primary,False,False,False
1847-02-13,New York,S-1650,101.0,7.0,ytm,6.436928728450769,6.9306930693069315,risky_but_survived,primary,False,False,False
1847-03-06,New York,S-1650,103.0,7.0,ytm,5.27802601162473,6.796116504854369,risky_but_survived,primary,False,False,False
1847-03-27,New York,S-1650,101.5,7.0,ytm,6.106100530848359,6.896551724137931,risky_but_survived,primary,False,False,False
1847-04-21,New York,S-1650,101.0,7.0,ytm,6.379936068450021,6.9306930693069315,risky_but_survived,primary,False,False,False
1847-07-24,New York,S-1650,103.5,7.0,ytm,4.495568537314268,6.763285024154589,risky_but_survived,primary,False,False,False
1847-07-31,New York,S-1650,103.75,7.0,ytm,4.285630014157622,6.746987951807229,risky_but_survived,primary,False,False,False
1847-08-07,New York,S-1650,104.0,7.0,ytm,4.070634101593853,6.730769230769231,risky_but_survived,primary,False,False,False
1847-10-30,New York,S-1650,103.0,7.0,ytm,4.380102655964725,6.796116504854369,risky_but_survived,primary,False,False,False
1847-11-13,New York,S-1650,102.0,7.0,ytm,5.1878802338065135,6.862745098039216,risky_but_survived,primary,False,False,False
1847-12-25,New York,S-1650,100.0,7.0,ytm,7.000000000000001,7.000000000000001,risky_but_survived,primary,False,False,False
1848-01-01,New York,S-1650,100.0,7.0,ytm,7.000000000000001,7.000000000000001,risky_but_survived,primary,False,False,False
1848-01-08,New York,S-1650,100.5,7.0,ytm,6.475107495884245,6.965174129353234,risky_but_survived,primary,True,False,False
1848-01-22,New York,S-1650,99.75,7.0,ytm,7.273766120694345,7.017543859649122,risky_but_survived,primary,True,False,False
1848-01-29,New York,S-1650,100.0,7.0,ytm,7.000000000000001,7.000000000000001,risky_but_survived,primary,True,False,False
1848-02-05,New York,S-1650,101.5,7.0,ytm,5.305001012047109,6.896551724137931,risky_but_survived,primary,True,False,False
1848-02-12,New York,S-1650,101.0,7.0,ytm,5.8434678459554075,6.9306930693069315,risky_but_survived,primary,True,False,False
1848-02-19,New York,S-1650,100.5,7.0,ytm,6.407876208532297,6.965174129353234,risky_but_survived,primary,True,False,False
1848-02-26,New York,S-1650,101.875,7.0,ytm,4.746329771297313,6.871165644171779,risky_but_survived,primary,True,False,False
1848-04-08,New York,S-1650,100.5,7.0,ytm,6.302806416793836,6.965174129353234,risky_but_survived,primary,True,False,False
1848-04-15,New York,S-1650,99.5,7.0,ytm,7.719010169100914,7.035175879396985,risky_but_survived,primary,True,False,False
1848-04-29,New York,S-1650,101.0,7.0,ytm,5.493786130078353,6.9306930693069315,risky_but_survived,primary,True,False,False
1848-05-06,New York,S-1650,101.0,7.0,ytm,5.45087064676617,6.9306930693069315,risky_but_survived,primary,True,False,False
1848-05-20,New York,S-1650,101.5,7.0,ytm,4.541711500032938,6.896551724137931,risky_but_survived,primary,True,False,False
1848-07-08,New York,S-1650,101.0,7.0,ytm,4.9118812716080615,6.9306930693069315,risky_but_survived,primary,True,False,False
1848-07-29,New York,S-1650,100.5,7.0,ytm,5.814789948206407,6.965174129353234,risky_but_survived,primary,True,False,False
1848-08-05,New York,S-1650,100.25,7.0,ytm,6.379190441478354,6.982543640897755,risky_but_survived,primary,True,False,False
1848-09-30,New York,S-1650,101.0,7.0,ytm,3.0572941742898414,6.9306930693069315,risky_but_survived,primary,True,False,False
1848-10-07,New York,S-1650,101.0,7.0,ytm,2.739210922133519,6.9306930693069315,risky_but_survived,primary,True,False,False
1848-12-09,New York,S-1650,101.0,7.0,ytm,-8.83625351503353,6.9306930693069315,risky_but_survived,primary,True,False,False
1827-06-23,Ohio,S-2010,94.0,5.0,ytm,5.4292233209207685,5.319148936170213,safe,primary,False,False,False
1827-07-14,Ohio,S-2010,93.25,5.0,ytm,5.485543767184514,5.361930294906166,safe,primary,False,False,False
1827-07-21,Ohio,S-2010,91.0,5.0,ytm,5.655376069467501,5.4945054945054945,safe,primary,False,False,False
1827-08-04,Ohio,S-2010,93.25,5.0,ytm,5.4863413349836225,5.361930294906166,safe,primary,False,False,False
1827-08-11,Ohio,S-2010,94.5,5.0,ytm,5.393947318215091,5.291005291005291,safe,primary,False,False,False
1827-08-25,Ohio,S-2010,94.0,5.0,ytm,5.4313419738511755,5.319148936170213,safe,primary,False,False,False
1827-08-29,Ohio,S-2010,95.0,5.0,ytm,5.357720741864842,5.263157894736842,safe,primary,False,False,False
1827-09-01,Ohio,S-2010,95.0,5.0,ytm,5.357805143291783,5.263157894736842,safe,primary,False,False,False
1827-09-08,Ohio,S-2010,97.0,5.0,ytm,5.2126206681376335,5.154639175257731,safe,primary,False,False,False
1827-09-22,Ohio,S-2010,97.5,5.0,ytm,5.1769305080869845,5.128205128205128,safe,primary,False,False,False
1827-09-29,Ohio,S-2010,96.25,5.0,ytm,5.267233882529908,5.194805194805195,safe,primary,False,False,False
1827-10-13,Ohio,S-2010,96.5,5.0,ytm,5.249377035529354,5.181347150259067,safe,primary,False,False,False
1827-10-27,Ohio,S-2010,99.0,5.0,ytm,5.070433629515139,5.05050505050505,safe,primary,False,False,False
1827-10-31,Ohio,S-2010,99.25,5.0,ytm,5.052775705883976,5.037783375314862,safe,primary,False,False,False
1827-11-03,Ohio,S-2010,99.5,5.0,ytm,5.035148092590959,5.025125628140704,safe,primary,False,False,False
1827-11-10,Ohio,S-2010,99.0,5.0,ytm,5.070512055828102,5.05050505050505,safe,primary,False,False,False
1827-11-17,Ohio,S-2010,99.25,5.0,ytm,5.052847137289523,5.037783375314862,safe,primary,False,False,False
1827-11-24,Ohio,S-2010,100.0,5.0,ytm,5.0,5.0,safe,primary,False,False,False
1827-11-28,Ohio,S-2010,100.5,5.0,ytm,4.964957494738989,4.975124378109453,safe,primary,False,False,False
1827-12-08,Ohio,S-2010,100.25,5.0,ytm,4.982442852142019,4.987531172069826,safe,primary,False,False,False
1827-12-15,Ohio,S-2010,101.0,5.0,ytm,4.929994260659944,4.9504950495049505,safe,primary,False,False,False
1827-12-22,Ohio,S-2010,97.0,5.0,ytm,5.214401707945809,5.154639175257731,safe,primary,False,False,False
1827-12-29,Ohio,S-2010,96.0,5.0,ytm,5.287488798231073,5.208333333333334,safe,primary,False,False,False
1828-01-05,Ohio,S-2010,96.5,5.0,ytm,5.251053673347323,5.181347150259067,safe,primary,False,False,False
1828-01-19,Ohio,S-2010,98.0,5.0,ytm,5.142532836471474,5.1020408163265305,safe,primary,False,False,False
1828-02-02,Ohio,S-2010,98.75,5.0,ytm,5.088847085891017,5.063291139240507,safe,primary,False,False,False
1828-02-09,Ohio,S-2010,98.0,5.0,ytm,5.142774500033472,5.1020408163265305,safe,primary,False,False,False
1828-02-16,Ohio,S-2010,97.75,5.0,ytm,5.160915430001788,5.115089514066496,safe,primary,False,False,False
1828-02-23,Ohio,S-2010,98.0,5.0,ytm,5.1429363154278604,5.1020408163265305,safe,primary,False,False,False
1828-03-01,Ohio,S-2010,97.5,5.0,ytm,5.17922438200678,5.128205128205128,safe,primary,False,False,False
1828-03-22,Ohio,S-2010,97.5,5.0,ytm,5.179530428279325,5.128205128205128,safe,primary,False,False,False
1828-04-05,Ohio,S-2010,98.0,5.0,ytm,5.143425184981664,5.1020408163265305,safe,primary,False,False,False
1828-05-17,Ohio,S-2010,97.5,5.0,ytm,5.180354507300235,5.128205128205128,safe,primary,False,False,False
1828-05-24,Ohio,S-2010,97.75,5.0,ytm,5.162207179989274,5.115089514066496,safe,primary,False,False,False
1828-06-14,Ohio,S-2010,101.0,5.0,ytm,4.928950723450464,4.9504950495049505,safe,primary,False,False,False
1828-06-21,Ohio,S-2010,98.0,5.0,ytm,5.144335008271936,5.1020408163265305,safe,primary,False,False,False
1828-06-28,Ohio,S-2010,98.5,5.0,ytm,5.108041121700267,5.0761421319796955,safe,primary,False,False,False
1828-07-05,Ohio,S-2010,97.75,5.0,ytm,5.162770660375079,5.115089514066496,safe,primary,False,False,False
1828-07-26,Ohio,S-2010,98.0,5.0,ytm,5.144754480557265,5.1020408163265305,safe,primary,False,False,False
1828-10-04,Ohio,S-2010,99.0,5.0,ytm,5.07243654799322,5.05050505050505,safe,primary,False,False,False
1828-10-29,Ohio,S-2010,99.0,5.0,ytm,5.072589479593468,5.05050505050505,safe,primary,False,False,False
1828-12-06,Ohio,S-2010,99.5,5.0,ytm,5.036320661320662,5.025125628140704,safe,primary,False,False,False
1829-01-03,Ohio,S-2010,96.0,5.0,ytm,5.296461307527705,5.208333333333334,safe,primary,False,False,False
1829-01-17,Ohio,S-2010,97.0,5.0,ytm,5.221482679173758,5.154639175257731,safe,primary,False,False,False
1829-04-11,Ohio,S-2010,98.25,5.0,ytm,5.129318458573283,5.089058524173027,safe,primary,False,False,False
1829-04-18,Ohio,S-2010,98.25,5.0,ytm,5.129397299756447,5.089058524173027,safe,primary,False,False,False
1829-04-29,Ohio,S-2010,98.0,5.0,ytm,5.148211457798323,5.1020408163265305,safe,primary,False,False,False
1829-07-11,Ohio,S-2010,96.0,5.0,ytm,5.301374460734956,5.208333333333334,safe,primary,False,False,False
1829-07-18,Ohio,S-2010,96.5,5.0,ytm,5.263194637418202,5.181347150259067,safe,primary,False,False,False
1829-08-01,Ohio,S-2010,98.0,5.0,ytm,5.149442941076086,5.1020408163265305,safe,primary,False,False,False
1829-08-08,Ohio,S-2010,98.75,5.0,ytm,5.093107252498293,5.063291139240507,safe,primary,False,False,False
1829-08-22,Ohio,S-2010,98.25,5.0,ytm,5.130841820345123,5.089058524173027,safe,primary,False,False,False
1829-10-03,Ohio,S-2010,98.0,5.0,ytm,5.150285819657016,5.1020408163265305,safe,primary,False,False,False
1829-10-10,Ohio,S-2010,98.5,5.0,ytm,5.112501176255593,5.0761421319796955,safe,primary,False,False,False
1829-10-17,Ohio,S-2010,99.5,5.0,ytm,5.037335922111199,5.025125628140704,safe,primary,False,False,False
1829-10-24,Ohio,S-2010,99.5,5.0,ytm,5.0373594686472085,5.025125628140704,safe,primary,False,False,False
1829-11-07,Ohio,S-2010,100.0,5.0,ytm,5.0,5.0,safe,primary,False,False,False
1829-11-21,Ohio,S-2010,101.0,5.0,ytm,4.925650809388939,4.9504950495049505,safe,primary,False,False,False
1829-11-28,Ohio,S-2010,103.0,5.0,ytm,4.779009770998719,4.854368932038835,safe,primary,False,False,False
1829-12-19,Ohio,S-2010,104.75,5.0,ytm,4.652426769125321,4.77326968973747,safe,primary,False,False,False
1829-12-26,Ohio,S-2010,102.25,5.0,ytm,4.833218617187742,4.88997555012225,safe,primary,False,False,False
1830-01-16,Ohio,S-2010,102.0,5.0,ytm,4.85128142443874,4.901960784313726,safe,primary,False,False,False
1830-01-30,Ohio,S-2010,103.0,5.0,ytm,4.777736102497719,4.854368932038835,safe,primary,False,False,False
1830-02-06,Ohio,S-2010,102.75,5.0,ytm,4.795875734649395,4.866180048661801,safe,primary,False,False,False
1830-02-20,Ohio,S-2010,103.0,5.0,ytm,4.777306630725201,4.854368932038835,safe,primary,False,False,False
1830-02-27,Ohio,S-2010,103.5,5.0,ytm,4.740662170297932,4.830917874396135,safe,primary,False,False,False
1830-03-06,Ohio,S-2010,114.0,5.0,ytm,4.01290935444193,4.385964912280701,safe,primary,False,False,False
1830-03-10,Ohio,S-2010,103.0,5.0,ytm,4.776936528281389,4.854368932038835,safe,primary,False,False,False
1830-03-13,Ohio,S-2010,103.75,5.0,ytm,4.722119982156517,4.819277108433735,safe,primary,False,False,False
1830-03-20,Ohio,S-2010,104.0,5.0,ytm,4.703766105861191,4.807692307692308,safe,primary,False,False,False
1830-03-27,Ohio,S-2010,104.75,5.0,ytm,4.649283465072939,4.77326968973747,safe,primary,False,False,False
1830-04-10,Ohio,S-2010,105.25,5.0,ytm,4.612807435135763,4.750593824228028,safe,primary,False,False,False
1830-04-17,Ohio,S-2010,107.5,5.0,ytm,4.4525093009906,4.651162790697675,safe,primary,False,False,False
1830-05-29,Ohio,S-2010,108.25,5.0,ytm,4.397570122082647,4.618937644341801,safe,primary,False,False,False
1830-06-05,Ohio,S-2010,109.625,5.0,ytm,4.3013164533736985,4.561003420752566,safe,primary,False,False,False
1830-06-12,Ohio,S-2010,110.0,5.0,ytm,4.274914501709965,4.545454545454546,safe,primary,False,False,False
1830-07-17,Ohio,S-2010,108.0,5.0,ytm,4.412417211376131,4.62962962962963,safe,primary,False,False,False
1830-07-24,Ohio,S-2010,108.75,5.0,ytm,4.359215662464678,4.597701149425287,safe,primary,False,False,False
1830-07-28,Ohio,S-2010,108.75,5.0,ytm,4.3589726282253025,4.597701149425287,safe,primary,False,False,False
1830-08-14,Ohio,S-2010,118.5,5.0,ytm,3.703069852228212,4.219409282700422,safe,primary,False,False,False
1830-08-28,Ohio,S-2010,108.25,5.0,ytm,4.392362662585555,4.618937644341801,safe,primary,False,False,False
1830-09-18,Ohio,S-2010,108.5,5.0,ytm,4.373443757414225,4.6082949308755765,safe,primary,False,False,False
1830-09-25,Ohio,S-2010,107.5,5.0,ytm,4.444119187748436,4.651162790697675,safe,primary,False,False,False
1830-10-02,Ohio,S-2010,107.75,5.0,ytm,4.425895565469818,4.640371229698376,safe,primary,False,False,False
1830-10-09,Ohio,S-2010,108.0,5.0,ytm,4.407690117399684,4.62962962962963,safe,primary,False,False,False
1830-10-16,Ohio,S-2010,107.5,5.0,ytm,4.442996440657886,4.651162790697675,safe,primary,False,False,False
1830-10-23,Ohio,S-2010,108.5,5.0,ytm,4.371333175969923,4.6082949308755765,safe,primary,False,False,False
1830-10-30,Ohio,S-2010,109.0,5.0,ytm,4.335496680506713,4.587155963302752,safe,primary,False,False,False
1830-11-06,Ohio,S-2010,109.0,5.0,ytm,4.335047231363923,4.587155963302752,safe,primary,False,False,False
1830-11-13,Ohio,S-2010,109.75,5.0,ytm,4.281724166922618,4.555808656036446,safe,primary,False,False,False
1830-12-11,Ohio,S-2010,109.0,5.0,ytm,4.332786426632592,4.587155963302752,safe,primary,False,False,False
1830-12-18,Ohio,S-2010,109.5,5.0,ytm,4.296920849798505,4.5662100456621,safe,primary,False,False,False
1831-01-15,Ohio,S-2010,107.0,5.0,ytm,4.4742488222632355,4.672897196261682,safe,primary,False,False,False
1831-01-22,Ohio,S-2010,108.25,5.0,ytm,4.3836612546449425,4.618937644341801,safe,primary,False,False,False
1831-03-05,Ohio,S-2010,107.0,5.0,ytm,4.471707483953724,4.672897196261682,safe,primary,False,False,False
1831-05-21,Ohio,S-2010,118.0,5.0,ytm,3.700148407987048,4.23728813559322,safe,primary,False,False,False
1831-09-17,Ohio,S-2010,111.0,5.0,ytm,4.169317956913962,4.504504504504505,safe,primary,False,False,False
1832-01-14,Ohio,S-2010,111.25,5.0,ytm,4.140884670390216,4.49438202247191,safe,primary,False,False,False
1832-02-04,Ohio,S-2010,110.0,5.0,ytm,4.230094422725519,4.545454545454546,safe,primary,False,False,False
1832-02-11,Ohio,S-2010,114.0,5.0,ytm,3.9414965285823396,4.385964912280701,safe,primary,False,False,False
1832-02-18,Ohio,S-2010,112.25,5.0,ytm,4.065481014533632,4.4543429844097995,safe,primary,False,False,False
1832-02-25,Ohio,S-2010,113.0,5.0,ytm,4.011024223047899,4.424778761061947,safe,primary,False,False,False
1832-03-03,Ohio,S-2010,112.0,5.0,ytm,4.082111538896083,4.464285714285714,safe,primary,False,False,False
1832-04-14,Ohio,S-2010,112.5,5.0,ytm,4.041833701491723,4.444444444444445,safe,primary,False,False,False
1832-07-07,Ohio,S-2010,124.0,5.0,ytm,3.238861303093337,4.032258064516129,safe,primary,False,False,False
1832-09-15,Ohio,S-2010,112.0,5.0,ytm,4.062413194703719,4.464285714285714,safe,primary,False,False,False
1833-02-16,Ohio,S-2010,111.0,5.0,ytm,4.121407912838658,4.504504504504505,safe,primary,False,False,False
1833-03-23,Ohio,S-2010,111.0,5.0,ytm,4.117878621013945,4.504504504504505,safe,primary,False,False,False
1833-03-30,Ohio,S-2010,110.5,5.0,ytm,4.155294979590142,4.524886877828054,safe,primary,False,False,False
1833-05-25,Ohio,S-2010,112.0,5.0,ytm,4.0352159778500205,4.464285714285714,safe,primary,False,False,False
1833-06-01,Ohio,S-2010,112.5,5.0,ytm,3.996562639582079,4.444444444444445,safe,primary,False,False,False
1833-06-08,Ohio,S-2010,112.5,5.0,ytm,3.99574207471784,4.444444444444445,safe,primary,False,False,False
1833-06-15,Ohio,S-2010,112.5,5.0,ytm,3.994919609140811,4.444444444444445,safe,primary,False,False,False
1833-06-22,Ohio,S-2010,112.5,5.0,ytm,3.99409523623927,4.444444444444445,safe,primary,False,False,False
1833-07-20,Ohio,S-2010,110.5,5.0,ytm,4.144199377892781,4.524886877828054,safe,primary,False,False,False
1833-07-27,Ohio,S-2010,112.0,5.0,ytm,4.028059829113566,4.464285714285714,safe,primary,False,False,False
1833-08-03,Ohio,S-2010,112.5,5.0,ytm,3.9891085708678804,4.444444444444445,safe,primary,False,False,False
1833-08-10,Ohio,S-2010,112.75,5.0,ytm,3.9692487207081615,4.434589800443459,safe,primary,False,False,False
1833-08-17,Ohio,S-2010,112.5,5.0,ytm,3.9874307857234186,4.444444444444445,safe,primary,False,False,False
1833-09-07,Ohio,S-2010,110.0,5.0,ytm,4.17825183764781,4.545454545454546,safe,primary,False,False,False
1833-09-14,Ohio,S-2010,110.0,5.0,ytm,4.1775655331845485,4.545454545454546,safe,primary,False,False,False
1833-09-21,Ohio,S-2010,109.0,5.0,ytm,4.255645305355857,4.587155963302752,safe,primary,False,False,False
1833-09-28,Ohio,S-2010,109.0,5.0,ytm,4.255021748220142,4.587155963302752,safe,primary,False,False,False
1833-10-12,Ohio,S-2010,109.0,5.0,ytm,4.253770213796862,4.587155963302752,safe,primary,False,False,False
1833-10-19,Ohio,S-2010,110.0,5.0,ytm,4.174109657381033,4.545454545454546,safe,primary,False,False,False
1834-02-22,Ohio,S-2010,103.0,5.0,ytm,4.739720831178728,4.854368932038835,safe,primary,False,False,False
1834-03-08,Ohio,S-2010,102.0,5.0,ytm,4.8253189804961805,4.901960784313726,safe,primary,False,False,False
1834-04-19,Ohio,S-2010,109.0,5.0,ytm,4.23627655102,4.587155963302752,safe,primary,False,False,False
1834-05-17,Ohio,S-2010,109.5,5.0,ytm,4.192938604780294,4.5662100456621,safe,primary,False,False,False
1834-09-20,Ohio,S-2010,109.0,5.0,ytm,4.221146576744458,4.587155963302752,safe,primary,False,False,False
1835-01-31,Ohio,S-2010,109.0,5.0,ytm,4.207391549830047,4.587155963302752,safe,primary,False,False,False
1835-07-11,Ohio,S-2010,111.0,5.0,ytm,4.019159897039528,4.504504504504505,safe,primary,False,False,False
1835-07-18,Ohio,S-2010,107.5,5.0,ytm,4.3193033447936795,4.651162790697675,safe,primary,False,False,False
1835-08-29,Ohio,S-2010,105.0,5.0,ytm,4.537963398339843,4.761904761904762,safe,primary,False,False,False
1835-09-05,Ohio,S-2010,109.0,5.0,ytm,4.1834478293314605,4.587155963302752,safe,primary,False,False,False
1835-10-31,Ohio,S-2010,106.0,5.0,ytm,4.443304422202548,4.716981132075472,safe,primary,False,False,False
1835-12-12,Ohio,S-2010,102.0,5.0,ytm,4.8096171128604865,4.901960784313726,safe,primary,False,False,False
1836-01-02,Ohio,S-2010,100.0,5.0,ytm,5.0,5.0,safe,primary,False,False,False
1836-02-27,Ohio,S-2010,100.0,5.0,ytm,5.0,5.0,safe,primary,False,False,False
1836-03-05,Ohio,S-2010,104.0,5.0,ytm,4.618326538536207,4.807692307692308,safe,primary,False,False,False
1836-03-09,Ohio,S-2010,103.0,5.0,ytm,4.712165320431342,4.854368932038835,safe,primary,False,False,False
1836-03-16,Ohio,S-2010,102.0,5.0,ytm,4.806961148585587,4.901960784313726,safe,primary,False,False,False
1836-08-06,Ohio,S-2010,102.0,5.0,ytm,4.802768879829159,4.901960784313726,safe,primary,False,False,False
1836-11-05,Ohio,S-2010,92.0,5.0,ytm,5.841788067984738,5.434782608695652,safe,primary,False,False,False
1836-11-12,Ohio,S-2010,95.0,5.0,ytm,5.518592148437918,5.263157894736842,safe,primary,False,False,False
1840-06-06,Ohio,S-2010,89.0,5.0,ytm,6.507134381848341,5.617977528089887,safe,primary,False,False,False
1840-07-25,Ohio,S-2010,80.0,5.0,ytm,7.910260129581278,6.25,safe,primary,False,False,False
1840-09-19,Ohio,S-2010,80.0,5.0,ytm,7.949146433369377,6.25,safe,primary,False,False,False
1840-12-19,Ohio,S-2010,80.0,5.0,ytm,8.015151515151516,6.25,safe,primary,False,False,False
1841-02-20,Ohio,S-2010,90.5,5.0,ytm,6.374741850503163,5.524861878453039,safe,primary,False,False,False
1841-06-05,Ohio,S-2010,81.5,5.0,ytm,7.886994289815606,6.134969325153374,safe,primary,False,False,False
1842-04-09,Ohio,S-2010,48.0,5.0,ytm,15.845360232754002,10.416666666666668,safe,primary,False,False,False
1842-04-30,Ohio,S-2010,55.0,5.0,ytm,14.01781501386763,9.090909090909092,safe,primary,False,False,False
1842-06-04,Ohio,S-2010,80.0,5.0,ytm,8.487877328195246,6.25,safe,primary,False,False,False
1842-07-09,Ohio,S-2010,50.0,5.0,ytm,15.576289791437981,10.0,safe,primary,False,False,False
1842-08-27,Ohio,S-2010,50.0,5.0,ytm,15.73894684550422,10.0,safe,primary,False,False,False
1842-10-08,Ohio,S-2010,59.0,5.0,ytm,13.419055508738856,8.47457627118644,safe,primary,False,False,False
1842-10-22,Ohio,S-2010,59.0,5.0,ytm,13.457037419947735,8.47457627118644,safe,primary,False,False,False
1842-12-03,Ohio,S-2010,59.0,5.0,ytm,13.573450655926688,8.47457627118644,safe,primary,False,False,False
1843-07-01,Ohio,S-2010,80.0,5.0,ytm,8.971661054994389,6.25,safe,primary,False,False,False
1843-09-09,Ohio,S-2010,78.0,5.0,ytm,9.53326446885019,6.41025641025641,safe,primary,False,False,False
1843-09-16,Ohio,S-2010,83.0,5.0,ytm,8.416227535374135,6.024096385542169,safe,primary,False,False,False
1843-09-23,Ohio,S-2010,86.0,5.0,ytm,7.7752913359229865,5.813953488372093,safe,primary,False,False,False
1848-07-22,Ohio,S-2010,99.0,5.0,ytm,5.720363179534034,5.05050505050505,safe,primary,False,False,False
1850-03-30,Ohio,S-2010,99.5,5.0,,,5.025125628140704,safe,primary,False,True,False
1850-05-15,Ohio,S-2010,100.0,5.0,,,5.0,safe,primary,False,True,False
1850-08-17,Ohio,S-2010,100.0,5.0,,,5.0,safe,primary,False,True,False
1840-08-01,Ohio,S-2080,96.75,6.0,ytm,6.269255907653343,6.2015503875969,safe,primary,False,False,False
1840-10-10,Ohio,S-2080,97.25,6.0,ytm,6.228685944121301,6.169665809768637,safe,primary,False,False,False
1840-10-18,Ohio,S-2080,97.25,6.0,ytm,6.228851368420139,6.169665809768637,safe,primary,False,False,False
1840-10-25,Ohio,S-2080,98.0,6.0,ytm,6.165912010067854,6.122448979591836,safe,primary,False,False,False
1841-02-13,Ohio,S-2080,93.0,6.0,ytm,6.601822187225754,6.451612903225806,safe,primary,False,False,False
1841-02-27,Ohio,S-2080,92.0,6.0,ytm,6.692276954373728,6.521739130434782,safe,primary,False,False,False
1841-03-10,Ohio,S-2080,90.0,6.0,ytm,6.875349485633746,6.666666666666667,safe,primary,False,False,False
1841-05-01,Ohio,S-2080,93.0,6.0,ytm,6.606160628600215,6.451612903225806,safe,primary,False,False,False
1841-06-12,Ohio,S-2080,97.0,6.0,ytm,6.2555193776501445,6.185567010309279,safe,primary,False,False,False
1841-06-19,Ohio,S-2080,93.0,6.0,ytm,6.608972838107776,6.451612903225806,safe,primary,False,False,False
1841-06-26,Ohio,S-2080,90.0,6.0,ytm,6.884285236231197,6.666666666666667,safe,primary,False,False,False
1841-07-03,Ohio,S-2080,94.0,6.0,ytm,6.519977660178353,6.382978723404255,safe,primary,False,False,False
1841-07-10,Ohio,S-2080,94.25,6.0,ytm,6.498002564086428,6.36604774535809,safe,primary,False,False,False
1841-08-07,Ohio,S-2080,93.75,6.0,ytm,6.544158655346028,6.4,safe,primary,False,False,False
1841-08-14,Ohio,S-2080,94.0,6.0,ytm,6.52206959453857,6.382978723404255,safe,primary,False,False,False
1841-08-28,Ohio,S-2080,94.0,6.0,ytm,6.52277273426681,6.382978723404255,safe,primary,False,False,False
1841-09-18,Ohio,S-2080,93.0,6.0,ytm,6.614304986552081,6.451612903225806,safe,primary,False,False,False
1841-10-16,Ohio,S-2080,90.5,6.0,ytm,6.846936758074388,6.629834254143646,safe,primary,False,False,False
1841-11-13,Ohio,S-2080,90.0,6.0,ytm,6.896302359401448,6.666666666666667,safe,primary,False,False,False
1841-11-20,Ohio,S-2080,88.0,6.0,ytm,7.087749877794643,6.8181818181818175,safe,primary,False,False,False
1841-12-04,Ohio,S-2080,84.0,6.0,ytm,7.483898159977873,7.142857142857142,safe,primary,False,False,False
1841-12-11,Ohio,S-2080,81.0,6.0,ytm,7.7925684534156545,7.4074074074074066,safe,primary,False,False,False
1841-12-18,Ohio,S-2080,80.0,6.0,ytm,7.898704715644607,7.5,safe,primary,False,False,False
1841-12-25,Ohio,S-2080,71.0,6.0,ytm,8.900023192763857,8.450704225352112,safe,primary,False,False,False
1842-01-01,Ohio,S-2080,71.0,6.0,ytm,8.902027658132248,8.450704225352112,safe,primary,False,False,False
1842-01-15,Ohio,S-2080,60.0,6.0,ytm,10.283917682926829,10.0,safe,primary,False,False,False
1842-01-22,Ohio,S-2080,65.0,6.0,ytm,9.637362484913226,9.230769230769232,safe,primary,False,False,False
1842-01-29,Ohio,S-2080,70.0,6.0,ytm,9.028144713430745,8.571428571428571,safe,primary,False,False,False
1842-02-05,Ohio,S-2080,67.0,6.0,ytm,9.393157407466761,8.955223880597014,safe,primary,False,False,False
1842-02-12,Ohio,S-2080,68.0,6.0,ytm,9.273029481235238,8.823529411764707,safe,primary,False,False,False
1842-02-19,Ohio,S-2080,68.0,6.0,ytm,9.275314723590586,8.823529411764707,safe,primary,False,False,False
1842-03-05,Ohio,S-2080,61.0,6.0,ytm,10.171177109735936,9.836065573770492,safe,primary,False,False,False
1842-03-12,Ohio,S-2080,51.75,6.0,ytm,11.478894751879972,11.594202898550725,safe,primary,False,False,False
1842-03-19,Ohio,S-2080,58.0,6.0,ytm,10.583755306733584,10.344827586206897,safe,primary,False,False,False
1842-03-26,Ohio,S-2080,54.5,6.0,ytm,11.081798734423383,11.009174311926607,safe,primary,False,False,False
1842-04-02,Ohio,S-2080,52.5,6.0,ytm,11.37853604509145,11.428571428571429,safe,primary,False,False,False
1842-04-16,Ohio,S-2080,63.5,6.0,ytm,9.86036439135978,9.448818897637794,safe,primary,False,False,False
1842-04-23,Ohio,S-2080,69.25,6.0,ytm,9.14395806503376,8.664259927797833,safe,primary,False,False,False
1842-04-30,Ohio,S-2080,70.5,6.0,ytm,8.996163377862985,8.51063829787234,safe,primary,False,False,False
1842-05-07,Ohio,S-2080,86.0,6.0,ytm,7.304340430641158,6.976744186046512,safe,primary,False,False,False
1842-05-14,Ohio,S-2080,73.5,6.0,ytm,8.64868746552055,8.16326530612245,safe,primary,False,False,False
1842-05-28,Ohio,S-2080,75.5,6.0,ytm,8.424328986021843,7.9470198675496695,safe,primary,False,False,False
1842-06-04,Ohio,S-2080,78.0,6.0,ytm,8.147905071931115,7.6923076923076925,safe,primary,False,False,False
1842-06-11,Ohio,S-2080,80.0,6.0,ytm,7.932324964915017,7.5,safe,primary,False,False,False
1842-06-18,Ohio,S-2080,84.0,6.0,ytm,7.513336681643567,7.142857142857142,safe,primary,False,False,False
1842-07-02,Ohio,S-2080,79.0,6.0,ytm,8.044666517504423,7.59493670886076,safe,primary,False,False,False
1842-07-16,Ohio,S-2080,68.5,6.0,ytm,9.262808076352966,8.75912408759124,safe,primary,False,False,False
1842-07-23,Ohio,S-2080,74.0,6.0,ytm,8.609864742718893,8.108108108108109,safe,primary,False,False,False
1842-07-30,Ohio,S-2080,74.5,6.0,ytm,8.554183723271484,8.053691275167784,safe,primary,False,False,False
1842-08-06,Ohio,S-2080,73.0,6.0,ytm,8.729851304056064,8.21917808219178,safe,primary,False,False,False
1842-08-13,Ohio,S-2080,72.0,6.0,ytm,8.849478117560887,8.333333333333332,safe,primary,False,False,False
1842-08-20,Ohio,S-2080,70.0,6.0,ytm,9.091170442637091,8.571428571428571,safe,primary,False,False,False
1842-08-27,Ohio,S-2080,71.5,6.0,ytm,8.913041677710044,8.391608391608392,safe,primary,False,False,False
1842-09-03,Ohio,S-2080,72.75,6.0,ytm,8.767134219414501,8.24742268041237,safe,primary,False,False,False
1842-09-10,Ohio,S-2080,73.0,6.0,ytm,8.73978016029902,8.21917808219178,safe,primary,False,False,False
1842-09-17,Ohio,S-2080,72.5,6.0,ytm,8.800647182347069,8.275862068965518,safe,primary,False,False,False
1842-09-24,Ohio,S-2080,72.5,6.0,ytm,8.80269361197651,8.275862068965518,safe,primary,False,False,False
1842-10-01,Ohio,S-2080,72.5,6.0,ytm,8.80474458850562,8.275862068965518,safe,primary,False,False,False
1842-10-08,Ohio,S-2080,71.125,6.0,ytm,8.97082058741812,8.43585237258348,safe,primary,False,False,False
1842-10-15,Ohio,S-2080,71.0,6.0,ytm,8.988053878931462,8.450704225352112,safe,primary,False,False,False
1842-10-22,Ohio,S-2080,70.5,6.0,ytm,9.050726600295123,8.51063829787234,safe,primary,False,False,False
1842-11-05,Ohio,S-2080,67.5,6.0,ytm,9.426209202947916,8.88888888888889,safe,primary,False,False,False
1842-11-12,Ohio,S-2080,70.0,6.0,ytm,9.118445908480023,8.571428571428571,safe,primary,False,False,False
1842-11-19,Ohio,S-2080,70.5,6.0,ytm,9.059740179330298,8.51063829787234,safe,primary,False,False,False
1842-11-26,Ohio,S-2080,70.75,6.0,ytm,9.031611819470218,8.480565371024735,safe,primary,False,False,False
1842-12-03,Ohio,S-2080,71.25,6.0,ytm,8.973292956052264,8.421052631578947,safe,primary,False,False,False
1842-12-10,Ohio,S-2080,72.625,6.0,ytm,8.81062790041756,8.261617900172118,safe,primary,False,False,False
1842-12-17,Ohio,S-2080,68.5,6.0,ytm,9.315786312007507,8.75912408759124,safe,primary,False,False,False
1842-12-24,Ohio,S-2080,69.5,6.0,ytm,9.193960038205264,8.633093525179856,safe,primary,False,False,False
1842-12-31,Ohio,S-2080,67.0,6.0,ytm,9.510110214353901,8.955223880597014,safe,primary,False,False,False
1843-01-07,Ohio,S-2080,67.0,6.0,ytm,9.512733359655025,8.955223880597014,safe,primary,False,False,False
1843-01-14,Ohio,S-2080,66.75,6.0,ytm,9.547304301367717,8.98876404494382,safe,primary,False,False,False
1843-01-21,Ohio,S-2080,63.0,6.0,ytm,10.04121700186458,9.523809523809524,safe,primary,False,False,False
1843-01-28,Ohio,S-2080,65.25,6.0,ytm,9.746599737366452,9.195402298850574,safe,primary,False,False,False
1843-02-04,Ohio,S-2080,66.0,6.0,ytm,9.651919418564948,9.090909090909092,safe,primary,False,False,False
1843-02-11,Ohio,S-2080,65.75,6.0,ytm,9.68709468223087,9.125475285171103,safe,primary,False,False,False
1843-02-18,Ohio,S-2080,66.0,6.0,ytm,9.65742535146266,9.090909090909092,safe,primary,False,False,False
1843-03-11,Ohio,S-2080,70.25,6.0,ytm,9.127444790426036,8.540925266903916,safe,primary,False,False,False
1843-03-18,Ohio,S-2080,70.5,6.0,ytm,9.098966076028294,8.51063829787234,safe,primary,False,False,False
1843-03-25,Ohio,S-2080,70.0,6.0,ytm,9.163161836722935,8.571428571428571,safe,primary,False,False,False
1843-04-01,Ohio,S-2080,68.75,6.0,ytm,9.321893555591872,8.727272727272728,safe,primary,False,False,False
1843-04-08,Ohio,S-2080,68.75,6.0,ytm,9.324425538103547,8.727272727272728,safe,primary,False,False,False
1843-04-15,Ohio,S-2080,67.25,6.0,ytm,9.51792803810741,8.921933085501859,safe,primary,False,False,False
1843-04-22,Ohio,S-2080,69.5,6.0,ytm,9.235220019910779,8.633093525179856,safe,primary,False,False,False
1843-04-29,Ohio,S-2080,78.5,6.0,ytm,8.167236686170117,7.643312101910828,safe,primary,False,False,False
1843-05-06,Ohio,S-2080,80.0,6.0,ytm,8.000767039228577,7.5,safe,primary,False,False,False
1843-05-13,Ohio,S-2080,88.25,6.0,ytm,7.124800124825693,6.79886685552408,safe,primary,False,False,False
1843-05-20,Ohio,S-2080,86.5,6.0,ytm,7.305453356948205,6.9364161849710975,safe,primary,False,False,False
1843-06-03,Ohio,S-2080,89.25,6.0,ytm,7.026002575695971,6.722689075630252,safe,primary,False,False,False
1843-06-10,Ohio,S-2080,92.375,6.0,ytm,6.716477551587313,6.495263870094722,safe,primary,False,False,False
1843-06-17,Ohio,S-2080,89.5,6.0,ytm,7.00236864376803,6.70391061452514,safe,primary,False,False,False
1843-06-24,Ohio,S-2080,87.5,6.0,ytm,7.2069594034797015,6.857142857142858,safe,primary,False,False,False
1843-07-01,Ohio,S-2080,91.0,6.0,ytm,6.853748823118639,6.593406593406594,safe,primary,False,False,False
1843-07-08,Ohio,S-2080,90.0,6.0,ytm,6.954344006503553,6.666666666666667,safe,primary,False,False,False
1843-07-15,Ohio,S-2080,89.5,6.0,ytm,7.005487635271439,6.70391061452514,safe,primary,False,False,False
1843-07-22,Ohio,S-2080,89.0,6.0,ytm,7.056978498629905,6.741573033707865,safe,primary,False,False,False
1843-07-29,Ohio,S-2080,89.5,6.0,ytm,7.0070580474934046,6.70391061452514,safe,primary,False,False,False
1843-08-05,Ohio,S-2080,90.5,6.0,ytm,6.907074001032701,6.629834254143646,safe,primary,False,False,False
1843-08-12,Ohio,S-2080,89.5,6.0,ytm,7.008635805445776,6.70391061452514,safe,primary,False,False,False
1843-08-19,Ohio,S-2080,91.0,6.0,ytm,6.858428583812979,6.593406593406594,safe,primary,False,False,False
1843-08-26,Ohio,S-2080,91.625,6.0,ytm,6.796835984758618,6.548431105047749,safe,primary,False,False,False
1843-09-02,Ohio,S-2080,92.0,6.0,ytm,6.7602682313495395,6.521739130434782,safe,primary,False,False,False
1843-09-09,Ohio,S-2080,92.125,6.0,ytm,6.748491882998818,6.512890094979647,safe,primary,False,False,False
1843-09-16,Ohio,S-2080,94.25,6.0,ytm,6.540966152796098,6.36604774535809,safe,primary,False,False,False
1843-09-23,Ohio,S-2080,96.0,6.0,ytm,6.373259263328481,6.25,safe,primary,False,False,False
1843-09-30,Ohio,S-2080,95.375,6.0,ytm,6.433304657315117,6.290956749672345,safe,primary,False,False,False
1843-10-28,Ohio,S-2080,94.625,6.0,ytm,6.507121007730933,6.340819022457067,safe,primary,False,False,False
1843-11-04,Ohio,S-2080,96.125,6.0,ytm,6.363092395681408,6.241872561768531,safe,primary,False,False,False
1843-11-11,Ohio,S-2080,98.25,6.0,ytm,6.162349309640012,6.106870229007633,safe,primary,False,False,False
1843-11-18,Ohio,S-2080,100.5,6.0,ytm,5.9540982801149305,5.970149253731343,safe,primary,False,False,False
1843-12-02,Ohio,S-2080,100.0,6.0,ytm,6.0,6.0,safe,primary,False,False,False
1843-12-09,Ohio,S-2080,102.75,6.0,ytm,5.74973986667471,5.839416058394161,safe,primary,False,False,False
1843-12-16,Ohio,S-2080,103.75,6.0,ytm,5.660137356309805,5.783132530120482,safe,primary,False,False,False
1843-12-30,Ohio,S-2080,102.0,6.0,ytm,5.816874024042843,5.88235294117647,safe,primary,False,False,False
1844-01-06,Ohio,S-2080,99.5,6.0,ytm,6.046392741573063,6.030150753768844,safe,primary,False,False,False
1844-01-13,Ohio,S-2080,99.5,6.0,ytm,6.046430376352403,6.030150753768844,safe,primary,False,False,False
1844-01-20,Ohio,S-2080,94.75,6.0,ytm,6.499815434115488,6.33245382585752,safe,primary,False,False,False
1844-01-27,Ohio,S-2080,96.0,6.0,ytm,6.378691043278777,6.25,safe,primary,False,False,False
1844-02-03,Ohio,S-2080,97.75,6.0,ytm,6.2113007263568525,6.138107416879795,safe,primary,False,False,False
1844-02-10,Ohio,S-2080,97.0,6.0,ytm,6.283037778951678,6.185567010309279,safe,primary,False,False,False
1844-02-17,Ohio,S-2080,98.875,6.0,ytm,6.105224456135714,6.06826801517067,safe,primary,False,False,False
1844-02-24,Ohio,S-2080,99.75,6.0,ytm,6.0232998502013535,6.015037593984962,safe,primary,False,False,False
1844-03-02,Ohio,S-2080,99.0,6.0,ytm,6.093627396884126,6.0606060606060606,safe,primary,False,False,False
1844-03-09,Ohio,S-2080,98.75,6.0,ytm,6.117277740030314,6.075949367088607,safe,primary,False,False,False
1844-03-16,Ohio,S-2080,98.0,6.0,ytm,6.188510166669293,6.122448979591836,safe,primary,False,False,False
1844-03-23,Ohio,S-2080,96.0,6.0,ytm,6.3811814208501865,6.25,safe,primary,False,False,False
1844-03-30,Ohio,S-2080,94.5,6.0,ytm,6.528602601068926,6.349206349206349,safe,primary,False,False,False
1844-04-13,Ohio,S-2080,95.0,6.0,ytm,6.480109335012663,6.315789473684211,safe,primary,False,False,False
1844-04-20,Ohio,S-2080,93.75,6.0,ytm,6.604509603159422,6.4,safe,primary,False,False,False
1844-04-27,Ohio,S-2080,94.25,6.0,ytm,6.55517824192523,6.36604774535809,safe,primary,False,False,False
1844-05-04,Ohio,S-2080,98.75,6.0,ytm,6.118056471830057,6.075949367088607,safe,primary,False,False,False
1844-05-11,Ohio,S-2080,98.875,6.0,ytm,6.106272559974643,6.06826801517067,safe,primary,False,False,False
1844-05-18,Ohio,S-2080,99.25,6.0,ytm,6.0707740778708805,6.045340050377834,safe,primary,False,False,False
1844-05-25,Ohio,S-2080,101.75,6.0,ytm,5.836770424081444,5.896805896805897,safe,primary,False,False,False
1844-06-01,Ohio,S-2080,101.75,6.0,ytm,5.836633689231871,5.896805896805897,safe,primary,False,False,False
1844-06-08,Ohio,S-2080,101.0,6.0,ytm,5.906220874519224,5.9405940594059405,safe,primary,False,False,False
1844-06-15,Ohio,S-2080,100.25,6.0,ytm,5.976447633483859,5.985037406483791,safe,primary,False,False,False
1844-06-22,Ohio,S-2080,97.25,6.0,ytm,6.263237752208722,6.169665809768637,safe,primary,False,False,False
1844-06-29,Ohio,S-2080,96.25,6.0,ytm,6.3610938680772975,6.233766233766234,safe,primary,False,False,False
1844-07-06,Ohio,S-2080,98.0,6.0,ytm,6.191042473524354,6.122448979591836,safe,primary,False,False,False
1844-07-13,Ohio,S-2080,98.0,6.0,ytm,6.191204076159828,6.122448979591836,safe,primary,False,False,False
1844-07-27,Ohio,S-2080,98.0,6.0,ytm,6.191528485708756,6.122448979591836,safe,primary,False,False,False
1844-08-03,Ohio,S-2080,98.0,6.0,ytm,6.191691295617392,6.122448979591836,safe,primary,False,False,False
1844-08-10,Ohio,S-2080,98.0,6.0,ytm,6.1918545109580325,6.122448979591836,safe,primary,False,False,False
1844-08-17,Ohio,S-2080,98.0,6.0,ytm,6.192018133246984,6.122448979591836,safe,primary,False,False,False
1844-08-24,Ohio,S-2080,98.0,6.0,ytm,6.192182164008127,6.122448979591836,safe,primary,False,False,False
1844-08-31,Ohio,S-2080,97.375,6.0,ytm,6.253254332693463,6.161745827984596,safe,primary,False,False,False
1844-09-07,Ohio,S-2080,98.25,6.0,ytm,6.168235106881314,6.106870229007633,safe,primary,False,False,False
1844-09-14,Ohio,S-2080,98.75,6.0,ytm,6.119968525316519,6.075949367088607,safe,primary,False,False,False
1844-09-21,Ohio,S-2080,99.375,6.0,ytm,6.0598476421613245,6.037735849056604,safe,primary,False,False,False
1844-09-28,Ohio,S-2080,99.375,6.0,ytm,6.059899189272955,6.037735849056604,safe,primary,False,False,False
1844-10-05,Ohio,S-2080,100.0,6.0,ytm,6.0,6.0,safe,primary,False,False,False
1844-10-12,Ohio,S-2080,100.875,6.0,ytm,5.916623541568509,5.947955390334572,safe,primary,False,False,False
1844-10-19,Ohio,S-2080,104.0,6.0,ytm,5.624364299033735,5.769230769230769,safe,primary,False,False,False
1844-10-26,Ohio,S-2080,102.5,6.0,ytm,5.763283572120362,5.853658536585367,safe,primary,False,False,False
1844-11-02,Ohio,S-2080,102.75,6.0,ytm,5.739707141645281,5.839416058394161,safe,primary,False,False,False
1844-11-09,Ohio,S-2080,101.0,6.0,ytm,5.904440912414963,5.9405940594059405,safe,primary,False,False,False
1844-11-16,Ohio,S-2080,100.0,6.0,ytm,6.0,6.0,safe,primary,False,False,False
1844-11-23,Ohio,S-2080,100.0,6.0,ytm,6.0,6.0,safe,primary,False,False,False
1844-11-30,Ohio,S-2080,99.75,6.0,ytm,6.024102269397546,6.015037593984962,safe,primary,False,False,False
1844-12-07,Ohio,S-2080,101.0,6.0,ytm,5.904106579586169,5.9405940594059405,safe,primary,False,False,False
1844-12-14,Ohio,S-2080,100.5,6.0,ytm,5.951891559311329,5.970149253731343,safe,primary,False,False,False
1844-12-21,Ohio,S-2080,98.0,6.0,ytm,6.195034697494162,6.122448979591836,safe,primary,False,False,False
1844-12-28,Ohio,S-2080,97.5,6.0,ytm,6.2446256794388075,6.153846153846154,safe,primary,False,False,False
1845-01-01,Ohio,S-2080,96.5,6.0,ytm,6.344392141780167,6.217616580310881,safe,primary,False,False,False
1845-01-04,Ohio,S-2080,96.75,6.0,ytm,6.3195070581887185,6.2015503875969,safe,primary,False,False,False
1845-01-11,Ohio,S-2080,97.5,6.0,ytm,6.245057550026391,6.153846153846154,safe,primary,False,False,False
1845-01-18,Ohio,S-2080,97.25,6.0,ytm,6.270143701309597,6.169665809768637,safe,primary,False,False,False
1845-02-01,Ohio,S-2080,97.25,6.0,ytm,6.270623031061155,6.169665809768637,safe,primary,False,False,False
1845-02-08,Ohio,S-2080,97.75,6.0,ytm,6.221055346917528,6.138107416879795,safe,primary,False,False,False
1845-02-15,Ohio,S-2080,98.75,6.0,ytm,6.1222994349693876,6.075949367088607,safe,primary,False,False,False
1845-02-22,Ohio,S-2080,99.0,6.0,ytm,6.097803799684008,6.0606060606060606,safe,primary,False,False,False
1845-03-01,Ohio,S-2080,98.25,6.0,ytm,6.171957665185803,6.106870229007633,safe,primary,False,False,False
1845-03-08,Ohio,S-2080,98.0,6.0,ytm,6.196947300051512,6.122448979591836,safe,primary,False,False,False
1845-03-22,Ohio,S-2080,98.375,6.0,ytm,6.160003950213304,6.099110546378653,safe,primary,False,False,False
1845-03-29,Ohio,S-2080,97.75,6.0,ytm,6.222444065013539,6.138107416879795,safe,primary,False,False,False
1845-04-05,Ohio,S-2080,98.0,6.0,ytm,6.197656355531541,6.122448979591836,safe,primary,False,False,False
1845-04-12,Ohio,S-2080,97.75,6.0,ytm,6.222845490473424,6.138107416879795,safe,primary,False,False,False
1845-04-19,Ohio,S-2080,96.0,6.0,ytm,6.400068407251169,6.25,safe,primary,False,False,False
1845-04-26,Ohio,S-2080,98.625,6.0,ytm,6.135828938627688,6.083650190114068,safe,primary,False,False,False
1845-05-03,Ohio,S-2080,96.75,6.0,ytm,6.324403844018701,6.2015503875969,safe,primary,False,False,False
1845-05-10,Ohio,S-2080,97.0,6.0,ytm,6.299341496536664,6.185567010309279,safe,primary,False,False,False
1845-05-17,Ohio,S-2080,99.0,6.0,ytm,6.098867606471143,6.0606060606060606,safe,primary,False,False,False
1845-05-24,Ohio,S-2080,98.5,6.0,ytm,6.1488105495999745,6.091370558375635,safe,primary,False,False,False
1845-05-31,Ohio,S-2080,98.25,6.0,ytm,6.173990036694955,6.106870229007633,safe,primary,False,False,False
1845-06-07,Ohio,S-2080,99.0,6.0,ytm,6.099138806228096,6.0606060606060606,safe,primary,False,False,False
1845-06-14,Ohio,S-2080,99.375,6.0,ytm,6.0619019022325835,6.037735849056604,safe,primary,False,False,False
1845-06-21,Ohio,S-2080,95.75,6.0,ytm,6.429121661768199,6.266318537859007,safe,primary,False,False,False
1845-06-28,Ohio,S-2080,96.0,6.0,ytm,6.403735078937236,6.25,safe,primary,False,False,False
1845-07-05,Ohio,S-2080,96.25,6.0,ytm,6.378367775730716,6.233766233766234,safe,primary,False,False,False
1845-07-12,Ohio,S-2080,96.25,6.0,ytm,6.378717005140366,6.233766233766234,safe,primary,False,False,False
1845-07-19,Ohio,S-2080,96.625,6.0,ytm,6.34050978899349,6.2095730918499354,safe,primary,False,False,False
1845-07-26,Ohio,S-2080,95.75,6.0,ytm,6.431105704102931,6.266318537859007,safe,primary,False,False,False
1845-08-02,Ohio,S-2080,96.0,6.0,ytm,6.405604977033548,6.25,safe,primary,False,False,False
1845-08-09,Ohio,S-2080,97.0,6.0,ytm,6.30294084141545,6.185567010309279,safe,primary,False,False,False
1845-08-16,Ohio,S-2080,95.5,6.0,ytm,6.458324099513867,6.282722513089005,safe,primary,False,False,False
1845-08-23,Ohio,S-2080,94.75,6.0,ytm,6.537271277205124,6.33245382585752,safe,primary,False,False,False
1845-08-30,Ohio,S-2080,95.0,6.0,ytm,6.5115083503473805,6.315789473684211,safe,primary,False,False,False
1845-09-06,Ohio,S-2080,95.5,6.0,ytm,6.459609864396336,6.282722513089005,safe,primary,False,False,False
1845-09-13,Ohio,S-2080,97.75,6.0,ytm,6.227403202745418,6.138107416879795,safe,primary,False,False,False
1845-09-20,Ohio,S-2080,97.5,6.0,ytm,6.2532276539566665,6.153846153846154,safe,primary,False,False,False
1845-09-27,Ohio,S-2080,97.625,6.0,ytm,6.240640287227295,6.1459667093469905,safe,primary,False,False,False
1845-10-04,Ohio,S-2080,97.5,6.0,ytm,6.253704758150468,6.153846153846154,safe,primary,False,False,False
1845-10-11,Ohio,S-2080,97.75,6.0,ytm,6.228260909242453,6.138107416879795,safe,primary,False,False,False
1845-10-18,Ohio,S-2080,97.625,6.0,ytm,6.24132247969698,6.1459667093469905,safe,primary,False,False,False
1845-10-25,Ohio,S-2080,97.75,6.0,ytm,6.2286932390083285,6.138107416879795,safe,primary,False,False,False
1845-11-01,Ohio,S-2080,97.5,6.0,ytm,6.254666712334799,6.153846153846154,safe,primary,False,False,False
1845-11-08,Ohio,S-2080,97.0,6.0,ytm,6.306666967940827,6.185567010309279,safe,primary,False,False,False
1845-11-15,Ohio,S-2080,97.5,6.0,ytm,6.255151604356785,6.153846153846154,safe,primary,False,False,False
1845-11-22,Ohio,S-2080,97.5,6.0,ytm,6.255395038407024,6.153846153846154,safe,primary,False,False,False
1845-11-29,Ohio,S-2080,98.0,6.0,ytm,6.203994865090863,6.122448979591836,safe,primary,False,False,False
1845-12-06,Ohio,S-2080,97.75,6.0,ytm,6.230004361678338,6.138107416879795,safe,primary,False,False,False
1845-12-13,Ohio,S-2080,96.0,6.0,ytm,6.412943197544021,6.25,safe,primary,False,False,False
1845-12-20,Ohio,S-2080,92.75,6.0,ytm,6.761810762076492,6.46900269541779,safe,primary,False,False,False
1845-12-27,Ohio,S-2080,91.0,6.0,ytm,6.9552794878562265,6.593406593406594,safe,primary,False,False,False
1845-12-31,Ohio,S-2080,92.0,6.0,ytm,6.845179898318341,6.521739130434782,safe,primary,False,False,False
1846-01-03,Ohio,S-2080,92.5,6.0,ytm,6.790624753841346,6.486486486486487,safe,primary,False,False,False
1846-01-10,Ohio,S-2080,92.0,6.0,ytm,6.846346003134797,6.521739130434782,safe,primary,False,False,False
1846-01-17,Ohio,S-2080,91.75,6.0,ytm,6.874777939013132,6.539509536784741,safe,primary,False,False,False
1846-01-24,Ohio,S-2080,91.0,6.0,ytm,6.9589792118824505,6.593406593406594,safe,primary,False,False,False
1846-01-31,Ohio,S-2080,92.75,6.0,ytm,6.76624071540827,6.46900269541779,safe,primary,False,False,False
1846-02-07,Ohio,S-2080,93.25,6.0,ytm,6.712242988081804,6.434316353887399,safe,primary,False,False,False
1846-02-14,Ohio,S-2080,93.0,6.0,ytm,6.740299923235515,6.451612903225806,safe,primary,False,False,False
1846-02-21,Ohio,S-2080,94.0,6.0,ytm,6.631888296464053,6.382978723404255,safe,primary,False,False,False
1846-02-28,Ohio,S-2080,94.25,6.0,ytm,6.605371798250137,6.36604774535809,safe,primary,False,False,False
1846-03-07,Ohio,S-2080,95.5,6.0,ytm,6.471201275935165,6.282722513089005,safe,primary,False,False,False
1846-03-14,Ohio,S-2080,95.25,6.0,ytm,6.498504833984883,6.299212598425196,safe,primary,False,False,False
1846-03-21,Ohio,S-2080,95.5,6.0,ytm,6.472127639468495,6.282722513089005,safe,primary,False,False,False
1846-03-28,Ohio,S-2080,94.75,6.0,ytm,6.553481546248461,6.33245382585752,safe,primary,False,False,False
1846-04-04,Ohio,S-2080,95.125,6.0,ytm,6.513465676052994,6.307490144546649,safe,primary,False,False,False
1846-04-11,Ohio,S-2080,90.75,6.0,ytm,6.997599164845059,6.6115702479338845,safe,primary,False,False,False
1846-04-18,Ohio,S-2080,90.0,6.0,ytm,7.0838152112202195,6.666666666666667,safe,primary,False,False,False
1846-04-25,Ohio,S-2080,93.25,6.0,ytm,6.719985653016761,6.434316353887399,safe,primary,False,False,False
1846-05-02,Ohio,S-2080,94.0,6.0,ytm,6.638146808088818,6.382978723404255,safe,primary,False,False,False
1846-05-09,Ohio,S-2080,95.0,6.0,ytm,6.529588766298897,6.315789473684211,safe,primary,False,False,False
1846-05-16,Ohio,S-2080,92.75,6.0,ytm,6.777642639286011,6.46900269541779,safe,primary,False,False,False
1846-05-23,Ohio,S-2080,92.5,6.0,ytm,6.806307753803227,6.486486486486487,safe,primary,False,False,False
1846-05-30,Ohio,S-2080,92.5,6.0,ytm,6.807115125003923,6.486486486486487,safe,primary,False,False,False
1846-06-06,Ohio,S-2080,93.5,6.0,ytm,6.696582860663723,6.417112299465241,safe,primary,False,False,False
1846-06-13,Ohio,S-2080,95.5,6.0,ytm,6.477795861427575,6.282722513089005,safe,primary,False,False,False
1846-06-20,Ohio,S-2080,93.0,6.0,ytm,6.753623431471103,6.451612903225806,safe,primary,False,False,False
1846-06-27,Ohio,S-2080,93.0,6.0,ytm,6.754383570846734,6.451612903225806,safe,primary,False,False,False
1846-07-04,Ohio,S-2080,92.75,6.0,ytm,6.7831297814175295,6.46900269541779,safe,primary,False,False,False
1846-07-11,Ohio,S-2080,92.0,6.0,ytm,6.868396993092239,6.521739130434782,safe,primary,False,False,False
1846-07-18,Ohio,S-2080,92.25,6.0,ytm,6.841017717319266,6.504065040650407,safe,primary,False,False,False
1846-07-25,Ohio,S-2080,93.75,6.0,ytm,6.673673002602729,6.4,safe,primary,False,False,False
1846-08-01,Ohio,S-2080,93.0,6.0,ytm,6.758216838479616,6.451612903225806,safe,primary,False,False,False
1846-08-08,Ohio,S-2080,93.25,6.0,ytm,6.730936474210574,6.434316353887399,safe,primary,False,False,False
1846-08-15,Ohio,S-2080,93.5,6.0,ytm,6.703673565209392,6.417112299465241,safe,primary,False,False,False
1846-08-22,Ohio,S-2080,93.75,6.0,ytm,6.676427815970386,6.4,safe,primary,False,False,False
1846-08-29,Ohio,S-2080,93.25,6.0,ytm,6.733183269004248,6.434316353887399,safe,primary,False,False,False
1846-09-05,Ohio,S-2080,93.25,6.0,ytm,6.733936510114005,6.434316353887399,safe,primary,False,False,False
1846-09-12,Ohio,S-2080,93.875,6.0,ytm,6.6645157463686795,6.391478029294275,safe,primary,False,False,False
1846-09-19,Ohio,S-2080,93.75,6.0,ytm,6.679214424381033,6.4,safe,primary,False,False,False
1846-09-26,Ohio,S-2080,93.75,6.0,ytm,6.679916109058224,6.4,safe,primary,False,False,False
1846-10-03,Ohio,S-2080,93.75,6.0,ytm,6.680619824240888,6.4,safe,primary,False,False,False
1846-10-10,Ohio,S-2080,93.5,6.0,ytm,6.709494078135555,6.417112299465241,safe,primary,False,False,False
1846-10-17,Ohio,S-2080,93.875,6.0,ytm,6.667961770772187,6.391478029294275,safe,primary,False,False,False
1846-10-24,Ohio,S-2080,94.0,6.0,ytm,6.65458888087508,6.382978723404255,safe,primary,False,False,False
1846-11-07,Ohio,S-2080,93.25,6.0,ytm,6.740814481246763,6.434316353887399,safe,primary,False,False,False
1846-11-14,Ohio,S-2080,92.25,6.0,ytm,6.855883912796858,6.504065040650407,safe,primary,False,False,False
1846-11-21,Ohio,S-2080,92.5,6.0,ytm,6.828066483526913,6.486486486486487,safe,primary,False,False,False
1846-11-28,Ohio,S-2080,92.75,6.0,ytm,6.800265912867156,6.46900269541779,safe,primary,False,False,False
1846-12-05,Ohio,S-2080,93.125,6.0,ytm,6.758196512987342,6.442953020134229,safe,primary,False,False,False
1846-12-12,Ohio,S-2080,94.5,6.0,ytm,6.6029043235969,6.349206349206349,safe,primary,False,False,False
1846-12-18,Ohio,S-2080,90.0,6.0,ytm,7.123168062954529,6.666666666666667,safe,primary,False,False,False
1846-12-30,Ohio,S-2080,91.5,6.0,ytm,6.948935000687095,6.557377049180328,safe,primary,False,False,False
1847-01-02,Ohio,S-2080,91.5,6.0,ytm,6.949366399336451,6.557377049180328,safe,primary,False,False,False
1847-01-09,Ohio,S-2080,92.0,6.0,ytm,6.89214135021097,6.521739130434782,safe,primary,False,False,False
1847-01-16,Ohio,S-2080,92.0,6.0,ytm,6.893091062750899,6.521739130434782,safe,primary,False,False,False
1847-01-23,Ohio,S-2080,92.0,6.0,ytm,6.8940435886584845,6.521739130434782,safe,primary,False,False,False
1847-01-30,Ohio,S-2080,94.75,6.0,ytm,6.57904937867594,6.33245382585752,safe,primary,False,False,False
1847-02-13,Ohio,S-2080,95.0,6.0,ytm,6.55194964440448,6.315789473684211,safe,primary,False,False,False
1847-02-27,Ohio,S-2080,95.0,6.0,ytm,6.5531377597035245,6.315789473684211,safe,primary,False,False,False
1847-03-06,Ohio,S-2080,94.75,6.0,ytm,6.582167573439858,6.33245382585752,safe,primary,False,False,False
1847-03-13,Ohio,S-2080,95.0,6.0,ytm,6.554332987944276,6.315789473684211,safe,primary,False,False,False
1847-03-20,Ohio,S-2080,95.0,6.0,ytm,6.554933289408664,6.315789473684211,safe,primary,False,False,False
1847-03-27,Ohio,S-2080,95.125,6.0,ytm,6.541300021170657,6.307490144546649,safe,primary,False,False,False
1847-04-03,Ohio,S-2080,95.25,6.0,ytm,6.527655860184536,6.299212598425196,safe,primary,False,False,False
1847-04-10,Ohio,S-2080,96.25,6.0,ytm,6.414899170152337,6.233766233766234,safe,primary,False,False,False
1847-04-21,Ohio,S-2080,98.0,6.0,ytm,6.219700236517831,6.122448979591836,safe,primary,False,False,False
1847-04-24,Ohio,S-2080,98.75,6.0,ytm,6.136858602511652,6.075949367088607,safe,primary,False,False,False
1847-05-01,Ohio,S-2080,97.5,6.0,ytm,6.275751342953733,6.153846153846154,safe,primary,False,False,False
1847-05-08,Ohio,S-2080,98.75,6.0,ytm,6.137158909490309,6.075949367088607,safe,primary,False,False,False
1847-05-15,Ohio,S-2080,99.75,6.0,ytm,6.027324467678226,6.015037593984962,safe,primary,False,False,False
1847-05-22,Ohio,S-2080,100.75,6.0,ytm,5.918345059943164,5.955334987593052,safe,primary,False,False,False
1847-05-29,Ohio,S-2080,101.25,6.0,ytm,5.86409667836889,5.9259259259259265,safe,primary,False,False,False
1847-06-05,Ohio,S-2080,101.0,6.0,ytm,5.891021704020719,5.9405940594059405,safe,primary,False,False,False
1847-06-12,Ohio,S-2080,101.5,6.0,ytm,5.836757463377049,5.911330049261084,safe,primary,False,False,False
1847-06-19,Ohio,S-2080,99.75,6.0,ytm,6.0274759260388,6.015037593984962,safe,primary,False,False,False
1847-07-03,Ohio,S-2080,100.25,6.0,ytm,5.972531597277773,5.985037406483791,safe,primary,False,False,False
1847-07-10,Ohio,S-2080,100.75,6.0,ytm,5.9177082211998995,5.955334987593052,safe,primary,False,False,False
1847-07-17,Ohio,S-2080,100.25,6.0,ytm,5.972470140735419,5.985037406483791,safe,primary,False,False,False
1847-07-24,Ohio,S-2080,100.5,6.0,ytm,5.944947270907239,5.970149253731343,safe,primary,False,False,False
1847-07-31,Ohio,S-2080,101.0,6.0,ytm,5.890045036005777,5.9405940594059405,safe,primary,False,False,False
1847-08-07,Ohio,S-2080,101.0,6.0,ytm,5.889921254653883,5.9405940594059405,safe,primary,False,False,False
1847-08-14,Ohio,S-2080,100.25,6.0,ytm,5.972346086295514,5.985037406483791,safe,primary,False,False,False
1847-09-04,Ohio,S-2080,100.25,6.0,ytm,5.972252032804397,5.985037406483791,safe,primary,False,False,False
1847-09-11,Ohio,S-2080,100.25,6.0,ytm,5.972220486349793,5.985037406483791,safe,primary,False,False,False
1847-09-18,Ohio,S-2080,100.375,6.0,ytm,5.958309286398164,5.9775840597758405,safe,primary,False,False,False
1847-10-02,Ohio,S-2080,100.25,6.0,ytm,5.972125254696716,5.985037406483791,safe,primary,False,False,False
1847-10-09,Ohio,S-2080,98.75,6.0,ytm,6.140586523393777,6.075949367088607,safe,primary,False,False,False
1847-10-16,Ohio,S-2080,100.0,6.0,ytm,6.0,6.0,safe,primary,False,False,False
1847-10-23,Ohio,S-2080,99.0,6.0,ytm,6.112586286473914,6.0606060606060606,safe,primary,False,False,False
1847-10-30,Ohio,S-2080,98.0,6.0,ytm,6.226570700254911,6.122448979591836,safe,primary,False,False,False
1847-11-06,Ohio,S-2080,98.5,6.0,ytm,6.169695786658556,6.091370558375635,safe,primary,False,False,False
1847-11-13,Ohio,S-2080,98.0,6.0,ytm,6.227094956788098,6.122448979591836,safe,primary,False,False,False
1847-11-20,Ohio,S-2080,98.0,6.0,ytm,6.227358329053245,6.122448979591836,safe,primary,False,False,False
1847-12-04,Ohio,S-2080,99.25,6.0,ytm,6.084921721019682,6.045340050377834,safe,primary,False,False,False
1847-12-11,Ohio,S-2080,99.5,6.0,ytm,6.056609507419776,6.030150753768844,safe,primary,False,False,False
1847-12-25,Ohio,S-2080,97.5,6.0,ytm,6.286583431850293,6.153846153846154,safe,primary,False,False,False
1848-01-01,Ohio,S-2080,95.0,6.0,ytm,6.581196581196582,6.315789473684211,safe,primary,False,False,False
1848-01-08,Ohio,S-2080,96.5,6.0,ytm,6.404206846504877,6.217616580310881,safe,primary,False,False,False
1848-01-15,Ohio,S-2080,95.0,6.0,ytm,6.582565980597567,6.315789473684211,safe,primary,False,False,False
1848-01-22,Ohio,S-2080,95.25,6.0,ytm,6.553381813954881,6.299212598425196,safe,primary,False,False,False
1848-01-29,Ohio,S-2080,96.0,6.0,ytm,6.4647719018721155,6.25,safe,primary,False,False,False
1848-02-05,Ohio,S-2080,95.5,6.0,ytm,6.52482724220443,6.282722513089005,safe,primary,False,False,False
1848-02-12,Ohio,S-2080,96.75,6.0,ytm,6.377081267908278,6.2015503875969,safe,primary,False,False,False
1848-02-19,Ohio,S-2080,98.5,6.0,ytm,6.172708558303567,6.091370558375635,safe,primary,False,False,False
1848-03-04,Ohio,S-2080,99.0,6.0,ytm,6.115124232272473,6.0606060606060606,safe,primary,False,False,False
1848-03-11,Ohio,S-2080,98.75,6.0,ytm,6.144258910096286,6.075949367088607,safe,primary,False,False,False
1848-03-18,Ohio,S-2080,98.0,6.0,ytm,6.231966670889104,6.122448979591836,safe,primary,False,False,False
1848-03-25,Ohio,S-2080,96.25,6.0,ytm,6.439343766806975,6.233766233766234,safe,primary,False,False,False
1848-04-01,Ohio,S-2080,97.0,6.0,ytm,6.350558943329816,6.185567010309279,safe,primary,False,False,False
1848-04-15,Ohio,S-2080,98.75,6.0,ytm,6.14513041714079,6.075949367088607,safe,primary,False,False,False
1848-04-22,Ohio,S-2080,98.0,6.0,ytm,6.233370937187374,6.122448979591836,safe,primary,False,False,False
1848-04-29,Ohio,S-2080,98.5,6.0,ytm,6.174799504728239,6.091370558375635,safe,primary,False,False,False
1848-05-06,Ohio,S-2080,99.0,6.0,ytm,6.116381767895148,6.0606060606060606,safe,primary,False,False,False
1848-05-13,Ohio,S-2080,100.25,6.0,ytm,5.971050892267019,5.985037406483791,safe,primary,False,False,False
1848-05-20,Ohio,S-2080,100.0,6.0,ytm,6.0,6.0,safe,primary,False,False,False
1848-05-27,Ohio,S-2080,100.25,6.0,ytm,5.970979971918953,5.985037406483791,safe,primary,False,False,False
1848-06-03,Ohio,S-2080,100.25,6.0,ytm,5.970944335659876,5.985037406483791,safe,primary,False,False,False
1848-06-10,Ohio,S-2080,101.5,6.0,ytm,5.826534294543646,5.911330049261084,safe,primary,False,False,False
1848-06-17,Ohio,S-2080,98.75,6.0,ytm,6.146735602855928,6.075949367088607,safe,primary,False,False,False
1848-06-24,Ohio,S-2080,100.0,6.0,ytm,6.0,6.0,safe,primary,False,False,False
1848-07-01,Ohio,S-2080,99.75,6.0,ytm,6.029272486823717,6.015037593984962,safe,primary,False,False,False
1848-07-08,Ohio,S-2080,99.0,6.0,ytm,6.11767708355799,6.0606060606060606,safe,primary,False,False,False
1848-07-15,Ohio,S-2080,99.5,6.0,ytm,6.058764058462372,6.030150753768844,safe,primary,False,False,False
1848-07-22,Ohio,S-2080,99.5,6.0,ytm,6.058837284599058,6.030150753768844,safe,primary,False,False,False
1848-07-29,Ohio,S-2080,99.75,6.0,ytm,6.029418512896693,6.015037593984962,safe,primary,False,False,False
1848-08-05,Ohio,S-2080,99.0,6.0,ytm,6.118265354617543,6.0606060606060606,safe,primary,False,False,False
1848-08-12,Ohio,S-2080,99.5,6.0,ytm,6.059058441969314,6.030150753768844,safe,primary,False,False,False
1848-08-26,Ohio,S-2080,99.75,6.0,ytm,6.0295665118189055,6.015037593984962,safe,primary,False,False,False
1848-09-02,Ohio,S-2080,99.5,6.0,ytm,6.059281844049466,6.030150753768844,safe,primary,False,False,False
1848-09-09,Ohio,S-2080,99.0,6.0,ytm,6.1190119077595675,6.0606060606060606,safe,primary,False,False,False
1848-09-16,Ohio,S-2080,99.75,6.0,ytm,6.02967882986614,6.015037593984962,safe,primary,False,False,False
1848-09-23,Ohio,S-2080,99.5,6.0,ytm,6.059507525188974,6.030150753768844,safe,primary,False,False,False
1848-09-30,Ohio,S-2080,99.25,6.0,ytm,6.089487036239914,6.045340050377834,safe,primary,False,False,False
1848-10-07,Ohio,S-2080,99.625,6.0,ytm,6.044716429217529,6.022584692597239,safe,primary,False,False,False
1848-10-14,Ohio,S-2080,99.75,6.0,ytm,6.029830378793805,6.015037593984962,safe,primary,False,False,False
1848-10-21,Ohio,S-2080,100.0,6.0,ytm,6.0,6.0,safe,primary,False,False,False
1848-10-28,Ohio,S-2080,100.25,6.0,ytm,5.9701677410830785,5.985037406483791,safe,primary,False,False,False
1848-11-04,Ohio,S-2080,100.25,6.0,ytm,5.970129362836332,5.985037406483791,safe,primary,False,False,False
1848-11-11,Ohio,S-2080,100.75,6.0,ytm,5.910496038087261,5.955334987593052,safe,primary,False,False,False
1848-11-18,Ohio,S-2080,100.25,6.0,ytm,5.970052209424257,5.985037406483791,safe,primary,False,False,False
1848-11-25,Ohio,S-2080,101.75,6.0,ytm,5.791654669398071,5.896805896805897,safe,primary,False,False,False
1848-12-02,Ohio,S-2080,102.0,6.0,ytm,5.761877151391937,5.88235294117647,safe,primary,False,False,False
1848-12-09,Ohio,S-2080,103.25,6.0,ytm,5.6149300354389675,5.811138014527845,safe,primary,False,False,False
1848-12-16,Ohio,S-2080,98.0,6.0,ytm,6.243566335309455,6.122448979591836,safe,primary,False,False,False
1848-12-30,Ohio,S-2080,101.0,6.0,ytm,5.8797205809717275,5.9405940594059405,safe,primary,False,False,False
1850-01-05,Ohio,S-2080,104.75,6.0,ytm,5.396253052503052,5.727923627684964,safe,primary,False,False,False
1850-01-12,Ohio,S-2080,105.0,6.0,ytm,5.364312940025857,5.714285714285714,safe,primary,False,False,False
1850-01-19,Ohio,S-2080,105.25,6.0,ytm,5.332353057501992,5.7007125890736345,safe,primary,False,False,False
1850-01-26,Ohio,S-2080,105.0,6.0,ytm,5.362424095704977,5.714285714285714,safe,primary,False,False,False
1850-02-02,Ohio,S-2080,105.5,6.0,ytm,5.299330564181151,5.687203791469194,safe,primary,False,False,False
1850-02-09,Ohio,S-2080,105.75,6.0,ytm,5.267279390374774,5.673758865248227,safe,primary,False,False,False
1850-02-16,Ohio,S-2080,106.625,6.0,ytm,5.158095048281097,5.627198124267292,safe,primary,False,False,False
1850-02-23,Ohio,S-2080,107.0,6.0,ytm,5.110719161119635,5.607476635514018,safe,primary,False,False,False
1850-03-02,Ohio,S-2080,107.0,6.0,ytm,5.109381556437817,5.607476635514018,safe,primary,False,False,False
1850-03-09,Ohio,S-2080,108.125,6.0,ytm,4.970284091623004,5.5491329479768785,safe,primary,False,False,False
1850-03-16,Ohio,S-2080,108.0,6.0,ytm,4.983983316850841,5.555555555555555,safe,primary,False,False,False
1850-03-23,Ohio,S-2080,107.5,6.0,ytm,5.043742598509412,5.5813953488372094,safe,primary,False,False,False
1850-03-30,Ohio,S-2080,107.5,6.0,ytm,5.042290373615675,5.5813953488372094,safe,primary,False,False,False
1850-04-13,Ohio,S-2080,109.75,6.0,ytm,4.764575534254394,5.466970387243736,safe,primary,False,False,False
1850-04-24,Ohio,S-2080,110.0,6.0,ytm,4.731360755661405,5.454545454545454,safe,primary,False,False,False
1850-05-01,Ohio,S-2080,110.0,6.0,ytm,4.729412716388934,5.454545454545454,safe,primary,False,False,False
1850-05-04,Ohio,S-2080,110.375,6.0,ytm,4.683248399181926,5.436013590033975,safe,primary,False,False,False
1850-05-08,Ohio,S-2080,111.0,6.0,ytm,4.606836744983362,5.405405405405405,safe,primary,False,False,False
1850-05-15,Ohio,S-2080,111.5,6.0,ytm,4.544712300267318,5.381165919282512,safe,primary,False,False,False
1850-06-01,Ohio,S-2080,112.75,6.0,ytm,4.389966136920424,5.321507760532151,safe,primary,False,False,False
1850-06-08,Ohio,S-2080,112.0,6.0,ytm,4.47694700348846,5.357142857142857,safe,primary,False,False,False
1850-06-15,Ohio,S-2080,113.0,6.0,ytm,4.355210702124995,5.3097345132743365,safe,primary,False,False,False
1850-07-06,Ohio,S-2080,110.5,6.0,ytm,4.64940727227372,5.429864253393665,safe,primary,False,False,False
1850-07-27,Ohio,S-2080,107.0,6.0,ytm,5.080036179297869,5.607476635514018,safe,primary,False,False,False
1850-08-10,Ohio,S-2080,104.0,6.0,ytm,5.464879044010493,5.769230769230769,safe,primary,False,False,False
1850-08-17,Ohio,S-2080,108.0,6.0,ytm,4.948665528396837,5.555555555555555,safe,primary,False,False,False
1850-09-04,Ohio,S-2080,108.5,6.0,ytm,4.881039384581588,5.529953917050691,safe,primary,False,False,False
1850-09-07,Ohio,S-2080,108.5,6.0,ytm,4.880268573856753,5.529953917050691,safe,primary,False,False,False
1850-09-28,Ohio,S-2080,108.0,6.0,ytm,4.938475185370513,5.555555555555555,safe,primary,False,False,False
1850-10-05,Ohio,S-2080,109.5,6.0,ytm,4.7464333068151685,5.47945205479452,safe,primary,False,False,False
1850-10-12,Ohio,S-2080,109.5,6.0,ytm,4.74439339225279,5.47945205479452,safe,primary,False,False,False
1850-10-16,Ohio,S-2080,111.0,6.0,ytm,4.555130712140253,5.405405405405405,safe,primary,False,False,False
1850-10-26,Ohio,S-2080,110.0,6.0,ytm,4.677144560865491,5.454545454545454,safe,primary,False,False,False
1850-10-30,Ohio,S-2080,110.75,6.0,ytm,4.581664630583735,5.417607223476298,safe,primary,False,False,False
1850-11-13,Ohio,S-2080,111.0,6.0,ytm,4.545628899723822,5.405405405405405,safe,primary,False,False,False
1850-11-16,Ohio,S-2080,110.125,6.0,ytm,4.654793260408729,5.448354143019296,safe,primary,False,False,False
1850-11-23,Ohio,S-2080,110.5,6.0,ytm,4.605155094176308,5.429864253393665,safe,primary,False,False,False
1850-12-01,Ohio,S-2080,110.75,6.0,ytm,4.570937343809995,5.417607223476298,safe,primary,False,False,False
1851-01-15,Ohio,S-2080,110.0,6.0,ytm,4.651477456243726,5.454545454545454,safe,primary,False,False,False
1851-01-22,Ohio,S-2080,110.0,6.0,ytm,4.649199545096667,5.454545454545454,safe,primary,False,False,False
1851-01-29,Ohio,S-2080,109.5,6.0,ytm,4.711498395118054,5.47945205479452,safe,primary,False,False,False
1851-02-05,Ohio,S-2080,109.0,6.0,ytm,4.774316283832695,5.5045871559633035,safe,primary,False,False,False
1851-02-19,Ohio,S-2080,108.0,6.0,ytm,4.9015299092507245,5.555555555555555,safe,primary,False,False,False
1851-02-26,Ohio,S-2080,108.0,6.0,ytm,4.8996500249982144,5.555555555555555,safe,primary,False,False,False
1851-03-05,Ohio,S-2080,108.25,6.0,ytm,4.8646816046517865,5.542725173210162,safe,primary,False,False,False
1851-03-26,Ohio,S-2080,107.5,6.0,ytm,4.958792397187878,5.5813953488372094,safe,primary,False,False,False
1851-04-02,Ohio,S-2080,107.5,6.0,ytm,4.956986896270941,5.5813953488372094,safe,primary,False,False,False
1851-04-21,Ohio,S-2080,107.5,6.0,ytm,4.952046144919621,5.5813953488372094,safe,primary,False,False,False
1851-04-23,Ohio,S-2080,108.5,6.0,ytm,4.817424800317227,5.529953917050691,safe,primary,False,False,False
1851-04-26,Ohio,S-2080,107.5,6.0,ytm,4.950736109633996,5.5813953488372094,safe,primary,False,False,False
1851-04-30,Ohio,S-2080,108.5,6.0,ytm,4.815352263643631,5.529953917050691,safe,primary,False,False,False
1851-05-07,Ohio,S-2080,108.875,6.0,ytm,4.763139406035292,5.510907003444316,safe,primary,False,False,False
1851-05-10,Ohio,S-2080,108.875,6.0,ytm,4.762206609869438,5.510907003444316,safe,primary,False,False,False
1851-05-21,Ohio,S-2080,109.75,6.0,ytm,4.642084918834103,5.466970387243736,safe,primary,False,False,False
1851-05-24,Ohio,S-2080,110.0,6.0,ytm,4.607869865503454,5.454545454545454,safe,primary,False,False,False
1851-06-07,Ohio,S-2080,110.0,6.0,ytm,4.60292104062072,5.454545454545454,safe,primary,False,False,False
1851-06-21,Ohio,S-2080,108.75,6.0,ytm,4.76584059096185,5.517241379310345,safe,primary,False,False,False
1851-07-16,Ohio,S-2080,108.25,6.0,ytm,4.826058537293921,5.542725173210162,safe,primary,False,False,False
1851-08-06,Ohio,S-2080,108.5,6.0,ytm,4.785344362946125,5.529953917050691,safe,primary,False,False,False
1851-08-16,Ohio,S-2080,108.75,6.0,ytm,4.747857226723024,5.517241379310345,safe,primary,False,False,False
1851-08-30,Ohio,S-2080,109.5,6.0,ytm,4.640422041035076,5.47945205479452,safe,primary,False,False,False
1851-09-06,Ohio,S-2080,110.25,6.0,ytm,4.535626627915576,5.442176870748299,safe,primary,False,False,False
1851-09-13,Ohio,S-2080,107.25,6.0,ytm,4.947289228526596,5.594405594405594,safe,primary,False,False,False
1851-09-27,Ohio,S-2080,107.0,6.0,ytm,4.978582610616494,5.607476635514018,safe,primary,False,False,False
1851-10-11,Ohio,S-2080,107.0,6.0,ytm,4.974767942260561,5.607476635514018,safe,primary,False,False,False
1851-10-22,Ohio,S-2080,107.25,6.0,ytm,4.936306951846226,5.594405594405594,safe,primary,False,False,False
1851-11-08,Ohio,S-2080,109.0,6.0,ytm,4.684606034881926,5.5045871559633035,safe,primary,False,False,False
1851-11-22,Ohio,S-2080,109.5,6.0,ytm,4.609581347828259,5.47945205479452,safe,primary,False,False,False
1851-12-03,Ohio,S-2080,109.75,6.0,ytm,4.570418948506981,5.466970387243736,safe,primary,False,False,False
1851-12-06,Ohio,S-2080,109.75,6.0,ytm,4.569247974020891,5.466970387243736,safe,primary,False,False,False
1851-12-17,Ohio,S-2080,108.5,6.0,ytm,4.741416264332762,5.529953917050691,safe,primary,False,False,False
1851-12-31,Ohio,S-2080,108.5,6.0,ytm,4.736559708784461,5.529953917050691,safe,primary,False,False,False
1852-01-10,Ohio,S-2080,109.5,6.0,ytm,4.590769548407395,5.47945205479452,safe,primary,False,False,False
1852-01-17,Ohio,S-2080,108.75,6.0,ytm,4.694829199137857,5.517241379310345,safe,primary,False,False,False
1852-01-24,Ohio,S-2080,108.0,6.0,ytm,4.800063682436914,5.555555555555555,safe,primary,False,False,False
1852-01-31,Ohio,S-2080,108.0,6.0,ytm,4.797717842323652,5.555555555555555,safe,primary,False,False,False
1852-02-07,Ohio,S-2080,108.5,6.0,ytm,4.723140032168373,5.529953917050691,safe,primary,False,False,False
1852-02-21,Ohio,S-2080,106.25,6.0,ytm,5.047148602007536,5.647058823529412,safe,primary,False,False,False
1852-02-25,Ohio,S-2080,107.0,6.0,ytm,4.935472619462853,5.607476635514018,safe,primary,False,False,False
1852-03-06,Ohio,S-2080,109.0,6.0,ytm,4.640578918898098,5.5045871559633035,safe,primary,False,False,False
1852-03-24,Ohio,S-2080,109.0,6.0,ytm,4.633597988374504,5.5045871559633035,safe,primary,False,False,False
1852-04-03,Ohio,S-2080,109.0,6.0,ytm,4.62968130825473,5.5045871559633035,safe,primary,False,False,False
1852-04-07,Ohio,S-2080,109.0,6.0,ytm,4.628106872168353,5.5045871559633035,safe,primary,False,False,False
1852-04-17,Ohio,S-2080,109.25,6.0,ytm,4.587622630938966,5.491990846681922,safe,primary,False,False,False
1852-04-21,Ohio,S-2080,109.125,6.0,ytm,4.604264733181466,5.498281786941581,safe,primary,False,False,False
1852-05-05,Ohio,S-2080,108.75,6.0,ytm,4.653767188540332,5.517241379310345,safe,primary,False,False,False
1852-05-15,Ohio,S-2080,108.875,6.0,ytm,4.6313707074201265,5.510907003444316,safe,primary,False,False,False
1852-05-22,Ohio,S-2080,108.75,6.0,ytm,4.647072760952914,5.517241379310345,safe,primary,False,False,False
1852-05-29,Ohio,S-2080,109.25,6.0,ytm,4.570247923202101,5.491990846681922,safe,primary,False,False,False
1852-06-12,Ohio,S-2080,105.5,6.0,ytm,5.130786305204203,5.687203791469194,safe,primary,False,False,False
1852-06-26,Ohio,S-2080,107.25,6.0,ytm,4.85916931980726,5.594405594405594,safe,primary,False,False,False
1852-07-24,Ohio,S-2080,108.875,6.0,ytm,4.602677866402708,5.510907003444316,safe,primary,False,False,False
1852-08-07,Ohio,S-2080,108.375,6.0,ytm,4.6726392790254385,5.536332179930796,safe,primary,False,False,False
1852-08-11,Ohio,S-2080,109.0,6.0,ytm,4.576123355983343,5.5045871559633035,safe,primary,False,False,False
1852-08-21,Ohio,S-2080,109.25,6.0,ytm,4.533870234634399,5.491990846681922,safe,primary,False,False,False
1852-09-04,Ohio,S-2080,109.25,6.0,ytm,4.5275851673198675,5.491990846681922,safe,primary,False,False,False
1852-09-08,Ohio,S-2080,109.25,6.0,ytm,4.525777332265176,5.491990846681922,safe,primary,False,False,False
1852-09-18,Ohio,S-2080,109.75,6.0,ytm,4.445016279379139,5.466970387243736,safe,primary,False,False,False
1852-09-22,Ohio,S-2080,110.0,6.0,ytm,4.4050755416957905,5.454545454545454,safe,primary,False,False,False
1852-10-02,Ohio,S-2080,110.25,6.0,ytm,4.36208266644266,5.442176870748299,safe,primary,False,False,False
1852-10-23,Ohio,S-2080,109.875,6.0,ytm,4.408802886061273,5.460750853242321,safe,primary,False,False,False
1852-10-30,Ohio,S-2080,110.375,6.0,ytm,4.328542482979516,5.436013590033975,safe,primary,False,False,False
1852-11-03,Ohio,S-2080,110.0,6.0,ytm,4.384048074296641,5.454545454545454,safe,primary,False,False,False
1852-11-13,Ohio,S-2080,111.0,6.0,ytm,4.2252867707925885,5.405405405405405,safe,primary,False,False,False
1852-11-20,Ohio,S-2080,111.0,6.0,ytm,4.221347810382759,5.405405405405405,safe,primary,False,False,False
1852-11-27,Ohio,S-2080,111.5,6.0,ytm,4.140765497589857,5.381165919282512,safe,primary,False,False,False
1852-12-01,Ohio,S-2080,111.5,6.0,ytm,4.1383951947407525,5.381165919282512,safe,primary,False,False,False
1852-12-15,Ohio,S-2080,112.0,6.0,ytm,4.053340568604301,5.357142857142857,safe,primary,False,False,False
1852-12-29,Ohio,S-2080,109.0,6.0,ytm,4.512359979133595,5.5045871559633035,safe,primary,False,False,False
1853-01-08,Ohio,S-2080,107.75,6.0,ytm,4.707091193120259,5.56844547563805,safe,primary,False,False,False
1853-01-12,Ohio,S-2080,110.0,6.0,ytm,4.347460005613247,5.454545454545454,safe,primary,False,False,False
1853-01-22,Ohio,S-2080,109.0,6.0,ytm,4.500721950114663,5.5045871559633035,safe,primary,False,False,False
1853-01-26,Ohio,S-2080,109.0,6.0,ytm,4.498760820372832,5.5045871559633035,safe,primary,False,False,False
1853-02-05,Ohio,S-2080,109.0,6.0,ytm,4.49383076890958,5.5045871559633035,safe,primary,False,False,False
1853-02-09,Ohio,S-2080,109.5,6.0,ytm,4.411860920916763,5.47945205479452,safe,primary,False,False,False
1853-02-23,Ohio,S-2080,108.125,6.0,ytm,4.626412269240875,5.5491329479768785,safe,primary,False,False,False
1853-03-09,Ohio,S-2080,109.0,6.0,ytm,4.4777883933325775,5.5045871559633035,safe,primary,False,False,False
1853-03-19,Ohio,S-2080,109.0,6.0,ytm,4.472690215031141,5.5045871559633035,safe,primary,False,False,False
1853-03-23,Ohio,S-2080,109.0,6.0,ytm,4.470639408438451,5.5045871559633035,safe,primary,False,False,False
1853-03-26,Ohio,S-2080,108.0,6.0,ytm,4.632654966392831,5.555555555555555,safe,primary,False,False,False
1853-04-02,Ohio,S-2080,108.125,6.0,ytm,4.608848199111891,5.5491329479768785,safe,primary,False,False,False
1853-04-20,Ohio,S-2080,108.0,6.0,ytm,4.621043035427997,5.555555555555555,safe,primary,False,False,False
1853-04-30,Ohio,S-2080,108.0,6.0,ytm,4.616331555190809,5.555555555555555,safe,primary,False,False,False
1853-05-21,Ohio,S-2080,108.0,6.0,ytm,4.60631049414162,5.555555555555555,safe,primary,False,False,False
1853-06-04,Ohio,S-2080,109.0,6.0,ytm,4.432012397961826,5.5045871559633035,safe,primary,False,False,False
1853-06-11,Ohio,S-2080,109.0,6.0,ytm,4.428184714966387,5.5045871559633035,safe,primary,False,False,False
1853-06-15,Ohio,S-2080,109.0,6.0,ytm,4.425987404921566,5.5045871559633035,safe,primary,False,False,False
1853-06-25,Ohio,S-2080,106.5,6.0,ytm,4.845411566344945,5.633802816901409,safe,primary,False,False,False
1853-07-02,Ohio,S-2080,107.0,6.0,ytm,4.756541274434392,5.607476635514018,safe,primary,False,False,False
1853-07-09,Ohio,S-2080,107.5,6.0,ytm,4.667643959869897,5.5813953488372094,safe,primary,False,False,False
1853-07-16,Ohio,S-2080,107.75,6.0,ytm,4.621474025576699,5.56844547563805,safe,primary,False,False,False
1853-07-23,Ohio,S-2080,107.75,6.0,ytm,4.618038881157935,5.56844547563805,safe,primary,False,False,False
1853-07-27,Ohio,S-2080,107.25,6.0,ytm,4.7022293705044005,5.594405594405594,safe,primary,False,False,False
1853-07-30,Ohio,S-2080,107.5,6.0,ytm,4.657658768064586,5.5813953488372094,safe,primary,False,False,False
1853-08-10,Ohio,S-2080,106.0,6.0,ytm,4.914035051246336,5.660377358490567,safe,primary,False,False,False
1853-08-13,Ohio,S-2080,107.0,6.0,ytm,4.7378004822631565,5.607476635514018,safe,primary,False,False,False
1853-09-03,Ohio,S-2080,107.0,6.0,ytm,4.728174640503202,5.607476635514018,safe,primary,False,False,False
1853-09-21,Ohio,S-2080,107.0,6.0,ytm,4.719783588362818,5.607476635514018,safe,primary,False,False,False
1853-11-02,Ohio,S-2080,104.0,6.0,ytm,5.246034442208691,5.769230769230769,safe,primary,False,False,False
1853-11-05,Ohio,S-2080,106.0,6.0,ytm,4.878770341706112,5.660377358490567,safe,primary,False,False,False
1853-11-16,Ohio,S-2080,107.25,6.0,ytm,4.64776246405313,5.594405594405594,safe,primary,False,False,False
1853-11-30,Ohio,S-2080,108.0,6.0,ytm,4.505346205751064,5.555555555555555,safe,primary,False,False,False
1853-12-14,Ohio,S-2080,108.5,6.0,ytm,4.4072483072844575,5.529953917050691,safe,primary,False,False,False
1827-06-23,Ohio,S-2100,104.0,6.0,ytm,5.708270182161343,5.769230769230769,safe,primary,False,False,False
1827-06-30,Ohio,S-2100,103.75,6.0,ytm,5.726028583091484,5.783132530120482,safe,primary,False,False,False
1827-07-14,Ohio,S-2100,104.25,6.0,ytm,5.689943757896019,5.755395683453238,safe,primary,False,False,False
1827-07-28,Ohio,S-2100,104.5,6.0,ytm,5.671771805915778,5.741626794258373,safe,primary,False,False,False
1827-08-04,Ohio,S-2100,105.0,6.0,ytm,5.636005553800957,5.714285714285714,safe,primary,False,False,False
1827-08-11,Ohio,S-2100,104.75,6.0,ytm,5.653605879794901,5.727923627684964,safe,primary,False,False,False
1827-08-25,Ohio,S-2100,105.375,6.0,ytm,5.608819766091854,5.6939501779359425,safe,primary,False,False,False
1827-08-29,Ohio,S-2100,105.5,6.0,ytm,5.599848666034022,5.687203791469194,safe,primary,False,False,False
1827-09-01,Ohio,S-2100,105.5,6.0,ytm,5.599760568194222,5.687203791469194,safe,primary,False,False,False
1827-09-08,Ohio,S-2100,106.0,6.0,ytm,5.564210955115401,5.660377358490567,safe,primary,False,False,False
1827-09-15,Ohio,S-2100,107.5,6.0,ytm,5.458923118801335,5.5813953488372094,safe,primary,False,False,False
1827-09-22,Ohio,S-2100,108.0,6.0,ytm,5.423941917735699,5.555555555555555,safe,primary,False,False,False
1827-09-29,Ohio,S-2100,106.25,6.0,ytm,5.5459018226545895,5.647058823529412,safe,primary,False,False,False
1827-10-06,Ohio,S-2100,106.5,6.0,ytm,5.528065913934039,5.633802816901409,safe,primary,False,False,False
1827-10-13,Ohio,S-2100,107.75,6.0,ytm,5.44040563454459,5.56844547563805,safe,primary,False,False,False
1827-10-20,Ohio,S-2100,107.75,6.0,ytm,5.440115787022753,5.56844547563805,safe,primary,False,False,False
1827-10-27,Ohio,S-2100,110.75,6.0,ytm,5.234044403604927,5.417607223476298,safe,primary,False,False,False
1827-10-31,Ohio,S-2100,110.5,6.0,ytm,5.250746643404518,5.429864253393665,safe,primary,False,False,False
1827-11-03,Ohio,S-2100,110.0,6.0,ytm,5.28456719315274,5.454545454545454,safe,primary,False,False,False
1827-11-10,Ohio,S-2100,111.75,6.0,ytm,5.16588045081436,5.369127516778524,safe,primary,False,False,False
1827-11-17,Ohio,S-2100,111.5,6.0,ytm,5.182237294204688,5.381165919282512,safe,primary,False,False,False
1827-11-24,Ohio,S-2100,112.0,6.0,ytm,5.148251316828769,5.357142857142857,safe,primary,False,False,False
1827-11-28,Ohio,S-2100,111.5,6.0,ytm,5.181567314368073,5.381165919282512,safe,primary,False,False,False
1827-12-01,Ohio,S-2100,111.25,6.0,ytm,5.198232553840873,5.393258426966292,safe,primary,False,False,False
1827-12-08,Ohio,S-2100,111.5,6.0,ytm,5.180956654875666,5.381165919282512,safe,primary,False,False,False
1827-12-15,Ohio,S-2100,111.75,6.0,ytm,5.163702220135169,5.369127516778524,safe,primary,False,False,False
1828-01-05,Ohio,S-2100,109.5,6.0,ytm,5.3155070648194815,5.47945205479452,safe,primary,False,False,False
1828-01-12,Ohio,S-2100,109.25,6.0,ytm,5.332373072499692,5.491990846681922,safe,primary,False,False,False
1828-01-19,Ohio,S-2100,109.0,6.0,ytm,5.34929781198046,5.5045871559633035,safe,primary,False,False,False
1828-01-26,Ohio,S-2100,109.0,6.0,ytm,5.348954995493636,5.5045871559633035,safe,primary,False,False,False
1828-02-02,Ohio,S-2100,109.5,6.0,ytm,5.314064328217753,5.47945205479452,safe,primary,False,False,False
1828-02-09,Ohio,S-2100,109.75,6.0,ytm,5.296481114863843,5.466970387243736,safe,primary,False,False,False
1828-02-16,Ohio,S-2100,109.5,6.0,ytm,5.313339167993405,5.47945205479452,safe,primary,False,False,False
1828-02-23,Ohio,S-2100,109.5,6.0,ytm,5.312975634081612,5.47945205479452,safe,primary,False,False,False
1828-02-27,Ohio,S-2100,109.5,6.0,ytm,5.312767614032181,5.47945205479452,safe,primary,False,False,False
1828-03-01,Ohio,S-2100,109.0,6.0,ytm,5.347231887048706,5.5045871559633035,safe,primary,False,False,False
1828-03-08,Ohio,S-2100,108.75,6.0,ytm,5.364267073833259,5.517241379310345,safe,primary,False,False,False
1828-03-15,Ohio,S-2100,107.75,6.0,ytm,5.433911258985597,5.56844547563805,safe,primary,False,False,False
1828-04-05,Ohio,S-2100,108.25,6.0,ytm,5.397875054819813,5.542725173210162,safe,primary,False,False,False
1828-04-12,Ohio,S-2100,108.25,6.0,ytm,5.397553526073903,5.542725173210162,safe,primary,False,False,False
1828-04-26,Ohio,S-2100,107.75,6.0,ytm,5.432096233089013,5.56844547563805,safe,primary,False,False,False
1828-04-30,Ohio,S-2100,107.5,6.0,ytm,5.449585101395983,5.5813953488372094,safe,primary,False,False,False
1828-05-17,Ohio,S-2100,108.5,6.0,ytm,5.378378649150562,5.529953917050691,safe,primary,False,False,False
1828-05-24,Ohio,S-2100,108.5,6.0,ytm,5.378044244786633,5.529953917050691,safe,primary,False,False,False
1828-06-07,Ohio,S-2100,109.5,6.0,ytm,5.307445101036632,5.47945205479452,safe,primary,False,False,False
1828-06-14,Ohio,S-2100,110.375,6.0,ytm,5.246396268166429,5.436013590033975,safe,primary,False,False,False
1828-06-21,Ohio,S-2100,107.0,6.0,ytm,5.482975068925354,5.607476635514018,safe,primary,False,False,False
1828-06-28,Ohio,S-2100,107.0,6.0,ytm,5.4826952057889855,5.607476635514018,safe,primary,False,False,False
1828-07-05,Ohio,S-2100,107.0,6.0,ytm,5.482414843533647,5.607476635514018,safe,primary,False,False,False
1828-07-12,Ohio,S-2100,106.75,6.0,ytm,5.500025361689295,5.620608899297424,safe,primary,False,False,False
1828-07-26,Ohio,S-2100,107.5,6.0,ytm,5.445878545475811,5.5813953488372094,safe,primary,False,False,False
1828-07-30,Ohio,S-2100,107.5,6.0,ytm,5.445706147272797,5.5813953488372094,safe,primary,False,False,False
1828-08-02,Ohio,S-2100,107.5,6.0,ytm,5.445576732909649,5.5813953488372094,safe,primary,False,False,False
1828-08-16,Ohio,S-2100,107.875,6.0,ytm,5.418271375304358,5.5619930475086905,safe,primary,False,False,False
1828-08-30,Ohio,S-2100,107.25,6.0,ytm,5.462237352477688,5.594405594405594,safe,primary,False,False,False
1828-09-06,Ohio,S-2100,107.0,6.0,ytm,5.479868900787824,5.607476635514018,safe,primary,False,False,False
1828-09-13,Ohio,S-2100,107.5,6.0,ytm,5.443754452256326,5.5813953488372094,safe,primary,False,False,False
1828-09-20,Ohio,S-2100,107.0,6.0,ytm,5.479297531216381,5.607476635514018,safe,primary,False,False,False
1828-09-27,Ohio,S-2100,107.75,6.0,ytm,5.4252731753984555,5.56844547563805,safe,primary,False,False,False
1828-10-04,Ohio,S-2100,107.5,6.0,ytm,5.442835913831897,5.5813953488372094,safe,primary,False,False,False
1828-10-11,Ohio,S-2100,107.75,6.0,ytm,5.42463945486992,5.56844547563805,safe,primary,False,False,False
1828-10-18,Ohio,S-2100,107.75,6.0,ytm,5.424321735462264,5.56844547563805,safe,primary,False,False,False
1828-10-25,Ohio,S-2100,108.25,6.0,ytm,5.388314540083285,5.542725173210162,safe,primary,False,False,False
1828-10-29,Ohio,S-2100,108.0,6.0,ytm,5.405949752342305,5.555555555555555,safe,primary,False,False,False
1828-11-01,Ohio,S-2100,109.25,6.0,ytm,5.3170705473332935,5.491990846681922,safe,primary,False,False,False
1828-11-08,Ohio,S-2100,109.75,6.0,ytm,5.281473345311952,5.466970387243736,safe,primary,False,False,False
1828-11-15,Ohio,S-2100,110.5,6.0,ytm,5.228531141875435,5.429864253393665,safe,primary,False,False,False
1828-11-22,Ohio,S-2100,110.25,6.0,ytm,5.245584976195653,5.442176870748299,safe,primary,False,False,False
1828-11-29,Ohio,S-2100,110.0,6.0,ytm,5.262699133918139,5.454545454545454,safe,primary,False,False,False
1828-12-06,Ohio,S-2100,110.0,6.0,ytm,5.262288387288387,5.454545454545454,safe,primary,False,False,False
1828-12-13,Ohio,S-2100,110.375,6.0,ytm,5.23556234350111,5.436013590033975,safe,primary,False,False,False
1828-12-20,Ohio,S-2100,107.25,6.0,ytm,5.457457142148284,5.594405594405594,safe,primary,False,False,False
1828-12-27,Ohio,S-2100,107.0,6.0,ytm,5.4752395789076145,5.607476635514018,safe,primary,False,False,False
1828-12-31,Ohio,S-2100,106.625,6.0,ytm,5.502291256035116,5.627198124267292,safe,primary,False,False,False
1829-01-03,Ohio,S-2100,106.75,6.0,ytm,5.493085477800296,5.620608899297424,safe,primary,False,False,False
1829-01-10,Ohio,S-2100,106.375,6.0,ytm,5.520108574180379,5.64042303172738,safe,primary,False,False,False
1829-01-17,Ohio,S-2100,106.375,6.0,ytm,5.519839192881337,5.64042303172738,safe,primary,False,False,False
1829-01-24,Ohio,S-2100,106.5,6.0,ytm,5.510445628870269,5.633802816901409,safe,primary,False,False,False
1829-01-31,Ohio,S-2100,107.125,6.0,ytm,5.464691282738311,5.600933488914819,safe,primary,False,False,False
1829-02-07,Ohio,S-2100,108.0,6.0,ytm,5.401142811073376,5.555555555555555,safe,primary,False,False,False
1829-02-14,Ohio,S-2100,108.0,6.0,ytm,5.400804938570477,5.555555555555555,safe,primary,False,False,False
1829-02-21,Ohio,S-2100,108.25,6.0,ytm,5.3824732412980945,5.542725173210162,safe,primary,False,False,False
1829-03-07,Ohio,S-2100,108.0,6.0,ytm,5.399787589136702,5.555555555555555,safe,primary,False,False,False
1829-03-14,Ohio,S-2100,107.5,6.0,ytm,5.435625101088745,5.5813953488372094,safe,primary,False,False,False
1829-03-21,Ohio,S-2100,107.0,6.0,ytm,5.471677940505442,5.607476635514018,safe,primary,False,False,False
1829-03-28,Ohio,S-2100,107.25,6.0,ytm,5.45315864011849,5.594405594405594,safe,primary,False,False,False
1829-04-04,Ohio,S-2100,107.625,6.0,ytm,5.425585700633837,5.574912891986063,safe,primary,False,False,False
1829-04-11,Ohio,S-2100,108.5,6.0,ytm,5.3619931003677905,5.529953917050691,safe,primary,False,False,False
1829-04-18,Ohio,S-2100,107.375,6.0,ytm,5.443114486893578,5.587892898719441,safe,primary,False,False,False
1829-04-25,Ohio,S-2100,107.75,6.0,ytm,5.415520790134027,5.56844547563805,safe,primary,False,False,False
1829-04-29,Ohio,S-2100,107.125,6.0,ytm,5.460858626218508,5.600933488914819,safe,primary,False,False,False
1829-05-02,Ohio,S-2100,107.75,6.0,ytm,5.415186366042697,5.56844547563805,safe,primary,False,False,False
1829-05-09,Ohio,S-2100,107.375,6.0,ytm,5.442158031958944,5.587892898719441,safe,primary,False,False,False
1829-05-16,Ohio,S-2100,107.75,6.0,ytm,5.414515653784146,5.56844547563805,safe,primary,False,False,False
1829-05-23,Ohio,S-2100,108.0,6.0,ytm,5.396008746832338,5.555555555555555,safe,primary,False,False,False
1829-05-30,Ohio,S-2100,108.58,6.0,ytm,5.353649153355359,5.525879535826119,safe,primary,False,False,False
1829-06-06,Ohio,S-2100,108.375,6.0,ytm,5.368107906233499,5.536332179930796,safe,primary,False,False,False
1829-06-13,Ohio,S-2100,108.625,6.0,ytm,5.349650491975414,5.523590333716916,safe,primary,False,False,False
1829-06-27,Ohio,S-2100,105.75,6.0,ytm,5.5598672166926475,5.673758865248227,safe,primary,False,False,False
1829-07-04,Ohio,S-2100,106.0,6.0,ytm,5.541022854311868,5.660377358490567,safe,primary,False,False,False
1829-07-11,Ohio,S-2100,106.25,6.0,ytm,5.522201558302641,5.647058823529412,safe,primary,False,False,False
1829-07-18,Ohio,S-2100,106.75,6.0,ytm,5.484926878969676,5.620608899297424,safe,primary,False,False,False
1829-07-25,Ohio,S-2100,107.5,6.0,ytm,5.429433743009547,5.5813953488372094,safe,primary,False,False,False
1829-07-29,Ohio,S-2100,107.5,6.0,ytm,5.429244117604314,5.5813953488372094,safe,primary,False,False,False
1829-08-01,Ohio,S-2100,108.0,6.0,ytm,5.392505724364131,5.555555555555555,safe,primary,False,False,False
1829-08-08,Ohio,S-2100,108.0,6.0,ytm,5.39215180202967,5.555555555555555,safe,primary,False,False,False
1829-08-15,Ohio,S-2100,108.0,6.0,ytm,5.391797214070185,5.555555555555555,safe,primary,False,False,False
1829-08-22,Ohio,S-2100,108.25,6.0,ytm,5.373177911745578,5.542725173210162,safe,primary,False,False,False
1829-08-29,Ohio,S-2100,108.125,6.0,ytm,5.381943181404824,5.5491329479768785,safe,primary,False,False,False
1829-09-05,Ohio,S-2100,108.0,6.0,ytm,5.390729437610753,5.555555555555555,safe,primary,False,False,False
1829-09-12,Ohio,S-2100,108.125,6.0,ytm,5.381218597238015,5.5491329479768785,safe,primary,False,False,False
1829-09-19,Ohio,S-2100,107.375,6.0,ytm,5.435974574688865,5.587892898719441,safe,primary,False,False,False
1829-09-26,Ohio,S-2100,108.25,6.0,ytm,5.371337943445413,5.542725173210162,safe,primary,False,False,False
1829-09-30,Ohio,S-2100,108.5,6.0,ytm,5.352846676430145,5.529953917050691,safe,primary,False,False,False
1829-10-03,Ohio,S-2100,109.0,6.0,ytm,5.3162456205052555,5.5045871559633035,safe,primary,False,False,False
1829-10-10,Ohio,S-2100,109.25,6.0,ytm,5.297678304253919,5.491990846681922,safe,primary,False,False,False
1829-10-17,Ohio,S-2100,109.5,6.0,ytm,5.279132158651559,5.47945205479452,safe,primary,False,False,False
1829-10-24,Ohio,S-2100,110.25,6.0,ytm,5.224537993341648,5.442176870748299,safe,primary,False,False,False
1829-10-31,Ohio,S-2100,110.75,6.0,ytm,5.1881599534714535,5.417607223476298,safe,primary,False,False,False
1829-11-07,Ohio,S-2100,111.0,6.0,ytm,5.1697725633628675,5.405405405405405,safe,primary,False,False,False
1829-11-14,Ohio,S-2100,111.25,6.0,ytm,5.151405415975607,5.393258426966292,safe,primary,False,False,False
1829-11-21,Ohio,S-2100,111.75,6.0,ytm,5.11525761074062,5.369127516778524,safe,primary,False,False,False
1829-11-28,Ohio,S-2100,114.0,6.0,ytm,4.956301821150097,5.263157894736842,safe,primary,False,False,False
1829-12-05,Ohio,S-2100,114.5,6.0,ytm,4.920904245781496,5.240174672489083,safe,primary,False,False,False
1829-12-19,Ohio,S-2100,113.75,6.0,ytm,4.971902974161284,5.274725274725275,safe,primary,False,False,False
1829-12-26,Ohio,S-2100,115.0,6.0,ytm,4.884293498487466,5.217391304347826,safe,primary,False,False,False
1830-01-02,Ohio,S-2100,114.0,6.0,ytm,4.953181459909306,5.263157894736842,safe,primary,False,False,False
1830-01-09,Ohio,S-2100,113.875,6.0,ytm,4.961299276173078,5.26893523600439,safe,primary,False,False,False
1830-01-16,Ohio,S-2100,113.5,6.0,ytm,4.9869893312516265,5.286343612334802,safe,primary,False,False,False
1830-01-23,Ohio,S-2100,113.75,6.0,ytm,4.968817072201304,5.274725274725275,safe,primary,False,False,False
1830-01-30,Ohio,S-2100,114.5,6.0,ytm,4.91572061802958,5.240174672489083,safe,primary,False,False,False
1830-02-06,Ohio,S-2100,114.0,6.0,ytm,4.950031049791523,5.263157894736842,safe,primary,False,False,False
1830-02-13,Ohio,S-2100,114.0,6.0,ytm,4.949397323669234,5.263157894736842,safe,primary,False,False,False
1830-02-20,Ohio,S-2100,114.125,6.0,ytm,4.939995485932161,5.257393209200438,safe,primary,False,False,False
1830-02-27,Ohio,S-2100,114.0,6.0,ytm,4.948126199170638,5.263157894736842,safe,primary,False,False,False
1830-03-06,Ohio,S-2100,114.25,6.0,ytm,4.929944016126243,5.25164113785558,safe,primary,False,False,False
1830-03-10,Ohio,S-2100,114.0,6.0,ytm,4.947124008373377,5.263157894736842,safe,primary,False,False,False
1830-03-13,Ohio,S-2100,113.75,6.0,ytm,4.964446643287788,5.274725274725275,safe,primary,False,False,False
1830-03-20,Ohio,S-2100,114.0,6.0,ytm,4.946210278434066,5.263157894736842,safe,primary,False,False,False
1830-03-27,Ohio,S-2100,115.0,6.0,ytm,4.87550731173098,5.217391304347826,safe,primary,False,False,False
1830-04-03,Ohio,S-2100,115.25,6.0,ytm,4.8573979134653795,5.206073752711497,safe,primary,False,False,False
1830-04-10,Ohio,S-2100,115.75,6.0,ytm,4.821952158446563,5.183585313174946,safe,primary,False,False,False
1830-04-17,Ohio,S-2100,118.0,6.0,ytm,4.666741430703296,5.084745762711865,safe,primary,False,False,False
1830-04-24,Ohio,S-2100,117.75,6.0,ytm,4.682944373707743,5.095541401273886,safe,primary,False,False,False
1830-05-01,Ohio,S-2100,118.0,6.0,ytm,4.665108885100841,5.084745762711865,safe,primary,False,False,False
1830-05-08,Ohio,S-2100,117.75,6.0,ytm,4.681329512072704,5.095541401273886,safe,primary,False,False,False
1830-05-15,Ohio,S-2100,117.5,6.0,ytm,4.697608663246121,5.106382978723404,safe,primary,False,False,False
1830-05-22,Ohio,S-2100,117.75,6.0,ytm,4.6797083388623175,5.095541401273886,safe,primary,False,False,False
1830-05-29,Ohio,S-2100,118.25,6.0,ytm,4.6447930005805,5.07399577167019,safe,primary,False,False,False
1830-06-05,Ohio,S-2100,119.5,6.0,ytm,4.559329053634293,5.02092050209205,safe,primary,False,False,False
1830-06-12,Ohio,S-2100,120.0,6.0,ytm,4.524836775991753,5.0,safe,primary,False,False,False
1830-06-19,Ohio,S-2100,117.25,6.0,ytm,4.7107697497768175,5.11727078891258,safe,primary,False,False,False
1830-06-26,Ohio,S-2100,118.25,6.0,ytm,4.64144082131018,5.07399577167019,safe,primary,False,False,False
1830-07-03,Ohio,S-2100,118.0,6.0,ytm,4.657683003176615,5.084745762711865,safe,primary,False,False,False
1830-07-17,Ohio,S-2100,118.25,6.0,ytm,4.638909355317178,5.07399577167019,safe,primary,False,False,False
1830-07-24,Ohio,S-2100,118.625,6.0,ytm,4.612461270040724,5.05795574288725,safe,primary,False,False,False
1830-07-28,Ohio,S-2100,118.25,6.0,ytm,4.637577370429498,5.07399577167019,safe,primary,False,False,False
1830-08-07,Ohio,S-2100,118.25,6.0,ytm,4.636362886985852,5.07399577167019,safe,primary,False,False,False
1830-08-14,Ohio,S-2100,118.0,6.0,ytm,4.652658995490593,5.084745762711865,safe,primary,False,False,False
1830-08-21,Ohio,S-2100,118.25,6.0,ytm,4.634656840810342,5.07399577167019,safe,primary,False,False,False
1830-08-28,Ohio,S-2100,118.25,6.0,ytm,4.63380128255632,5.07399577167019,safe,primary,False,False,False
1830-09-04,Ohio,S-2100,118.0,6.0,ytm,4.650124572573758,5.084745762711865,safe,primary,False,False,False
1830-09-11,Ohio,S-2100,118.0,6.0,ytm,4.649276410622011,5.084745762711865,safe,primary,False,False,False
1830-09-25,Ohio,S-2100,118.0,6.0,ytm,4.647575025223492,5.084745762711865,safe,primary,False,False,False
1830-10-02,Ohio,S-2100,118.25,6.0,ytm,4.629497937704452,5.07399577167019,safe,primary,False,False,False
1830-10-16,Ohio,S-2100,118.25,6.0,ytm,4.62776457958997,5.07399577167019,safe,primary,False,False,False
1830-10-23,Ohio,S-2100,119.25,6.0,ytm,4.558262589524332,5.031446540880504,safe,primary,False,False,False
1830-10-30,Ohio,S-2100,119.25,6.0,ytm,4.557348039958766,5.031446540880504,safe,primary,False,False,False
1830-11-06,Ohio,S-2100,119.625,6.0,ytm,4.530823044504169,5.015673981191222,safe,primary,False,False,False
1830-11-20,Ohio,S-2100,119.5,6.0,ytm,4.537489502782619,5.02092050209205,safe,primary,False,False,False
1830-11-30,Ohio,S-2100,119.625,6.0,ytm,4.527611217289681,5.015673981191222,safe,primary,False,False,False
1830-12-04,Ohio,S-2100,119.75,6.0,ytm,4.51853524449164,5.010438413361169,safe,primary,False,False,False
1830-12-11,Ohio,S-2100,119.75,6.0,ytm,4.517587749984924,5.010438413361169,safe,primary,False,False,False
1830-12-18,Ohio,S-2100,120.25,6.0,ytm,4.4825375901374915,4.98960498960499,safe,primary,False,False,False
1830-12-25,Ohio,S-2100,117.625,6.0,ytm,4.662457449432302,5.100956429330499,safe,primary,False,False,False
1830-12-29,Ohio,S-2100,117.5,6.0,ytm,4.670692883430098,5.106382978723404,safe,primary,False,False,False
1831-01-01,Ohio,S-2100,117.0,6.0,ytm,4.705341372395384,5.128205128205128,safe,primary,False,False,False
1831-01-08,Ohio,S-2100,117.25,6.0,ytm,4.686970156737751,5.11727078891258,safe,primary,False,False,False
1831-01-15,Ohio,S-2100,117.25,6.0,ytm,4.686124597794804,5.11727078891258,safe,primary,False,False,False
1831-01-22,Ohio,S-2100,117.0,6.0,ytm,4.702838573806316,5.128205128205128,safe,primary,False,False,False
1831-01-29,Ohio,S-2100,116.625,6.0,ytm,4.728435857055844,5.144694533762058,safe,primary,False,False,False
1831-02-05,Ohio,S-2100,116.75,6.0,ytm,4.718786096028904,5.139186295503212,safe,primary,False,False,False
1831-02-12,Ohio,S-2100,116.5,6.0,ytm,4.735633115198233,5.150214592274678,safe,primary,False,False,False
1831-02-19,Ohio,S-2100,116.0,6.0,ytm,4.770312323642755,5.172413793103448,safe,primary,False,False,False
1831-02-26,Ohio,S-2100,115.75,6.0,ytm,4.787336649109259,5.183585313174946,safe,primary,False,False,False
1831-03-05,Ohio,S-2100,116.0,6.0,ytm,4.768713747919797,5.172413793103448,safe,primary,False,False,False
1831-03-12,Ohio,S-2100,117.5,6.0,ytm,4.6616975355117205,5.106382978723404,safe,primary,False,False,False
1831-03-19,Ohio,S-2100,117.125,6.0,ytm,4.687258174230064,5.122732123799359,safe,primary,False,False,False
1831-03-26,Ohio,S-2100,117.25,6.0,ytm,4.677574043314852,5.11727078891258,safe,primary,False,False,False
1831-05-07,Ohio,S-2100,118.0,6.0,ytm,4.619402040591012,5.084745762711865,safe,primary,False,False,False
1831-05-28,Ohio,S-2100,118.0,6.0,ytm,4.616665563714402,5.084745762711865,safe,primary,False,False,False
1831-06-04,Ohio,S-2100,118.625,6.0,ytm,4.571780059743625,5.05795574288725,safe,primary,False,False,False
1831-06-11,Ohio,S-2100,119.0,6.0,ytm,4.544554395423416,5.042016806722689,safe,primary,False,False,False
1831-06-18,Ohio,S-2100,119.0,6.0,ytm,4.543588021587682,5.042016806722689,safe,primary,False,False,False
1831-06-25,Ohio,S-2100,120.0,6.0,ytm,4.472888530538198,5.0,safe,primary,False,False,False
1831-07-16,Ohio,S-2100,120.5,6.0,ytm,4.435134077355735,4.979253112033195,safe,primary,False,False,False
1831-07-23,Ohio,S-2100,120.5,6.0,ytm,4.434087721477192,4.979253112033195,safe,primary,False,False,False
1831-08-06,Ohio,S-2100,121.5,6.0,ytm,4.362924484494285,4.938271604938271,safe,primary,False,False,False
1831-08-13,Ohio,S-2100,121.5,6.0,ytm,4.361825202306544,4.938271604938271,safe,primary,False,False,False
1831-08-27,Ohio,S-2100,121.25,6.0,ytm,4.376861953679398,4.948453608247423,safe,primary,False,False,False
1831-09-17,Ohio,S-2100,119.75,6.0,ytm,4.478059884558778,5.010438413361169,safe,primary,False,False,False
1831-09-24,Ohio,S-2100,120.0,6.0,ytm,4.459503636908491,5.0,safe,primary,False,False,False
1831-10-01,Ohio,S-2100,121.25,6.0,ytm,4.371366177453838,4.948453608247423,safe,primary,False,False,False
1831-10-08,Ohio,S-2100,121.625,6.0,ytm,4.344306235169179,4.933196300102774,safe,primary,False,False,False
1831-10-15,Ohio,S-2100,121.625,6.0,ytm,4.343180169092833,4.933196300102774,safe,primary,False,False,False
1831-10-22,Ohio,S-2100,121.0,6.0,ytm,4.3854160567442335,4.958677685950414,safe,primary,False,False,False
1831-10-29,Ohio,S-2100,121.25,6.0,ytm,4.3669278352621,4.948453608247423,safe,primary,False,False,False
1831-11-05,Ohio,S-2100,120.5,6.0,ytm,4.418127323305679,4.979253112033195,safe,primary,False,False,False
1831-11-12,Ohio,S-2100,120.5,6.0,ytm,4.417045308689514,4.979253112033195,safe,primary,False,False,False
1831-11-19,Ohio,S-2100,121.25,6.0,ytm,4.363574432339126,4.948453608247423,safe,primary,False,False,False
1831-11-26,Ohio,S-2100,122.0,6.0,ytm,4.310383594909386,4.918032786885246,safe,primary,False,False,False
1831-12-03,Ohio,S-2100,122.0,6.0,ytm,4.309222911585117,4.918032786885246,safe,primary,False,False,False
1831-12-10,Ohio,S-2100,122.0,6.0,ytm,4.3080597650856856,4.918032786885246,safe,primary,False,False,False
1831-12-17,Ohio,S-2100,122.75,6.0,ytm,4.255069664781349,4.887983706720977,safe,primary,False,False,False
1831-12-24,Ohio,S-2100,120.25,6.0,ytm,4.428106792458751,4.98960498960499,safe,primary,False,False,False
1831-12-31,Ohio,S-2100,120.5,6.0,ytm,4.409406706721618,4.979253112033195,safe,primary,False,False,False
1832-01-07,Ohio,S-2100,121.5,6.0,ytm,4.338199086137879,4.938271604938271,safe,primary,False,False,False
1832-01-14,Ohio,S-2100,122.0,6.0,ytm,4.302206809064475,4.918032786885246,safe,primary,False,False,False
1832-01-21,Ohio,S-2100,122.5,6.0,ytm,4.266320417555859,4.8979591836734695,safe,primary,False,False,False
1832-01-28,Ohio,S-2100,123.0,6.0,ytm,4.230539020575208,4.878048780487805,safe,primary,False,False,False
1832-02-11,Ohio,S-2100,125.0,6.0,ytm,4.091113151719212,4.8,safe,primary,False,False,False
1832-02-18,Ohio,S-2100,125.0,6.0,ytm,4.08978091006588,4.8,safe,primary,False,False,False
1832-02-25,Ohio,S-2100,125.5,6.0,ytm,4.054537972875546,4.780876494023905,safe,primary,False,False,False
1832-03-10,Ohio,S-2100,124.0,6.0,ytm,4.154132449167801,4.838709677419355,safe,primary,False,False,False
1832-03-17,Ohio,S-2100,125.0,6.0,ytm,4.084423244601735,4.8,safe,primary,False,False,False
1832-03-31,Ohio,S-2100,124.0,6.0,ytm,4.15023681022139,4.838709677419355,safe,primary,False,False,False
1832-04-07,Ohio,S-2100,125.75,6.0,ytm,4.029354657060595,4.7713717693836974,safe,primary,False,False,False
1832-04-25,Ohio,S-2100,126.125,6.0,ytm,4.00034143010438,4.757185332011893,safe,primary,False,False,False
1832-04-28,Ohio,S-2100,126.0,6.0,ytm,4.008204034586872,4.761904761904762,safe,primary,False,False,False
1832-05-12,Ohio,S-2100,125.5,6.0,ytm,4.039396474559612,4.780876494023905,safe,primary,False,False,False
1832-05-26,Ohio,S-2100,125.5,6.0,ytm,4.036604507223539,4.780876494023905,safe,primary,False,False,False
1832-06-02,Ohio,S-2100,126.0,6.0,ytm,4.0011106732112784,4.761904761904762,safe,primary,False,False,False
1832-06-09,Ohio,S-2100,126.75,6.0,ytm,3.948788370696092,4.733727810650888,safe,primary,False,False,False
1832-06-16,Ohio,S-2100,126.5,6.0,ytm,3.9642603202949953,4.743083003952568,safe,primary,False,False,False
1832-06-23,Ohio,S-2100,123.25,6.0,ytm,4.186627124506196,4.86815415821501,safe,primary,False,False,False
1832-06-30,Ohio,S-2100,123.75,6.0,ytm,4.150443065513584,4.848484848484849,safe,primary,False,False,False
1832-07-31,Ohio,S-2100,122.75,6.0,ytm,4.214680727331993,4.887983706720977,safe,primary,False,False,False
1832-08-18,Ohio,S-2100,124.0,6.0,ytm,4.1236068895643365,4.838709677419355,safe,primary,False,False,False
1832-08-25,Ohio,S-2100,124.0,6.0,ytm,4.122244511562908,4.838709677419355,safe,primary,False,False,False
1832-09-01,Ohio,S-2100,123.75,6.0,ytm,4.138375590889558,4.848484848484849,safe,primary,False,False,False
1832-09-08,Ohio,S-2100,124.0,6.0,ytm,4.119510707508811,4.838709677419355,safe,primary,False,False,False
1832-09-15,Ohio,S-2100,124.0,6.0,ytm,4.118139261403469,4.838709677419355,safe,primary,False,False,False
1832-09-22,Ohio,S-2100,125.0,6.0,ytm,4.047015319598521,4.8,safe,primary,False,False,False
1832-09-29,Ohio,S-2100,125.25,6.0,ytm,4.028233476897265,4.790419161676647,safe,primary,False,False,False
1832-10-06,Ohio,S-2100,125.25,6.0,ytm,4.0267890258882195,4.790419161676647,safe,primary,False,False,False
1832-11-10,Ohio,S-2100,127.25,6.0,ytm,3.8814590610953763,4.715127701375246,safe,primary,False,False,False
1832-11-24,Ohio,S-2100,127.25,6.0,ytm,3.878323641552566,4.715127701375246,safe,primary,False,False,False
1832-11-28,Ohio,S-2100,127.0,6.0,ytm,3.8945821963771237,4.724409448818897,safe,primary,False,False,False
1833-01-12,Ohio,S-2100,124.0,6.0,ytm,4.0943507122113125,4.838709677419355,safe,primary,False,False,False
1833-01-19,Ohio,S-2100,123.75,6.0,ytm,4.110679676481178,4.848484848484849,safe,primary,False,False,False
1833-03-23,Ohio,S-2100,120.0,6.0,ytm,4.370846190363162,5.0,safe,primary,False,False,False
1833-03-30,Ohio,S-2100,121.0,6.0,ytm,4.295833422658143,4.958677685950414,safe,primary,False,False,False
1833-04-13,Ohio,S-2100,122.0,6.0,ytm,4.220013365256529,4.918032786885246,safe,primary,False,False,False
1833-04-20,Ohio,S-2100,111.75,6.0,ytm,5.002545144870033,5.369127516778524,safe,primary,False,False,False
1833-04-27,Ohio,S-2100,122.5,6.0,ytm,4.180870662041725,4.8979591836734695,safe,primary,False,False,False
1833-05-11,Ohio,S-2100,123.0,6.0,ytm,4.1417671805532095,4.878048780487805,safe,primary,False,False,False
1833-05-18,Ohio,S-2100,123.75,6.0,ytm,4.086133989886722,4.848484848484849,safe,primary,False,False,False
1833-05-25,Ohio,S-2100,123.0,6.0,ytm,4.138906243646002,4.878048780487805,safe,primary,False,False,False
1833-06-01,Ohio,S-2100,123.0,6.0,ytm,4.137470816486964,4.878048780487805,safe,primary,False,False,False
1833-06-08,Ohio,S-2100,123.0,6.0,ytm,4.136032068227244,4.878048780487805,safe,primary,False,False,False
1833-06-15,Ohio,S-2100,123.0,6.0,ytm,4.13458998732761,4.878048780487805,safe,primary,False,False,False
1833-06-22,Ohio,S-2100,121.5,6.0,ytm,4.243078143771797,4.938271604938271,safe,primary,False,False,False
1833-06-29,Ohio,S-2100,121.5,6.0,ytm,4.241714677178441,4.938271604938271,safe,primary,False,False,False
1833-07-06,Ohio,S-2100,121.0,6.0,ytm,4.277381650881275,4.958677685950414,safe,primary,False,False,False
1833-07-20,Ohio,S-2100,122.0,6.0,ytm,4.20068096054117,4.918032786885246,safe,primary,False,False,False
1833-08-03,Ohio,S-2100,123.0,6.0,ytm,4.124401126499288,4.878048780487805,safe,primary,False,False,False
1833-08-10,Ohio,S-2100,123.75,6.0,ytm,4.068220239361405,4.848484848484849,safe,primary,False,False,False
1833-08-17,Ohio,S-2100,123.75,6.0,ytm,4.066704713903151,4.848484848484849,safe,primary,False,False,False
1833-08-24,Ohio,S-2100,123.5,6.0,ytm,4.083410663209478,4.8582995951417,safe,primary,False,False,False
1833-08-31,Ohio,S-2100,123.25,6.0,ytm,4.100182583154719,4.86815415821501,safe,primary,False,False,False
1833-09-21,Ohio,S-2100,121.0,6.0,ytm,4.262457136856139,4.958677685950414,safe,primary,False,False,False
1833-09-28,Ohio,S-2100,121.0,6.0,ytm,4.2610811729201625,4.958677685950414,safe,primary,False,False,False
1833-10-05,Ohio,S-2100,122.0,6.0,ytm,4.185043101091652,4.918032786885246,safe,primary,False,False,False
1833-10-12,Ohio,S-2100,121.0,6.0,ytm,4.258319491379805,4.958677685950414,safe,primary,False,False,False
1833-10-19,Ohio,S-2100,121.0,6.0,ytm,4.256933750701519,4.958677685950414,safe,primary,False,False,False
1833-10-26,Ohio,S-2100,119.0,6.0,ytm,4.407269474372137,5.042016806722689,safe,primary,False,False,False
1833-11-09,Ohio,S-2100,120.0,6.0,ytm,4.328395023663805,5.0,safe,primary,False,False,False
1833-12-21,Ohio,S-2100,115.5,6.0,ytm,4.671062668788054,5.194805194805195,safe,primary,False,False,False
1834-01-18,Ohio,S-2100,114.0,6.0,ytm,4.787333858335913,5.263157894736842,safe,primary,False,False,False
1834-01-25,Ohio,S-2100,112.0,6.0,ytm,4.949912468391363,5.357142857142857,safe,primary,False,False,False
1834-02-22,Ohio,S-2100,112.0,6.0,ytm,4.946477900552486,5.357142857142857,safe,primary,False,False,False
1834-03-22,Ohio,S-2100,104.0,6.0,ytm,5.6338531248724335,5.769230769230769,safe,primary,False,False,False
1834-04-12,Ohio,S-2100,115.5,6.0,ytm,4.653561907101271,5.194805194805195,safe,primary,False,False,False
1834-04-19,Ohio,S-2100,115.0,6.0,ytm,4.692882164055658,5.217391304347826,safe,primary,False,False,False
1834-04-26,Ohio,S-2100,109.0,6.0,ytm,5.192544270274378,5.5045871559633035,safe,primary,False,False,False
1834-05-03,Ohio,S-2100,114.5,6.0,ytm,4.731401070093835,5.240174672489083,safe,primary,False,False,False
1834-05-17,Ohio,S-2100,116.5,6.0,ytm,4.5673711059070286,5.150214592274678,safe,primary,False,False,False
1834-05-24,Ohio,S-2100,116.0,6.0,ytm,4.6064043345222085,5.172413793103448,safe,primary,False,False,False
1834-06-28,Ohio,S-2100,112.0,6.0,ytm,4.930602268413376,5.357142857142857,safe,primary,False,False,False
1834-07-12,Ohio,S-2100,113.0,6.0,ytm,4.844975728397277,5.3097345132743365,safe,primary,False,False,False
1834-07-19,Ohio,S-2100,116.0,6.0,ytm,4.596988485385296,5.172413793103448,safe,primary,False,False,False
1834-07-26,Ohio,S-2100,116.0,6.0,ytm,4.5957983524496475,5.172413793103448,safe,primary,False,False,False
1834-07-30,Ohio,S-2100,117.25,6.0,ytm,4.494075302301128,5.11727078891258,safe,primary,False,False,False
1834-08-02,Ohio,S-2100,117.0,6.0,ytm,4.513649342391158,5.128205128205128,safe,primary,False,False,False
1834-09-20,Ohio,S-2100,120.0,6.0,ytm,4.264844793329208,5.0,safe,primary,False,False,False
1834-09-27,Ohio,S-2100,122.5,6.0,ytm,4.068221897515997,4.8979591836734695,safe,primary,False,False,False
1834-10-11,Ohio,S-2100,122.5,6.0,ytm,4.064886074568272,4.8979591836734695,safe,primary,False,False,False
1834-10-18,Ohio,S-2100,122.5,6.0,ytm,4.063211856623225,4.8979591836734695,safe,primary,False,False,False
1834-11-08,Ohio,S-2100,121.0,6.0,ytm,4.175318308168268,4.958677685950414,safe,primary,False,False,False
1834-11-15,Ohio,S-2100,121.0,6.0,ytm,4.173729125827228,4.958677685950414,safe,primary,False,False,False
1834-11-22,Ohio,S-2100,121.0,6.0,ytm,4.172135912220965,4.958677685950414,safe,primary,False,False,False
1834-11-29,Ohio,S-2100,122.0,6.0,ytm,4.092054681677324,4.918032786885246,safe,primary,False,False,False
1834-12-06,Ohio,S-2100,121.0,6.0,ytm,4.168937329700272,4.958677685950414,safe,primary,False,False,False
1834-12-13,Ohio,S-2100,123.0,6.0,ytm,4.010793978079269,4.878048780487805,safe,primary,False,False,False
1834-12-20,Ohio,S-2100,125.5,6.0,ytm,3.817110926527222,4.780876494023905,safe,primary,False,False,False
1835-01-10,Ohio,S-2100,122.25,6.0,ytm,4.062356693530311,4.9079754601226995,safe,primary,False,False,False
1835-01-17,Ohio,S-2100,122.75,6.0,ytm,4.021513567550543,4.887983706720977,safe,primary,False,False,False
1835-01-24,Ohio,S-2100,122.5,6.0,ytm,4.039321723944776,4.8979591836734695,safe,primary,False,False,False
1835-02-14,Ohio,S-2100,122.5,6.0,ytm,4.034090321780388,4.8979591836734695,safe,primary,False,False,False
1835-02-21,Ohio,S-2100,122.5,6.0,ytm,4.032337525771489,4.8979591836734695,safe,primary,False,False,False
1835-03-07,Ohio,S-2100,122.5,6.0,ytm,4.028818336148895,4.8979591836734695,safe,primary,False,False,False
1835-03-14,Ohio,S-2100,122.0,6.0,ytm,4.066550367641546,4.918032786885246,safe,primary,False,False,False
1835-03-21,Ohio,S-2100,123.25,6.0,ytm,3.966312056737589,4.86815415821501,safe,primary,False,False,False
1835-04-01,Ohio,S-2100,122.75,6.0,ytm,4.0027603304649135,4.887983706720977,safe,primary,False,False,False
1835-04-04,Ohio,S-2100,123.0,6.0,ytm,3.9822975693502007,4.878048780487805,safe,primary,False,False,False
1835-04-11,Ohio,S-2100,123.0,6.0,ytm,3.980477142049675,4.878048780487805,safe,primary,False,False,False
1835-04-18,Ohio,S-2100,123.5,6.0,ytm,3.9393299584722175,4.8582995951417,safe,primary,False,False,False
1835-04-25,Ohio,S-2100,123.5,6.0,ytm,3.937464425777316,4.8582995951417,safe,primary,False,False,False
1835-05-02,Ohio,S-2100,123.0,6.0,ytm,3.9749873204143844,4.878048780487805,safe,primary,False,False,False
1835-05-09,Ohio,S-2100,123.5,6.0,ytm,3.933718717821043,4.8582995951417,safe,primary,False,False,False
1835-07-11,Ohio,S-2100,121.0,6.0,ytm,4.117193543308165,4.958677685950414,safe,primary,False,False,False
1835-07-18,Ohio,S-2100,121.5,6.0,ytm,4.074938779208911,4.938271604938271,safe,primary,False,False,False
1835-08-08,Ohio,S-2100,121.0,6.0,ytm,4.110205942570067,4.958677685950414,safe,primary,False,False,False
1835-08-15,Ohio,S-2100,120.0,6.0,ytm,4.190332796843363,5.0,safe,primary,False,False,False
1835-09-12,Ohio,S-2100,118.0,6.0,ytm,4.350204117466309,5.084745762711865,safe,primary,False,False,False
1835-10-28,Ohio,S-2100,116.5,6.0,ytm,4.467745251185392,5.150214592274678,safe,primary,False,False,False
1835-10-31,Ohio,S-2100,117.25,6.0,ytm,4.402978338547567,5.11727078891258,safe,primary,False,False,False
1835-11-28,Ohio,S-2100,117.5,6.0,ytm,4.3755191168984275,5.106382978723404,safe,primary,False,False,False
1835-12-12,Ohio,S-2100,116.0,6.0,ytm,4.5015798814006835,5.172413793103448,safe,primary,False,False,False
1836-01-16,Ohio,S-2100,113.5,6.0,ytm,4.714728010681251,5.286343612334802,safe,primary,False,False,False
1836-01-30,Ohio,S-2100,111.0,6.0,ytm,4.938276782843323,5.405405405405405,safe,primary,False,False,False
1836-03-05,Ohio,S-2100,113.0,6.0,ytm,4.7509412913122295,5.3097345132743365,safe,primary,False,False,False
1836-03-09,Ohio,S-2100,113.5,6.0,ytm,4.7052132094334,5.286343612334802,safe,primary,False,False,False
1836-03-16,Ohio,S-2100,113.5,6.0,ytm,4.703941574222237,5.286343612334802,safe,primary,False,False,False
1836-03-26,Ohio,S-2100,114.5,6.0,ytm,4.612478394542423,5.240174672489083,safe,primary,False,False,False
1836-03-30,Ohio,S-2100,115.0,6.0,ytm,4.567164179104478,5.217391304347826,safe,primary,False,False,False
1836-04-09,Ohio,S-2100,114.25,6.0,ytm,4.632112995901444,5.25164113785558,safe,primary,False,False,False
1836-05-07,Ohio,S-2100,110.0,6.0,ytm,5.01675785614025,5.454545454545454,safe,primary,False,False,False
1836-05-14,Ohio,S-2100,113.0,6.0,ytm,4.738531591153346,5.3097345132743365,safe,primary,False,False,False
1836-05-21,Ohio,S-2100,113.5,6.0,ytm,4.6917758707324,5.286343612334802,safe,primary,False,False,False
1836-07-16,Ohio,S-2100,109.75,6.0,ytm,5.030502770301668,5.466970387243736,safe,primary,False,False,False
1836-07-23,Ohio,S-2100,109.5,6.0,ytm,5.0532739672092895,5.47945205479452,safe,primary,False,False,False
1836-08-06,Ohio,S-2100,109.75,6.0,ytm,5.027540664656804,5.466970387243736,safe,primary,False,False,False
1836-08-13,Ohio,S-2100,108.0,6.0,ytm,5.194549774218419,5.555555555555555,safe,primary,False,False,False
1836-08-27,Ohio,S-2100,110.0,6.0,ytm,5.000732600732601,5.454545454545454,safe,primary,False,False,False
1836-08-31,Ohio,S-2100,110.0,6.0,ytm,5.0001466404669035,5.454545454545454,safe,primary,False,False,False
1836-09-03,Ohio,S-2100,109.0,6.0,ytm,5.095428400687234,5.5045871559633035,safe,primary,False,False,False
1836-11-26,Ohio,S-2100,100.0,6.0,ytm,6.0,6.0,safe,primary,False,False,False
1837-01-07,Ohio,S-2100,108.0,6.0,ytm,5.176734905752197,5.555555555555555,safe,primary,False,False,False
1837-01-25,Ohio,S-2100,104.0,6.0,ytm,5.57914529063107,5.769230769230769,safe,primary,False,False,False
1837-02-04,Ohio,S-2100,108.0,6.0,ytm,5.173215626121863,5.555555555555555,safe,primary,False,False,False
1837-02-11,Ohio,S-2100,108.0,6.0,ytm,5.172329264107467,5.555555555555555,safe,primary,False,False,False
1837-04-08,Ohio,S-2100,107.5,6.0,ytm,5.2154349498618,5.5813953488372094,safe,primary,False,False,False
1837-04-15,Ohio,S-2100,104.0,6.0,ytm,5.573922075290064,5.769230769230769,safe,primary,False,False,False
1837-05-13,Ohio,S-2100,97.0,6.0,ytm,6.332366344385893,6.185567010309279,safe,primary,False,False,False
1837-05-17,Ohio,S-2100,104.0,6.0,ytm,5.571782051936125,5.769230769230769,safe,primary,False,False,False
1837-06-14,Ohio,S-2100,107.0,6.0,ytm,5.258207501833725,5.607476635514018,safe,primary,False,False,False
1837-08-05,Ohio,S-2100,115.0,6.0,ytm,4.45683408936965,5.217391304347826,safe,primary,False,False,False
1837-09-13,Ohio,S-2100,113.5,6.0,ytm,4.592545990093359,5.286343612334802,safe,primary,False,False,False
1837-09-23,Ohio,S-2100,112.0,6.0,ytm,4.738024991687675,5.357142857142857,safe,primary,False,False,False
1837-10-07,Ohio,S-2100,113.0,6.0,ytm,4.636163366414643,5.3097345132743365,safe,primary,False,False,False
1837-10-11,Ohio,S-2100,114.0,6.0,ytm,4.537158166842838,5.263157894736842,safe,primary,False,False,False
1837-11-01,Ohio,S-2100,113.0,6.0,ytm,4.630551083277342,5.3097345132743365,safe,primary,False,False,False
1837-11-18,Ohio,S-2100,113.75,6.0,ytm,4.552566190719627,5.274725274725275,safe,primary,False,False,False
1837-12-09,Ohio,S-2100,113.5,6.0,ytm,4.5722460642874685,5.286343612334802,safe,primary,False,False,False
1837-12-13,Ohio,S-2100,113.5,6.0,ytm,4.571293440175691,5.286343612334802,safe,primary,False,False,False
1837-12-16,Ohio,S-2100,113.5,6.0,ytm,4.5705778351797015,5.286343612334802,safe,primary,False,False,False
1838-01-05,Ohio,S-2100,112.5,6.0,ytm,4.665771126902463,5.333333333333334,safe,primary,False,False,False
1838-01-09,Ohio,S-2100,112.5,6.0,ytm,4.664873949579832,5.333333333333334,safe,primary,False,False,False
1838-01-16,Ohio,S-2100,112.0,6.0,ytm,4.713741447232014,5.357142857142857,safe,primary,False,False,False
1838-01-23,Ohio,S-2100,112.0,6.0,ytm,4.712221967438661,5.357142857142857,safe,primary,False,False,False
1838-02-24,Ohio,S-2100,108.5,6.0,ytm,5.067463700557226,5.529953917050691,safe,primary,False,False,False
1838-03-10,Ohio,S-2100,105.0,6.0,ytm,5.440748381991352,5.714285714285714,safe,primary,False,False,False
1838-03-31,Ohio,S-2100,103.0,6.0,ytm,5.659919557820397,5.825242718446602,safe,primary,False,False,False
1838-04-28,Ohio,S-2100,106.5,6.0,ytm,5.272133168507337,5.633802816901409,safe,primary,False,False,False
1838-05-12,Ohio,S-2100,108.5,6.0,ytm,5.055005854206569,5.529953917050691,safe,primary,False,False,False
1838-06-23,Ohio,S-2100,107.0,6.0,ytm,5.210334262797343,5.607476635514018,safe,primary,False,False,False
1839-01-19,Ohio,S-2100,106.5,6.0,ytm,5.2362893462469735,5.633802816901409,safe,primary,False,False,False
1839-08-03,Ohio,S-2100,99.0,6.0,ytm,6.126650603173597,6.0606060606060606,safe,primary,False,False,False
1839-11-16,Ohio,S-2100,96.0,6.0,ytm,6.5254812387242,6.25,safe,primary,False,False,False
1839-11-23,Ohio,S-2100,91.0,6.0,ytm,7.215048243549092,6.593406593406594,safe,primary,False,False,False
1839-11-30,Ohio,S-2100,90.0,6.0,ytm,7.35913732771549,6.666666666666667,safe,primary,False,False,False
1839-12-07,Ohio,S-2100,80.0,6.0,ytm,8.873481964835962,7.5,safe,primary,False,False,False
1840-01-01,Ohio,S-2100,80.0,6.0,ytm,8.888584724883657,7.5,safe,primary,False,False,False
1840-01-04,Ohio,S-2100,85.0,6.0,ytm,8.109218807848945,7.0588235294117645,safe,primary,False,False,False
1840-01-11,Ohio,S-2100,89.0,6.0,ytm,7.5162629787938595,6.741573033707865,safe,primary,False,False,False
1840-01-18,Ohio,S-2100,89.5,6.0,ytm,7.4456621123853814,6.70391061452514,safe,primary,False,False,False
1840-01-25,Ohio,S-2100,90.0,6.0,ytm,7.375237487491117,6.666666666666667,safe,primary,False,False,False
1840-02-01,Ohio,S-2100,93.0,6.0,ytm,6.949113506121199,6.451612903225806,safe,primary,False,False,False
1840-02-08,Ohio,S-2100,99.0,6.0,ytm,6.131695823515919,6.0606060606060606,safe,primary,False,False,False
1840-02-15,Ohio,S-2100,90.0,6.0,ytm,7.381403897771034,6.666666666666667,safe,primary,False,False,False
1840-02-22,Ohio,S-2100,95.0,6.0,ytm,6.674000811740329,6.315789473684211,safe,primary,False,False,False
1840-03-21,Ohio,S-2100,97.0,6.0,ytm,6.402715799971872,6.185567010309279,safe,primary,False,False,False
1840-03-28,Ohio,S-2100,93.0,6.0,ytm,6.960600838663369,6.451612903225806,safe,primary,False,False,False
1840-04-04,Ohio,S-2100,90.0,6.0,ytm,7.396075183744695,6.666666666666667,safe,primary,False,False,False
1840-04-11,Ohio,S-2100,96.5,6.0,ytm,6.473183584347707,6.217616580310881,safe,primary,False,False,False
1840-04-25,Ohio,S-2100,97.0,6.0,ytm,6.405795812254479,6.185567010309279,safe,primary,False,False,False
1840-05-02,Ohio,S-2100,98.5,6.0,ytm,6.201673982224372,6.091370558375635,safe,primary,False,False,False
1840-05-16,Ohio,S-2100,95.0,6.0,ytm,6.68642418144835,6.315789473684211,safe,primary,False,False,False
1840-05-23,Ohio,S-2100,96.0,6.0,ytm,6.547182975754405,6.25,safe,primary,False,False,False
1840-06-13,Ohio,S-2100,99.5,6.0,ytm,6.067511857890643,6.030150753768844,safe,primary,False,False,False
1840-06-20,Ohio,S-2100,98.0,6.0,ytm,6.272518406349538,6.122448979591836,safe,primary,False,False,False
1840-06-27,Ohio,S-2100,98.0,6.0,ytm,6.272945280139525,6.122448979591836,safe,primary,False,False,False
1840-07-01,Ohio,S-2100,98.0,6.0,ytm,6.2731899810551495,6.122448979591836,safe,primary,False,False,False
1840-07-04,Ohio,S-2100,99.0,6.0,ytm,6.136000069551912,6.0606060606060606,safe,primary,False,False,False
1840-07-11,Ohio,S-2100,97.0,6.0,ytm,6.4127911155046,6.185567010309279,safe,primary,False,False,False
1840-07-18,Ohio,S-2100,80.0,6.0,ytm,9.016599112140513,7.5,safe,primary,False,False,False
1840-08-22,Ohio,S-2100,96.5,6.0,ytm,6.487433270296881,6.217616580310881,safe,primary,False,False,False
1840-09-26,Ohio,S-2100,96.75,6.0,ytm,6.4556917822415665,6.2015503875969,safe,primary,False,False,False
1840-10-03,Ohio,S-2100,96.0,6.0,ytm,6.563910728638509,6.25,safe,primary,False,False,False
1840-12-30,Ohio,S-2100,88.0,6.0,ytm,7.800663721107755,6.8181818181818175,safe,primary,False,False,False
1841-01-09,Ohio,S-2100,96.5,6.0,ytm,6.503681768552598,6.217616580310881,safe,primary,False,False,False
1841-01-30,Ohio,S-2100,96.75,6.0,ytm,6.469482216777703,6.2015503875969,safe,primary,False,False,False
1841-02-20,Ohio,S-2100,90.0,6.0,ytm,7.50353641285791,6.666666666666667,safe,primary,False,False,False
1841-03-31,Ohio,S-2100,90.0,6.0,ytm,7.518021131628321,6.666666666666667,safe,primary,False,False,False
1841-04-03,Ohio,S-2100,92.5,6.0,ytm,7.1245655752698,6.486486486486487,safe,primary,False,False,False
1841-04-10,Ohio,S-2100,94.0,6.0,ytm,6.89424905250359,6.382978723404255,safe,primary,False,False,False
1841-04-24,Ohio,S-2100,91.0,6.0,ytm,7.367204742723107,6.593406593406594,safe,primary,False,False,False
1841-05-22,Ohio,S-2100,96.0,6.0,ytm,6.596325752169909,6.25,safe,primary,False,False,False
1841-06-19,Ohio,S-2100,93.5,6.0,ytm,6.988553584836235,6.417112299465241,safe,primary,False,False,False
1841-06-26,Ohio,S-2100,93.0,6.0,ytm,7.069266167352017,6.451612903225806,safe,primary,False,False,False
1841-09-18,Ohio,S-2100,93.0,6.0,ytm,7.092899654405686,6.451612903225806,safe,primary,False,False,False
1841-09-25,Ohio,S-2100,93.0,6.0,ytm,7.094928456233057,6.451612903225806,safe,primary,False,False,False
1841-10-02,Ohio,S-2100,94.0,6.0,ytm,6.935410472146472,6.382978723404255,safe,primary,False,False,False
1841-10-16,Ohio,S-2100,90.0,6.0,ytm,7.59779575648023,6.666666666666667,safe,primary,False,False,False
1841-11-20,Ohio,S-2100,88.25,6.0,ytm,7.912815673876692,6.79886685552408,safe,primary,False,False,False
1842-01-22,Ohio,S-2100,68.0,6.0,ytm,11.93923277687497,8.823529411764707,safe,primary,False,False,False
1842-02-19,Ohio,S-2100,69.0,6.0,ytm,11.764602903589221,8.695652173913043,safe,primary,False,False,False
1842-03-12,Ohio,S-2100,52.0,6.0,ytm,15.983243522551119,11.538461538461538,safe,primary,False,False,False
1842-03-19,Ohio,S-2100,53.0,6.0,ytm,15.730728143630039,11.320754716981133,safe,primary,False,False,False
1842-03-26,Ohio,S-2100,52.0,6.0,ytm,16.023144542116388,11.538461538461538,safe,primary,False,False,False
1842-04-09,Ohio,S-2100,58.0,6.0,ytm,14.471124538315344,10.344827586206897,safe,primary,False,False,False
1842-04-23,Ohio,S-2100,69.0,6.0,ytm,11.869169702457413,8.695652173913043,safe,primary,False,False,False
1842-04-30,Ohio,S-2100,69.0,6.0,ytm,11.881078388117547,8.695652173913043,safe,primary,False,False,False
1842-05-07,Ohio,S-2100,71.0,6.0,ytm,11.448372361518963,8.450704225352112,safe,primary,False,False,False
1842-05-14,Ohio,S-2100,73.5,6.0,ytm,10.916961756922781,8.16326530612245,safe,primary,False,False,False
1842-05-21,Ohio,S-2100,74.5,6.0,ytm,10.713932587509964,8.053691275167784,safe,primary,False,False,False
1842-05-28,Ohio,S-2100,76.0,6.0,ytm,10.407862407862408,7.894736842105263,safe,primary,False,False,False
1842-06-04,Ohio,S-2100,78.0,6.0,ytm,10.003369162823928,7.6923076923076925,safe,primary,False,False,False
1842-06-11,Ohio,S-2100,80.0,6.0,ytm,9.60642279367379,7.5,safe,primary,False,False,False
1842-07-16,Ohio,S-2100,70.0,6.0,ytm,11.787795088688448,8.571428571428571,safe,primary,False,False,False
1842-07-23,Ohio,S-2100,73.5,6.0,ytm,11.019954573059895,8.16326530612245,safe,primary,False,False,False
1842-07-30,Ohio,S-2100,75.0,6.0,ytm,10.705120101137801,8.0,safe,primary,False,False,False
1842-08-20,Ohio,S-2100,70.0,6.0,ytm,11.849301593547118,8.571428571428571,safe,primary,False,False,False
1842-08-27,Ohio,S-2100,71.0,6.0,ytm,11.633265354145424,8.450704225352112,safe,primary,False,False,False
1842-09-03,Ohio,S-2100,71.0,6.0,ytm,11.64533485375748,8.450704225352112,safe,primary,False,False,False
1842-09-10,Ohio,S-2100,73.25,6.0,ytm,11.150753117045252,8.19112627986348,safe,primary,False,False,False
1842-09-17,Ohio,S-2100,73.0,6.0,ytm,11.217627995719548,8.21917808219178,safe,primary,False,False,False
1842-09-24,Ohio,S-2100,72.0,6.0,ytm,11.454101288876435,8.333333333333332,safe,primary,False,False,False
1842-10-01,Ohio,S-2100,72.5,6.0,ytm,11.352766425394325,8.275862068965518,safe,primary,False,False,False
1842-10-15,Ohio,S-2100,71.0,6.0,ytm,11.719098505276474,8.450704225352112,safe,primary,False,False,False
1842-10-22,Ohio,S-2100,70.5,6.0,ytm,11.847540807991539,8.51063829787234,safe,primary,False,False,False
1842-10-29,Ohio,S-2100,70.0,6.0,ytm,11.977242633031846,8.571428571428571,safe,primary,False,False,False
1842-11-05,Ohio,S-2100,67.0,6.0,ytm,12.70782841356308,8.955223880597014,safe,primary,False,False,False
1842-11-12,Ohio,S-2100,72.0,6.0,ytm,11.538255680145584,8.333333333333332,safe,primary,False,False,False
1842-11-19,Ohio,S-2100,71.25,6.0,ytm,11.724171813587873,8.421052631578947,safe,primary,False,False,False
1842-11-26,Ohio,S-2100,71.0,6.0,ytm,11.79525172360133,8.450704225352112,safe,primary,False,False,False
1842-12-17,Ohio,S-2100,70.0,6.0,ytm,12.070945018754003,8.571428571428571,safe,primary,False,False,False
1842-12-24,Ohio,S-2100,71.5,6.0,ytm,11.72983479105928,8.391608391608392,safe,primary,False,False,False
1842-12-31,Ohio,S-2100,70.0,6.0,ytm,12.098376488984961,8.571428571428571,safe,primary,False,False,False
1843-01-07,Ohio,S-2100,72.0,6.0,ytm,11.638390781544858,8.333333333333332,safe,primary,False,False,False
1843-01-14,Ohio,S-2100,70.0,6.0,ytm,12.12610987791343,8.571428571428571,safe,primary,False,False,False
1843-01-21,Ohio,S-2100,93.0,6.0,ytm,7.261953145263571,6.451612903225806,safe,primary,False,False,False
1843-01-28,Ohio,S-2100,67.0,6.0,ytm,12.891174173392345,8.955223880597014,safe,primary,False,False,False
1843-02-11,Ohio,S-2100,68.25,6.0,ytm,12.611205077991197,8.791208791208792,safe,primary,False,False,False
1843-02-18,Ohio,S-2100,68.0,6.0,ytm,12.688606730057506,8.823529411764707,safe,primary,False,False,False
1843-03-04,Ohio,S-2100,69.0,6.0,ytm,12.471214618586284,8.695652173913043,safe,primary,False,False,False
1843-03-11,Ohio,S-2100,70.5,6.0,ytm,12.118167202572346,8.51063829787234,safe,primary,False,False,False
1843-03-25,Ohio,S-2100,70.0,6.0,ytm,12.269484996909032,8.571428571428571,safe,primary,False,False,False
1843-04-01,Ohio,S-2100,68.0,6.0,ytm,12.783021599397765,8.823529411764707,safe,primary,False,False,False
1843-04-08,Ohio,S-2100,68.0,6.0,ytm,12.799070847851334,8.823529411764707,safe,primary,False,False,False
1843-04-22,Ohio,S-2100,69.25,6.0,ytm,12.516108655979497,8.664259927797833,safe,primary,False,False,False
1843-04-29,Ohio,S-2100,77.0,6.0,ytm,10.67157281742309,7.792207792207792,safe,primary,False,False,False
1843-05-13,Ohio,S-2100,85.0,6.0,ytm,8.928949568124827,7.0588235294117645,safe,primary,False,False,False
1843-05-20,Ohio,S-2100,85.5,6.0,ytm,8.83050303318106,7.017543859649122,safe,primary,False,False,False
1843-06-03,Ohio,S-2100,89.0,6.0,ytm,8.117753479650318,6.741573033707865,safe,primary,False,False,False
1843-06-10,Ohio,S-2100,92.0,6.0,ytm,7.5198164372131835,6.521739130434782,safe,primary,False,False,False
1843-06-17,Ohio,S-2100,90.0,6.0,ytm,7.924465976657123,6.666666666666667,safe,primary,False,False,False
1843-06-24,Ohio,S-2100,87.0,6.0,ytm,8.548183321701625,6.896551724137931,safe,primary,False,False,False
1843-07-01,Ohio,S-2100,90.0,6.0,ytm,7.9339447102605005,6.666666666666667,safe,primary,False,False,False
1843-07-15,Ohio,S-2100,90.0,6.0,ytm,7.943535808191095,6.666666666666667,safe,primary,False,False,False
1843-08-05,Ohio,S-2100,89.0,6.0,ytm,8.165347870602035,6.741573033707865,safe,primary,False,False,False
1843-08-19,Ohio,S-2100,89.0,6.0,ytm,8.176274377391696,6.741573033707865,safe,primary,False,False,False
1843-08-26,Ohio,S-2100,89.25,6.0,ytm,8.129384366601377,6.722689075630252,safe,primary,False,False,False
1843-09-09,Ohio,S-2100,91.0,6.0,ytm,7.7754140121604,6.593406593406594,safe,primary,False,False,False
1843-09-16,Ohio,S-2100,93.25,6.0,ytm,7.319426242468883,6.434316353887399,safe,primary,False,False,False
1843-09-23,Ohio,S-2100,96.0,6.0,ytm,6.772892403034512,6.25,safe,primary,False,False,False
1843-09-30,Ohio,S-2100,95.0,6.0,ytm,6.97357347247938,6.315789473684211,safe,primary,False,False,False
1843-10-14,Ohio,S-2100,95.25,6.0,ytm,6.9285051004960945,6.299212598425196,safe,primary,False,False,False
1843-10-21,Ohio,S-2100,96.0,6.0,ytm,6.780936756327972,6.25,safe,primary,False,False,False
1850-01-05,Ohio,S-2100,101.25,6.0,,,5.9259259259259265,safe,primary,False,True,False
1850-01-12,Ohio,S-2100,101.0,6.0,,,5.9405940594059405,safe,primary,False,True,False
1850-02-02,Ohio,S-2100,101.5,6.0,,,5.911330049261084,safe,primary,False,True,False
1850-02-16,Ohio,S-2100,102.0,6.0,,,5.88235294117647,safe,primary,False,True,False
1850-03-02,Ohio,S-2100,103.5,6.0,,,5.797101449275362,safe,primary,False,True,False
1850-03-09,Ohio,S-2100,104.0,6.0,,,5.769230769230769,safe,primary,False,True,False
1850-03-16,Ohio,S-2100,105.5,6.0,,,5.687203791469194,safe,primary,False,True,False
1850-03-30,Ohio,S-2100,103.0,6.0,,,5.825242718446602,safe,primary,False,True,False
1850-04-06,Ohio,S-2100,104.0,6.0,,,5.769230769230769,safe,primary,False,True,False
1850-04-13,Ohio,S-2100,104.0,6.0,,,5.769230769230769,safe,primary,False,True,False
1850-04-24,Ohio,S-2100,103.0,6.0,,,5.825242718446602,safe,primary,False,True,False
1850-05-01,Ohio,S-2100,102.0,6.0,,,5.88235294117647,safe,primary,False,True,False
1850-05-08,Ohio,S-2100,102.75,6.0,,,5.839416058394161,safe,primary,False,True,False
1850-05-15,Ohio,S-2100,103.0,6.0,,,5.825242718446602,safe,primary,False,True,False
1850-05-22,Ohio,S-2100,102.5,6.0,,,5.853658536585367,safe,primary,False,True,False
1850-06-08,Ohio,S-2100,102.5,6.0,,,5.853658536585367,safe,primary,False,True,False
1850-06-15,Ohio,S-2100,102.75,6.0,,,5.839416058394161,safe,primary,False,True,False
1850-07-06,Ohio,S-2100,100.0,6.0,,,6.0,safe,primary,False,True,False
1850-07-13,Ohio,S-2100,100.5,6.0,,,5.970149253731343,safe,primary,False,True,False
1850-07-27,Ohio,S-2100,101.0,6.0,,,5.9405940594059405,safe,primary,False,True,False
1850-08-24,Ohio,S-2100,100.5,6.0,,,5.970149253731343,safe,primary,False,True,False
1850-10-05,Ohio,S-2100,101.5,6.0,,,5.911330049261084,safe,primary,False,True,False
1850-10-23,Ohio,S-2100,101.5,6.0,,,5.911330049261084,safe,primary,False,True,False
1850-10-30,Ohio,S-2100,101.75,6.0,,,5.896805896805897,safe,primary,False,True,False
1850-11-06,Ohio,S-2100,102.0,6.0,,,5.88235294117647,safe,primary,False,True,False
1850-11-13,Ohio,S-2100,102.0,6.0,,,5.88235294117647,safe,primary,False,True,False
1850-12-25,Ohio,S-2100,106.0,6.0,,,5.660377358490567,safe,primary,False,True,False
1851-04-02,Ohio,S-2100,106.0,6.0,,,5.660377358490567,safe,primary,False,True,False
1851-04-21,Ohio,S-2100,106.0,6.0,,,5.660377358490567,safe,primary,False,True,False
1840-09-30,Ohio,S-2110,96.75,6.0,ytm,6.3157091646087915,6.2015503875969,safe,primary,False,False,False
1840-10-31,Ohio,S-2110,100.0,6.0,ytm,6.0,6.0,safe,primary,False,False,False
1840-11-07,Ohio,S-2110,97.0,6.0,ytm,6.292425419793192,6.185567010309279,safe,primary,False,False,False
1840-12-05,Ohio,S-2110,98.5,6.0,ytm,6.145615275327902,6.091370558375635,safe,primary,False,False,False
1840-12-19,Ohio,S-2110,95.5,6.0,ytm,6.444328105372149,6.282722513089005,safe,primary,False,False,False
1841-01-16,Ohio,S-2110,96.5,6.0,ytm,6.345044316169987,6.217616580310881,safe,primary,False,False,False
1841-02-06,Ohio,S-2110,96.5,6.0,ytm,6.345963400299059,6.217616580310881,safe,primary,False,False,False
1841-06-19,Ohio,S-2110,94.0,6.0,ytm,6.611123301609988,6.382978723404255,safe,primary,False,False,False
1841-07-03,Ohio,S-2110,94.75,6.0,ytm,6.533654318204134,6.33245382585752,safe,primary,False,False,False
1841-07-10,Ohio,S-2110,94.25,6.0,ytm,6.586523577824637,6.36604774535809,safe,primary,False,False,False
1841-10-16,Ohio,S-2110,90.25,6.0,ytm,7.028818181127662,6.64819944598338,safe,primary,False,False,False
1841-11-27,Ohio,S-2110,86.0,6.0,ytm,7.519675664836954,6.976744186046512,safe,primary,False,False,False
1841-12-11,Ohio,S-2110,81.0,6.0,ytm,8.123451715031626,7.4074074074074066,safe,primary,False,False,False
1842-01-22,Ohio,S-2110,69.0,6.0,ytm,9.732112560833329,8.695652173913043,safe,primary,False,False,False
1842-01-29,Ohio,S-2110,70.0,6.0,ytm,9.593961478396668,8.571428571428571,safe,primary,False,False,False
1842-02-05,Ohio,S-2110,67.0,6.0,ytm,10.028289226981249,8.955223880597014,safe,primary,False,False,False
1842-03-12,Ohio,S-2110,50.0,6.0,ytm,12.828475114019433,12.0,safe,primary,False,False,False
1842-03-19,Ohio,S-2110,59.0,6.0,ytm,11.287597224511817,10.16949152542373,safe,primary,False,False,False
1842-04-09,Ohio,S-2110,57.0,6.0,ytm,11.632808580627545,10.526315789473683,safe,primary,False,False,False
1842-04-16,Ohio,S-2110,62.5,6.0,ytm,10.750768001966085,9.6,safe,primary,False,False,False
1842-04-23,Ohio,S-2110,69.0,6.0,ytm,9.779996663389214,8.695652173913043,safe,primary,False,False,False
1842-05-07,Ohio,S-2110,70.0,6.0,ytm,9.643779709597897,8.571428571428571,safe,primary,False,False,False
1842-05-14,Ohio,S-2110,73.0,6.0,ytm,9.225746918309074,8.21917808219178,safe,primary,False,False,False
1842-05-21,Ohio,S-2110,74.0,6.0,ytm,9.091507935957619,8.108108108108109,safe,primary,False,False,False
1842-06-04,Ohio,S-2110,78.0,6.0,ytm,8.56223278071195,7.6923076923076925,safe,primary,False,False,False
1842-06-11,Ohio,S-2110,80.0,6.0,ytm,8.305735056542812,7.5,safe,primary,False,False,False
1842-07-09,Ohio,S-2110,72.5,6.0,ytm,9.32160138452301,8.275862068965518,safe,primary,False,False,False
1842-07-23,Ohio,S-2110,73.5,6.0,ytm,9.188828304289899,8.16326530612245,safe,primary,False,False,False
1842-07-30,Ohio,S-2110,74.0,6.0,ytm,9.122845267148193,8.108108108108109,safe,primary,False,False,False
1842-09-03,Ohio,S-2110,72.0,6.0,ytm,9.419607880606142,8.333333333333332,safe,primary,False,False,False
1842-09-10,Ohio,S-2110,73.25,6.0,ytm,9.246712281067351,8.19112627986348,safe,primary,False,False,False
1842-09-17,Ohio,S-2110,72.625,6.0,ytm,9.338036338118686,8.261617900172118,safe,primary,False,False,False
1842-10-08,Ohio,S-2110,70.0,6.0,ytm,9.72614744221711,8.571428571428571,safe,primary,False,False,False
1842-10-15,Ohio,S-2110,71.0,6.0,ytm,9.5845965930159,8.450704225352112,safe,primary,False,False,False
1842-10-22,Ohio,S-2110,71.0,6.0,ytm,9.588325451520479,8.450704225352112,safe,primary,False,False,False
1842-11-05,Ohio,S-2110,68.0,6.0,ytm,10.03865021554928,8.823529411764707,safe,primary,False,False,False
1842-11-19,Ohio,S-2110,70.5,6.0,ytm,9.676225767889573,8.51063829787234,safe,primary,False,False,False
1842-11-26,Ohio,S-2110,70.0,6.0,ytm,9.753467440487901,8.571428571428571,safe,primary,False,False,False
1842-12-17,Ohio,S-2110,68.0,6.0,ytm,10.064185237395398,8.823529411764707,safe,primary,False,False,False
1842-12-24,Ohio,S-2110,69.0,6.0,ytm,9.918023200840047,8.695652173913043,safe,primary,False,False,False
1843-01-07,Ohio,S-2110,67.0,6.0,ytm,10.229709286614456,8.955223880597014,safe,primary,False,False,False
1843-01-14,Ohio,S-2110,66.75,6.0,ytm,10.272683088234128,8.98876404494382,safe,primary,False,False,False
1843-01-21,Ohio,S-2110,62.0,6.0,ytm,11.031600551482109,9.67741935483871,safe,primary,False,False,False
1843-01-28,Ohio,S-2110,65.0,6.0,ytm,10.554967167972888,9.230769230769232,safe,primary,False,False,False
1843-02-04,Ohio,S-2110,67.0,6.0,ytm,10.247790375972706,8.955223880597014,safe,primary,False,False,False
1843-02-11,Ohio,S-2110,66.0,6.0,ytm,10.407595967042166,9.090909090909092,safe,primary,False,False,False
1843-02-18,Ohio,S-2110,66.0,6.0,ytm,10.412330171750833,9.090909090909092,safe,primary,False,False,False
1843-03-11,Ohio,S-2110,70.75,6.0,ytm,9.702255209016204,8.480565371024735,safe,primary,False,False,False
1843-03-25,Ohio,S-2110,69.5,6.0,ytm,9.897371690900986,8.633093525179856,safe,primary,False,False,False
1843-04-15,Ohio,S-2110,67.0,6.0,ytm,10.293946989741446,8.955223880597014,safe,primary,False,False,False
1843-04-22,Ohio,S-2110,69.0,6.0,ytm,9.990327351519102,8.695652173913043,safe,primary,False,False,False
1843-04-29,Ohio,S-2110,77.0,6.0,ytm,8.82984954423985,7.792207792207792,safe,primary,False,False,False
1843-05-13,Ohio,S-2110,87.0,6.0,ytm,7.517273097989786,6.896551724137931,safe,primary,False,False,False
1843-05-20,Ohio,S-2110,86.0,6.0,ytm,7.644580379201981,6.976744186046512,safe,primary,False,False,False
1843-06-03,Ohio,S-2110,88.0,6.0,ytm,7.397726483457968,6.8181818181818175,safe,primary,False,False,False
1843-06-10,Ohio,S-2110,92.0,6.0,ytm,6.913415431560593,6.521739130434782,safe,primary,False,False,False
1843-06-17,Ohio,S-2110,88.5,6.0,ytm,7.3388989349967595,6.779661016949152,safe,primary,False,False,False
1843-06-24,Ohio,S-2110,87.75,6.0,ytm,7.433507982651902,6.837606837606838,safe,primary,False,False,False
1843-07-01,Ohio,S-2110,90.0,6.0,ytm,7.157641201756307,6.666666666666667,safe,primary,False,False,False
1843-07-08,Ohio,S-2110,89.0,6.0,ytm,7.281571985519355,6.741573033707865,safe,primary,False,False,False
1843-08-05,Ohio,S-2110,89.5,6.0,ytm,7.225575037202468,6.70391061452514,safe,primary,False,False,False
1843-08-12,Ohio,S-2110,88.5,6.0,ytm,7.3509386403270955,6.779661016949152,safe,primary,False,False,False
1843-08-19,Ohio,S-2110,89.0,6.0,ytm,7.2902393951530735,6.741573033707865,safe,primary,False,False,False
1843-08-26,Ohio,S-2110,90.0,6.0,ytm,7.168092032341995,6.666666666666667,safe,primary,False,False,False
1843-09-02,Ohio,S-2110,91.0,6.0,ytm,7.04696465271126,6.593406593406594,safe,primary,False,False,False
1843-09-16,Ohio,S-2110,93.0,6.0,ytm,6.8077016282585365,6.451612903225806,safe,primary,False,False,False
1843-09-23,Ohio,S-2110,93.25,6.0,ytm,6.7787349016364535,6.434316353887399,safe,primary,False,False,False
1843-09-30,Ohio,S-2110,95.0,6.0,ytm,6.572317316285145,6.315789473684211,safe,primary,False,False,False
1850-01-05,Ohio,S-2110,103.0,6.0,ytm,5.41770560927649,5.825242718446602,safe,primary,False,False,False
1850-01-12,Ohio,S-2110,103.0,6.0,ytm,5.416120576671036,5.825242718446602,safe,primary,False,False,False
1850-01-26,Ohio,S-2110,104.0,6.0,ytm,5.221063494649937,5.769230769230769,safe,primary,False,False,False
1850-02-02,Ohio,S-2110,104.5,6.0,ytm,5.123432812664561,5.741626794258373,safe,primary,False,False,False
1850-02-16,Ohio,S-2110,104.5,6.0,ytm,5.11857335818216,5.741626794258373,safe,primary,False,False,False
1850-03-02,Ohio,S-2110,106.0,6.0,ytm,4.826805410650909,5.660377358490567,safe,primary,False,False,False
1850-03-09,Ohio,S-2110,106.0,6.0,ytm,4.823514892216554,5.660377358490567,safe,primary,False,False,False
1850-03-16,Ohio,S-2110,106.5,6.0,ytm,4.724980870870081,5.633802816901409,safe,primary,False,False,False
1850-04-13,Ohio,S-2110,106.0,6.0,ytm,4.806731515520503,5.660377358490567,safe,primary,False,False,False
1850-04-24,Ohio,S-2110,104.0,6.0,ytm,5.19305893676046,5.769230769230769,safe,primary,False,False,False
1850-05-22,Ohio,S-2110,108.5,6.0,ytm,4.302684681523074,5.529953917050691,safe,primary,False,False,False
1850-06-01,Ohio,S-2110,110.0,6.0,ytm,4.009103641456583,5.454545454545454,safe,primary,False,False,False
1850-06-08,Ohio,S-2110,109.75,6.0,ytm,4.05083113138577,5.466970387243736,safe,primary,False,False,False
1850-07-03,Ohio,S-2110,107.0,6.0,ytm,4.566877417864773,5.607476635514018,safe,primary,False,False,False
1850-07-06,Ohio,S-2110,106.5,6.0,ytm,4.664307753618376,5.633802816901409,safe,primary,False,False,False
1850-07-27,Ohio,S-2110,105.0,6.0,ytm,4.955620574350905,5.714285714285714,safe,primary,False,False,False
1850-08-17,Ohio,S-2110,104.0,6.0,ytm,5.152677474453867,5.769230769230769,safe,primary,False,False,False
1850-09-04,Ohio,S-2110,106.0,6.0,ytm,4.731325030573789,5.660377358490567,safe,primary,False,False,False
1850-09-28,Ohio,S-2110,106.75,6.0,ytm,4.562598706966281,5.620608899297424,safe,primary,False,False,False
1850-10-05,Ohio,S-2110,106.0,6.0,ytm,4.713607450467175,5.660377358490567,safe,primary,False,False,False
1851-01-22,Ohio,S-2110,106.5,6.0,ytm,4.537235148531454,5.633802816901409,safe,primary,False,False,False
1851-02-08,Ohio,S-2110,105.5,6.0,ytm,4.745954375479678,5.687203791469194,safe,primary,False,False,False
1851-02-19,Ohio,S-2110,105.5,6.0,ytm,4.739185619986117,5.687203791469194,safe,primary,False,False,False
1851-02-26,Ohio,S-2110,109.0,6.0,ytm,3.9643986700186518,5.5045871559633035,safe,primary,False,False,False
1851-03-05,Ohio,S-2110,106.0,6.0,ytm,4.618396488774099,5.660377358490567,safe,primary,False,False,False
1851-04-23,Ohio,S-2110,106.0,6.0,ytm,4.583895050469577,5.660377358490567,safe,primary,False,False,False
1851-05-07,Ohio,S-2110,106.5,6.0,ytm,4.4585529126905,5.633802816901409,safe,primary,False,False,False
1851-05-10,Ohio,S-2110,106.5,6.0,ytm,4.4561617781557255,5.633802816901409,safe,primary,False,False,False
1851-05-21,Ohio,S-2110,107.0,6.0,ytm,4.331923599291694,5.607476635514018,safe,primary,False,False,False
1851-05-24,Ohio,S-2110,107.0,6.0,ytm,4.329311874068907,5.607476635514018,safe,primary,False,False,False
1851-06-07,Ohio,S-2110,107.0,6.0,ytm,4.316999678710675,5.607476635514018,safe,primary,False,False,False
1851-06-28,Ohio,S-2110,105.0,6.0,ytm,4.772525455837083,5.714285714285714,safe,primary,False,False,False
1851-07-19,Ohio,S-2110,104.5,6.0,ytm,4.879982207341575,5.741626794258373,safe,primary,False,False,False
1851-07-30,Ohio,S-2110,105.0,6.0,ytm,4.751116879980681,5.714285714285714,safe,primary,False,False,False
1851-09-13,Ohio,S-2110,105.0,6.0,ytm,4.719535483069662,5.714285714285714,safe,primary,False,False,False
1851-09-24,Ohio,S-2110,105.0,6.0,ytm,4.711538461538463,5.714285714285714,safe,primary,False,False,False
1851-10-08,Ohio,S-2110,104.0,6.0,ytm,4.955863328513812,5.769230769230769,safe,primary,False,False,False
1851-10-22,Ohio,S-2110,104.0,6.0,ytm,4.947396713254493,5.769230769230769,safe,primary,False,False,False
1851-11-08,Ohio,S-2110,106.0,6.0,ytm,4.420840142266655,5.660377358490567,safe,primary,False,False,False
1851-11-22,Ohio,S-2110,106.0,6.0,ytm,4.407741117572104,5.660377358490567,safe,primary,False,False,False
1851-12-03,Ohio,S-2110,102.0,6.0,ytm,5.4551797461625355,5.88235294117647,safe,primary,False,False,False
1851-12-06,Ohio,S-2110,102.5,6.0,ytm,5.319435104236718,5.853658536585367,safe,primary,False,False,False
1851-12-17,Ohio,S-2110,104.5,6.0,ytm,4.778907507901485,5.741626794258373,safe,primary,False,False,False
1851-12-31,Ohio,S-2110,104.5,6.0,ytm,4.768478722585867,5.741626794258373,safe,primary,False,False,False
1852-01-03,Ohio,S-2110,104.0,6.0,ytm,4.900616860863606,5.769230769230769,safe,primary,False,False,False
1852-01-24,Ohio,S-2110,104.5,6.0,ytm,4.750128370359539,5.741626794258373,safe,primary,False,False,False
1852-01-31,Ohio,S-2110,104.75,6.0,ytm,4.676537066474173,5.727923627684964,safe,primary,False,False,False
1852-02-07,Ohio,S-2110,105.0,6.0,ytm,4.602459577966566,5.714285714285714,safe,primary,False,False,False
1852-02-11,Ohio,S-2110,104.75,6.0,ytm,4.667363153278646,5.727923627684964,safe,primary,False,False,False
1852-02-21,Ohio,S-2110,103.0,6.0,ytm,5.145687034902002,5.825242718446602,safe,primary,False,False,False
1852-02-25,Ohio,S-2110,104.5,6.0,ytm,4.724686725072775,5.741626794258373,safe,primary,False,False,False
1852-03-10,Ohio,S-2110,105.75,6.0,ytm,4.365729878074329,5.673758865248227,safe,primary,False,False,False
1852-04-03,Ohio,S-2110,106.0,6.0,ytm,4.269928461931528,5.660377358490567,safe,primary,False,False,False
1852-04-21,Ohio,S-2110,106.0,6.0,ytm,4.249190938511327,5.660377358490567,safe,primary,False,False,False
1852-05-01,Ohio,S-2110,105.125,6.0,ytm,4.488048787142896,5.707491082045184,safe,primary,False,False,False
1852-05-22,Ohio,S-2110,105.5,6.0,ytm,4.357149576930101,5.687203791469194,safe,primary,False,False,False
1852-05-29,Ohio,S-2110,105.75,6.0,ytm,4.276303603710399,5.673758865248227,safe,primary,False,False,False
1852-06-12,Ohio,S-2110,103.0,6.0,ytm,5.079622306390278,5.825242718446602,safe,primary,False,False,False
1852-06-16,Ohio,S-2110,103.0,6.0,ytm,5.07705133964261,5.825242718446602,safe,primary,False,False,False
1852-06-26,Ohio,S-2110,103.5,6.0,ytm,4.918310408964614,5.797101449275362,safe,primary,False,False,False
1852-07-24,Ohio,S-2110,104.5,6.0,ytm,4.58814803855917,5.741626794258373,safe,primary,False,False,False
1852-08-07,Ohio,S-2110,105.25,6.0,ytm,4.342089004218963,5.7007125890736345,safe,primary,False,False,False
1852-08-11,Ohio,S-2110,108.0,6.0,ytm,3.4997514601714923,5.555555555555555,safe,primary,False,False,False
1852-08-21,Ohio,S-2110,105.5,6.0,ytm,4.247307353955158,5.687203791469194,safe,primary,False,False,False
1852-09-04,Ohio,S-2110,105.0,6.0,ytm,4.386024832241732,5.714285714285714,safe,primary,False,False,False
1852-09-22,Ohio,S-2110,105.5,6.0,ytm,4.204709127749433,5.687203791469194,safe,primary,False,False,False
1852-10-06,Ohio,S-2110,106.25,6.0,ytm,3.9453930164590068,5.647058823529412,safe,primary,False,False,False
1852-10-30,Ohio,S-2110,106.25,6.0,ytm,3.906578740775632,5.647058823529412,safe,primary,False,False,False
1852-11-13,Ohio,S-2110,106.0,6.0,ytm,3.9653914047117924,5.660377358490567,safe,primary,False,False,False
1852-11-20,Ohio,S-2110,106.75,6.0,ytm,3.706533772768024,5.620608899297424,safe,primary,False,False,False
1852-11-27,Ohio,S-2110,107.0,6.0,ytm,3.6110042323970757,5.607476635514018,safe,primary,False,False,False
1852-12-01,Ohio,S-2110,107.5,6.0,ytm,3.438228937062638,5.5813953488372094,safe,primary,False,False,False
1852-12-15,Ohio,S-2110,107.75,6.0,ytm,3.325552554346414,5.56844547563805,safe,primary,False,False,False
1852-12-25,Ohio,S-2110,109.0,6.0,ytm,2.8870952335466615,5.5045871559633035,safe,primary,False,False,False
1853-01-08,Ohio,S-2110,105.0,6.0,ytm,4.216059899569584,5.714285714285714,safe,primary,False,False,False
1853-01-12,Ohio,S-2110,114.0,6.0,ytm,1.1988309135427808,5.263157894736842,safe,primary,False,False,False
1853-01-15,Ohio,S-2110,106.0,6.0,ytm,3.8570004400815496,5.660377358490567,safe,primary,False,False,False
1853-01-22,Ohio,S-2110,104.5,6.0,ytm,4.371269344770594,5.741626794258373,safe,primary,False,False,False
1853-02-05,Ohio,S-2110,104.5,6.0,ytm,4.351501591548646,5.741626794258373,safe,primary,False,False,False
1853-02-09,Ohio,S-2110,104.0,6.0,ytm,4.525958110516934,5.769230769230769,safe,primary,False,False,False
1853-03-23,Ohio,S-2110,104.5,6.0,ytm,4.282707136760174,5.741626794258373,safe,primary,False,False,False
1853-03-26,Ohio,S-2110,100.5,6.0,ytm,5.804849893071476,5.970149253731343,safe,primary,False,False,False
1853-05-04,Ohio,S-2110,103.0,6.0,ytm,4.800675059295749,5.825242718446602,safe,primary,False,False,False
1853-05-07,Ohio,S-2110,103.0,6.0,ytm,4.797236498955299,5.825242718446602,safe,primary,False,False,False
1853-06-04,Ohio,S-2110,105.25,6.0,ytm,3.8608601780312495,5.7007125890736345,safe,primary,False,False,False
1853-06-15,Ohio,S-2110,105.0,6.0,ytm,3.9378442171518486,5.714285714285714,safe,primary,False,False,False
1853-07-02,Ohio,S-2110,107.0,6.0,ytm,3.0914170516056325,5.607476635514018,safe,primary,False,False,False
1853-07-09,Ohio,S-2110,104.5,6.0,ytm,4.093735326025357,5.741626794258373,safe,primary,False,False,False
1853-07-16,Ohio,S-2110,104.0,6.0,ytm,4.289079369233789,5.769230769230769,safe,primary,False,False,False
1853-07-23,Ohio,S-2110,105.0,6.0,ytm,3.856228808924861,5.714285714285714,safe,primary,False,False,False
1853-07-27,Ohio,S-2110,104.5,6.0,ytm,4.057771096279653,5.741626794258373,safe,primary,False,False,False
1853-07-30,Ohio,S-2110,104.5,6.0,ytm,4.05163482657163,5.741626794258373,safe,primary,False,False,False
1853-08-13,Ohio,S-2110,105.0,6.0,ytm,3.8080703424715074,5.714285714285714,safe,primary,False,False,False
1853-11-16,Ohio,S-2110,104.0,6.0,ytm,4.036537295330503,5.769230769230769,safe,primary,False,False,False
1853-11-30,Ohio,S-2110,104.0,6.0,ytm,4.00262467191601,5.769230769230769,safe,primary,False,False,False
1853-12-10,Ohio,S-2110,104.0,6.0,ytm,3.9776282853566958,5.769230769230769,safe,primary,False,False,False
1853-12-14,Ohio,S-2110,104.5,6.0,ytm,3.7189636912778,5.741626794258373,safe,primary,False,False,False
1831-07-23,Pennsylvania,S-2240,108.5,5.0,ytm,3.9329579814409343,4.6082949308755765,defaulted,primary,False,False,False
1831-07-30,Pennsylvania,S-2240,108.5,5.0,ytm,3.931202989975141,4.6082949308755765,defaulted,primary,False,False,False
1831-08-07,Pennsylvania,S-2240,108.5,5.0,ytm,3.9291885269077316,4.6082949308755765,defaulted,primary,False,False,False
1831-08-13,Pennsylvania,S-2240,109.0,5.0,ytm,3.8673096484948952,4.587155963302752,defaulted,primary,False,False,False
1831-08-20,Pennsylvania,S-2240,109.0,5.0,ytm,3.8654330688844203,4.587155963302752,defaulted,primary,False,False,False
1831-08-27,Pennsylvania,S-2240,109.0,5.0,ytm,3.8635487961218096,4.587155963302752,defaulted,primary,False,False,False
1831-09-03,Pennsylvania,S-2240,109.0,5.0,ytm,3.8616567828020756,4.587155963302752,defaulted,primary,False,False,False
1831-09-10,Pennsylvania,S-2240,109.0,5.0,ytm,3.8597569811299524,4.587155963302752,defaulted,primary,False,False,False
1831-09-17,Pennsylvania,S-2240,109.0,5.0,ytm,3.8578493429158693,4.587155963302752,defaulted,primary,False,False,False
1831-09-24,Pennsylvania,S-2240,109.0,5.0,ytm,3.8559338195718786,4.587155963302752,defaulted,primary,False,False,False
1831-09-28,Pennsylvania,S-2240,107.5,5.0,ytm,4.038797816153767,4.651162790697675,defaulted,primary,False,False,False
1831-10-08,Pennsylvania,S-2240,107.5,5.0,ytm,4.036483913715936,4.651162790697675,defaulted,primary,False,False,False
1831-10-15,Pennsylvania,S-2240,107.5,5.0,ytm,4.034856001546292,4.651162790697675,defaulted,primary,False,False,False
1831-10-22,Pennsylvania,S-2240,107.5,5.0,ytm,4.033221304389932,4.651162790697675,defaulted,primary,False,False,False
1831-10-29,Pennsylvania,S-2240,107.5,5.0,ytm,4.0315797797394834,4.651162790697675,defaulted,primary,False,False,False
1831-11-05,Pennsylvania,S-2240,107.5,5.0,ytm,4.029931384731752,4.651162790697675,defaulted,primary,False,False,False
1831-11-12,Pennsylvania,S-2240,107.5,5.0,ytm,4.028276076144001,4.651162790697675,defaulted,primary,False,False,False
1831-11-19,Pennsylvania,S-2240,107.5,5.0,ytm,4.026613810390164,4.651162790697675,defaulted,primary,False,False,False
1831-11-26,Pennsylvania,S-2240,107.5,5.0,ytm,4.024944543517028,4.651162790697675,defaulted,primary,False,False,False
1831-12-03,Pennsylvania,S-2240,107.5,5.0,ytm,4.023268231200352,4.651162790697675,defaulted,primary,False,False,False
1831-12-10,Pennsylvania,S-2240,107.5,5.0,ytm,4.021584828740946,4.651162790697675,defaulted,primary,False,False,False
1831-12-17,Pennsylvania,S-2240,107.5,5.0,ytm,4.0198942910607,4.651162790697675,defaulted,primary,False,False,False
1831-12-24,Pennsylvania,S-2240,107.5,5.0,ytm,4.018196572698561,4.651162790697675,defaulted,primary,False,False,False
1831-12-31,Pennsylvania,S-2240,107.5,5.0,ytm,4.016491627806452,4.651162790697675,defaulted,primary,False,False,False
1832-01-07,Pennsylvania,S-2240,107.5,5.0,ytm,4.0147794101451515,4.651162790697675,defaulted,primary,False,False,False
1832-01-14,Pennsylvania,S-2240,107.5,5.0,ytm,4.013059873080106,4.651162790697675,defaulted,primary,False,False,False
1832-01-21,Pennsylvania,S-2240,107.5,5.0,ytm,4.011332969577207,4.651162790697675,defaulted,primary,False,False,False
1832-01-28,Pennsylvania,S-2240,107.5,5.0,ytm,4.00959865219849,4.651162790697675,defaulted,primary,False,False,False
1832-02-04,Pennsylvania,S-2240,107.5,5.0,ytm,4.0078568730978,4.651162790697675,defaulted,primary,False,False,False
1832-02-11,Pennsylvania,S-2240,109.0,5.0,ytm,3.8158889398089957,4.587155963302752,defaulted,primary,False,False,False
1832-02-18,Pennsylvania,S-2240,110.25,5.0,ytm,3.6570771127846036,4.535147392290249,defaulted,primary,False,False,False
1832-02-25,Pennsylvania,S-2240,110.25,5.0,ytm,3.6546972308826233,4.535147392290249,defaulted,primary,False,False,False
1832-03-03,Pennsylvania,S-2240,110.25,5.0,ytm,3.652307020912872,4.535147392290249,defaulted,primary,False,False,False
1832-03-10,Pennsylvania,S-2240,110.25,5.0,ytm,3.6499064154974605,4.535147392290249,defaulted,primary,False,False,False
1832-03-17,Pennsylvania,S-2240,110.25,5.0,ytm,3.647495346671149,4.535147392290249,defaulted,primary,False,False,False
1832-03-24,Pennsylvania,S-2240,110.25,5.0,ytm,3.6450737458749245,4.535147392290249,defaulted,primary,False,False,False
1832-03-31,Pennsylvania,S-2240,110.5,5.0,ytm,3.611186623468647,4.524886877828054,defaulted,primary,False,False,False
1832-04-07,Pennsylvania,S-2240,110.5,5.0,ytm,3.6086871404209138,4.524886877828054,defaulted,primary,False,False,False
1832-04-21,Pennsylvania,S-2240,110.5,5.0,ytm,3.6036551311123524,4.524886877828054,defaulted,primary,False,False,False
1832-04-28,Pennsylvania,S-2240,110.5,5.0,ytm,3.601122458919352,4.524886877828054,defaulted,primary,False,False,False
1832-05-05,Pennsylvania,S-2240,110.5,5.0,ytm,3.5985785766692224,4.524886877828054,defaulted,primary,False,False,False
1832-05-12,Pennsylvania,S-2240,110.5,5.0,ytm,3.5960234097703276,4.524886877828054,defaulted,primary,False,False,False
1832-05-19,Pennsylvania,S-2240,110.5,5.0,ytm,3.593456882967786,4.524886877828054,defaulted,primary,False,False,False
1832-05-26,Pennsylvania,S-2240,110.5,5.0,ytm,3.59087892033608,4.524886877828054,defaulted,primary,False,False,False
1832-06-02,Pennsylvania,S-2240,110.5,5.0,ytm,3.588289445271568,4.524886877828054,defaulted,primary,False,False,False
1832-06-09,Pennsylvania,S-2240,111.25,5.0,ytm,3.490046005538825,4.49438202247191,defaulted,primary,False,False,False
1832-06-16,Pennsylvania,S-2240,111.25,5.0,ytm,3.4872565878407205,4.49438202247191,defaulted,primary,False,False,False
1832-06-23,Pennsylvania,S-2240,111.25,5.0,ytm,3.4844546294079417,4.49438202247191,defaulted,primary,False,False,False
1832-06-30,Pennsylvania,S-2240,111.25,5.0,ytm,3.481640045478524,4.49438202247191,defaulted,primary,False,False,False
1832-07-07,Pennsylvania,S-2240,111.25,5.0,ytm,3.4788127505249093,4.49438202247191,defaulted,primary,False,False,False
1832-07-14,Pennsylvania,S-2240,111.25,5.0,ytm,3.475972658245284,4.49438202247191,defaulted,primary,False,False,False
1832-07-21,Pennsylvania,S-2240,111.25,5.0,ytm,3.473119681554798,4.49438202247191,defaulted,primary,False,False,False
1832-07-28,Pennsylvania,S-2240,110.0,5.0,ytm,3.632131644473314,4.545454545454546,defaulted,primary,False,False,False
1832-08-04,Pennsylvania,S-2240,109.0,5.0,ytm,3.760700134569378,4.587155963302752,defaulted,primary,False,False,False
1832-08-08,Pennsylvania,S-2240,109.0,5.0,ytm,3.759365077384703,4.587155963302752,defaulted,primary,False,False,False
1832-08-14,Pennsylvania,S-2240,109.0,5.0,ytm,3.7573559514843162,4.587155963302752,defaulted,primary,False,False,False
1832-08-18,Pennsylvania,S-2240,109.0,5.0,ytm,3.756012154174007,4.587155963302752,defaulted,primary,False,False,False
1832-08-25,Pennsylvania,S-2240,109.0,5.0,ytm,3.753652030317144,4.587155963302752,defaulted,primary,False,False,False
1832-09-01,Pennsylvania,S-2240,109.0,5.0,ytm,3.751281051751347,4.587155963302752,defaulted,primary,False,False,False
1832-09-08,Pennsylvania,S-2240,109.0,5.0,ytm,3.748899143419359,4.587155963302752,defaulted,primary,False,False,False
1832-09-15,Pennsylvania,S-2240,109.0,5.0,ytm,3.7465062295703255,4.587155963302752,defaulted,primary,False,False,False
1832-09-22,Pennsylvania,S-2240,109.0,5.0,ytm,3.744102233751763,4.587155963302752,defaulted,primary,False,False,False
1832-09-29,Pennsylvania,S-2240,109.0,5.0,ytm,3.7416870788014167,4.587155963302752,defaulted,primary,False,False,False
1832-10-06,Pennsylvania,S-2240,109.0,5.0,ytm,3.739260686839005,4.587155963302752,defaulted,primary,False,False,False
1832-10-13,Pennsylvania,S-2240,109.0,5.0,ytm,3.736822979257847,4.587155963302752,defaulted,primary,False,False,False
1832-10-20,Pennsylvania,S-2240,109.0,5.0,ytm,3.734373876716377,4.587155963302752,defaulted,primary,False,False,False
1832-10-27,Pennsylvania,S-2240,109.25,5.0,ytm,3.6982457908095943,4.576659038901601,defaulted,primary,False,False,False
1832-11-03,Pennsylvania,S-2240,110.0,5.0,ytm,3.5949904953594993,4.545454545454546,defaulted,primary,False,False,False
1832-11-10,Pennsylvania,S-2240,110.0,5.0,ytm,3.592243891504147,4.545454545454546,defaulted,primary,False,False,False
1832-11-17,Pennsylvania,S-2240,110.0,5.0,ytm,3.58948432760364,4.545454545454546,defaulted,primary,False,False,False
1832-11-24,Pennsylvania,S-2240,110.0,5.0,ytm,3.586711711711712,4.545454545454546,defaulted,primary,False,False,False
1832-12-01,Pennsylvania,S-2240,110.0,5.0,ytm,3.5839259510102717,4.545454545454546,defaulted,primary,False,False,False
1832-12-08,Pennsylvania,S-2240,110.0,5.0,ytm,3.5811269517990496,4.545454545454546,defaulted,primary,False,False,False
1832-12-15,Pennsylvania,S-2240,110.0,5.0,ytm,3.578314619485086,4.545454545454546,defaulted,primary,False,False,False
1832-12-22,Pennsylvania,S-2240,110.0,5.0,ytm,3.5754888585720783,4.545454545454546,defaulted,primary,False,False,False
1833-01-07,Pennsylvania,S-2240,108.0,5.0,ytm,3.84417537195315,4.62962962962963,defaulted,primary,False,False,False
1833-01-14,Pennsylvania,S-2240,108.0,5.0,ytm,3.8418568368723065,4.62962962962963,defaulted,primary,False,False,False
1833-01-21,Pennsylvania,S-2240,108.0,5.0,ytm,3.8395271165774263,4.62962962962963,defaulted,primary,False,False,False
1833-01-28,Pennsylvania,S-2240,108.0,5.0,ytm,3.8371861299322436,4.62962962962963,defaulted,primary,False,False,False
1833-02-04,Pennsylvania,S-2240,108.0,5.0,ytm,3.8348337950138505,4.62962962962963,defaulted,primary,False,False,False
1833-02-11,Pennsylvania,S-2240,108.0,5.0,ytm,3.8324700291031424,4.62962962962963,defaulted,primary,False,False,False
1833-02-18,Pennsylvania,S-2240,108.0,5.0,ytm,3.8300947486751244,4.62962962962963,defaulted,primary,False,False,False
1833-02-25,Pennsylvania,S-2240,108.0,5.0,ytm,3.8277078693890694,4.62962962962963,defaulted,primary,False,False,False
1833-03-02,Pennsylvania,S-2240,108.0,5.0,ytm,3.8259958071278826,4.62962962962963,defaulted,primary,False,False,False
1833-03-18,Pennsylvania,S-2240,105.0,5.0,ytm,4.252009666969474,4.761904761904762,defaulted,primary,False,False,False
1833-04-02,Pennsylvania,S-2240,105.0,5.0,ytm,4.248692610557331,4.761904761904762,defaulted,primary,False,False,False
1833-04-08,Pennsylvania,S-2240,105.0,5.0,ytm,4.2473559248866835,4.761904761904762,defaulted,primary,False,False,False
1833-04-22,Pennsylvania,S-2240,105.0,5.0,ytm,4.244214800739257,4.761904761904762,defaulted,primary,False,False,False
1833-04-29,Pennsylvania,S-2240,105.0,5.0,ytm,4.242632476253436,4.761904761904762,defaulted,primary,False,False,False
1833-05-06,Pennsylvania,S-2240,105.0,5.0,ytm,4.241042231659356,4.761904761904762,defaulted,primary,False,False,False
1833-05-20,Pennsylvania,S-2240,105.0,5.0,ytm,4.2378377430917675,4.761904761904762,defaulted,primary,False,False,False
1833-05-28,Pennsylvania,S-2240,105.0,5.0,ytm,4.235992089650627,4.761904761904762,defaulted,primary,False,False,False
1833-06-08,Pennsylvania,S-2240,105.5,5.0,ytm,4.158832187210608,4.739336492890995,defaulted,primary,False,False,False
1833-06-19,Pennsylvania,S-2240,106.0,5.0,ytm,4.0815139001054455,4.716981132075472,defaulted,primary,False,False,False
1833-06-25,Pennsylvania,S-2240,106.0,5.0,ytm,4.079825829413199,4.716981132075472,defaulted,primary,False,False,False
1833-07-01,Pennsylvania,S-2240,107.5,5.0,ytm,3.855993107783194,4.651162790697675,defaulted,primary,False,False,False
1833-07-08,Pennsylvania,S-2240,107.5,5.0,ytm,3.85352676249989,4.651162790697675,defaulted,primary,False,False,False
1833-07-22,Pennsylvania,S-2240,107.5,5.0,ytm,3.848555988660525,4.651162790697675,defaulted,primary,False,False,False
1833-07-29,Pennsylvania,S-2240,107.5,5.0,ytm,3.8460513635818616,4.651162790697675,defaulted,primary,False,False,False
1833-08-05,Pennsylvania,S-2240,108.0,5.0,ytm,3.76940133037694,4.62962962962963,defaulted,primary,False,False,False
1833-08-12,Pennsylvania,S-2240,109.5,5.0,ytm,3.545952226626851,4.5662100456621,defaulted,primary,False,False,False
1833-08-17,Pennsylvania,S-2240,109.5,5.0,ytm,3.5436743545720804,4.5662100456621,defaulted,primary,False,False,False
1833-08-26,Pennsylvania,S-2240,109.5,5.0,ytm,3.539552805962587,4.5662100456621,defaulted,primary,False,False,False
1833-09-02,Pennsylvania,S-2240,109.5,5.0,ytm,3.5363280045486873,4.5662100456621,defaulted,primary,False,False,False
1833-09-09,Pennsylvania,S-2240,109.5,5.0,ytm,3.533086300394318,4.5662100456621,defaulted,primary,False,False,False
1833-09-17,Pennsylvania,S-2240,109.5,5.0,ytm,3.5293606274259566,4.5662100456621,defaulted,primary,False,False,False
1833-09-23,Pennsylvania,S-2240,109.5,5.0,ytm,3.526551649490741,4.5662100456621,defaulted,primary,False,False,False
1833-09-30,Pennsylvania,S-2240,109.5,5.0,ytm,3.523258432025938,4.5662100456621,defaulted,primary,False,False,False
1833-10-07,Pennsylvania,S-2240,108.0,5.0,ytm,3.7446520562298087,4.62962962962963,defaulted,primary,False,False,False
1833-10-14,Pennsylvania,S-2240,108.0,5.0,ytm,3.741829111707716,4.62962962962963,defaulted,primary,False,False,False
1833-10-21,Pennsylvania,S-2240,106.5,5.0,ytm,3.967987901751465,4.694835680751173,defaulted,primary,False,False,False
1833-11-04,Pennsylvania,S-2240,104.75,5.0,ytm,4.235940392728155,4.77326968973747,defaulted,primary,False,False,False
1833-11-11,Pennsylvania,S-2240,104.75,5.0,ytm,4.234200955826722,4.77326968973747,defaulted,primary,False,False,False
1833-11-18,Pennsylvania,S-2240,103.0,5.0,ytm,4.5110539144663955,4.854368932038835,defaulted,primary,False,False,False
1833-11-25,Pennsylvania,S-2240,101.0,5.0,ytm,4.835019198533163,4.9504950495049505,defaulted,primary,False,False,False
1833-11-30,Pennsylvania,S-2240,101.25,5.0,ytm,4.793692377449745,4.938271604938271,defaulted,primary,False,False,False
1833-12-07,Pennsylvania,S-2240,101.25,5.0,ytm,4.793217256592463,4.938271604938271,defaulted,primary,False,False,False
1833-12-14,Pennsylvania,S-2240,101.0,5.0,ytm,4.8339854127421145,4.9504950495049505,defaulted,primary,False,False,False
1833-12-21,Pennsylvania,S-2240,101.5,5.0,ytm,4.751020384499432,4.926108374384237,defaulted,primary,False,False,False
1835-01-17,Pennsylvania,S-2240,103.25,5.0,ytm,4.383247187251285,4.842615012106537,defaulted,primary,False,False,False
1835-01-24,Pennsylvania,S-2240,102.5,5.0,ytm,4.522480064204362,4.878048780487805,defaulted,primary,False,False,False
1835-01-31,Pennsylvania,S-2240,102.5,5.0,ytm,4.521133838124278,4.878048780487805,defaulted,primary,False,False,False
1835-02-07,Pennsylvania,S-2240,103.0,5.0,ytm,4.425154012320985,4.854368932038835,defaulted,primary,False,False,False
1835-02-14,Pennsylvania,S-2240,103.0,5.0,ytm,4.423521479483722,4.854368932038835,defaulted,primary,False,False,False
1835-02-21,Pennsylvania,S-2240,103.0,5.0,ytm,4.421878271513473,4.854368932038835,defaulted,primary,False,False,False
1835-02-28,Pennsylvania,S-2240,103.0,5.0,ytm,4.420224283359726,4.854368932038835,defaulted,primary,False,False,False
1835-03-07,Pennsylvania,S-2240,104.0,5.0,ytm,4.228546143422108,4.807692307692308,defaulted,primary,False,False,False
1835-03-14,Pennsylvania,S-2240,104.0,5.0,ytm,4.226322604513504,4.807692307692308,defaulted,primary,False,False,False
1835-03-21,Pennsylvania,S-2240,104.0,5.0,ytm,4.224084333212699,4.807692307692308,defaulted,primary,False,False,False
1835-04-04,Pennsylvania,S-2240,104.0,5.0,ytm,4.219563003858046,4.807692307692308,defaulted,primary,False,False,False
1835-04-11,Pennsylvania,S-2240,104.0,5.0,ytm,4.217279646084054,4.807692307692308,defaulted,primary,False,False,False
1835-04-18,Pennsylvania,S-2240,104.5,5.0,ytm,4.11901285817312,4.784688995215311,defaulted,primary,False,False,False
1835-04-25,Pennsylvania,S-2240,106.0,5.0,ytm,3.830466187615052,4.716981132075472,defaulted,primary,False,False,False
1835-05-02,Pennsylvania,S-2240,106.0,5.0,ytm,3.8270053864508964,4.716981132075472,defaulted,primary,False,False,False
1835-05-09,Pennsylvania,S-2240,106.0,5.0,ytm,3.8235211108602387,4.716981132075472,defaulted,primary,False,False,False
1835-05-16,Pennsylvania,S-2240,104.5,5.0,ytm,4.108518470533559,4.784688995215311,defaulted,primary,False,False,False
1835-05-23,Pennsylvania,S-2240,104.5,5.0,ytm,4.105850080505695,4.784688995215311,defaulted,primary,False,False,False
1835-05-30,Pennsylvania,S-2240,105.0,5.0,ytm,4.005945345797071,4.761904761904762,defaulted,primary,False,False,False
1835-06-06,Pennsylvania,S-2240,105.0,5.0,ytm,4.00294695481336,4.761904761904762,defaulted,primary,False,False,False
1835-06-13,Pennsylvania,S-2240,105.0,5.0,ytm,3.999927875079638,4.761904761904762,defaulted,primary,False,False,False
1835-06-20,Pennsylvania,S-2240,105.0,5.0,ytm,3.9968878917275825,4.761904761904762,defaulted,primary,False,False,False
1835-06-27,Pennsylvania,S-2240,105.0,5.0,ytm,3.993826786903104,4.761904761904762,defaulted,primary,False,False,False
1835-07-04,Pennsylvania,S-2240,105.0,5.0,ytm,3.990744339714314,4.761904761904762,defaulted,primary,False,False,False
1835-07-11,Pennsylvania,S-2240,105.0,5.0,ytm,3.987640326178374,4.761904761904762,defaulted,primary,False,False,False
1835-07-18,Pennsylvania,S-2240,105.0,5.0,ytm,3.984514519167258,4.761904761904762,defaulted,primary,False,False,False
1835-07-25,Pennsylvania,S-2240,105.0,5.0,ytm,3.981366688352338,4.761904761904762,defaulted,primary,False,False,False
1835-08-01,Pennsylvania,S-2240,102.0,5.0,ytm,4.585208520852085,4.901960784313726,defaulted,primary,False,False,False
1835-08-08,Pennsylvania,S-2240,102.0,5.0,ytm,4.583912522017534,4.901960784313726,defaulted,primary,False,False,False
1835-08-15,Pennsylvania,S-2240,102.0,5.0,ytm,4.582607294300132,4.901960784313726,defaulted,primary,False,False,False
1835-08-22,Pennsylvania,S-2240,102.0,5.0,ytm,4.581292738768517,4.901960784313726,defaulted,primary,False,False,False
1835-08-29,Pennsylvania,S-2240,102.0,5.0,ytm,4.579968755072229,4.901960784313726,defaulted,primary,False,False,False
1835-09-05,Pennsylvania,S-2240,102.0,5.0,ytm,4.578635241416172,4.901960784313726,defaulted,primary,False,False,False
1835-09-12,Pennsylvania,S-2240,102.0,5.0,ytm,4.577292094534531,4.901960784313726,defaulted,primary,False,False,False
1835-09-19,Pennsylvania,S-2240,102.0,5.0,ytm,4.575939209664105,4.901960784313726,defaulted,primary,False,False,False
1835-09-26,Pennsylvania,S-2240,102.0,5.0,ytm,4.5745764805170746,4.901960784313726,defaulted,primary,False,False,False
1835-10-03,Pennsylvania,S-2240,101.0,5.0,ytm,4.785540217535172,4.9504950495049505,defaulted,primary,False,False,False
1835-10-10,Pennsylvania,S-2240,101.0,5.0,ytm,4.784845406475475,4.9504950495049505,defaulted,primary,False,False,False
1835-10-17,Pennsylvania,S-2240,102.0,5.0,ytm,4.570428141080003,4.901960784313726,defaulted,primary,False,False,False
1835-10-24,Pennsylvania,S-2240,102.0,5.0,ytm,4.569024940468731,4.901960784313726,defaulted,primary,False,False,False
1835-10-31,Pennsylvania,S-2240,102.5,5.0,ytm,4.46084870824592,4.878048780487805,defaulted,primary,False,False,False
1835-11-07,Pennsylvania,S-2240,102.5,5.0,ytm,4.459072958895843,4.878048780487805,defaulted,primary,False,False,False
1835-11-14,Pennsylvania,S-2240,102.5,5.0,ytm,4.457283950617284,4.878048780487805,defaulted,primary,False,False,False
1835-11-21,Pennsylvania,S-2240,102.0,5.0,ytm,4.563306973095597,4.901960784313726,defaulted,primary,False,False,False
1835-11-28,Pennsylvania,S-2240,102.0,5.0,ytm,4.561850596666329,4.901960784313726,defaulted,primary,False,False,False
1835-12-05,Pennsylvania,S-2240,102.0,5.0,ytm,4.560383222788298,4.901960784313726,defaulted,primary,False,False,False
1835-12-12,Pennsylvania,S-2240,101.5,5.0,ytm,4.668357647905999,4.926108374384237,defaulted,primary,False,False,False
1835-12-26,Pennsylvania,S-2240,101.5,5.0,ytm,4.6661089293474065,4.926108374384237,defaulted,primary,False,False,False
1836-01-16,Pennsylvania,S-2240,101.5,5.0,ytm,4.662670698240021,4.926108374384237,defaulted,primary,False,False,False
1836-01-23,Pennsylvania,S-2240,100.0,5.0,ytm,5.0,5.0,defaulted,primary,False,False,False
1836-01-30,Pennsylvania,S-2240,100.0,5.0,ytm,5.0,5.0,defaulted,primary,False,False,False
1836-02-06,Pennsylvania,S-2240,100.0,5.0,ytm,5.0,5.0,defaulted,primary,False,False,False
1836-02-13,Pennsylvania,S-2240,100.0,5.0,ytm,5.0,5.0,defaulted,primary,False,False,False
1836-02-20,Pennsylvania,S-2240,101.5,5.0,ytm,4.6567597269214716,4.926108374384237,defaulted,primary,False,False,False
1836-02-27,Pennsylvania,S-2240,102.0,5.0,ytm,4.541869441181406,4.901960784313726,defaulted,primary,False,False,False
1836-03-05,Pennsylvania,S-2240,102.0,5.0,ytm,4.54024699123344,4.901960784313726,defaulted,primary,False,False,False
1836-03-12,Pennsylvania,S-2240,102.0,5.0,ytm,4.538611606035319,4.901960784313726,defaulted,primary,False,False,False
1836-03-19,Pennsylvania,S-2240,102.0,5.0,ytm,4.536963130275291,4.901960784313726,defaulted,primary,False,False,False
1836-03-26,Pennsylvania,S-2240,102.0,5.0,ytm,4.535301406145207,4.901960784313726,defaulted,primary,False,False,False
1836-04-02,Pennsylvania,S-2240,102.0,5.0,ytm,4.533626273290153,4.901960784313726,defaulted,primary,False,False,False
1836-04-09,Pennsylvania,S-2240,102.0,5.0,ytm,4.531937568756876,4.901960784313726,defaulted,primary,False,False,False
1836-04-16,Pennsylvania,S-2240,102.0,5.0,ytm,4.5302351269409336,4.901960784313726,defaulted,primary,False,False,False
1836-04-23,Pennsylvania,S-2240,102.0,5.0,ytm,4.528518779532562,4.901960784313726,defaulted,primary,False,False,False
1836-04-30,Pennsylvania,S-2240,102.0,5.0,ytm,4.526788355461204,4.901960784313726,defaulted,primary,False,False,False
1836-05-07,Pennsylvania,S-2240,102.0,5.0,ytm,4.525043680838673,4.901960784313726,defaulted,primary,False,False,False
1836-05-14,Pennsylvania,S-2240,101.5,5.0,ytm,4.6415762466674195,4.926108374384237,defaulted,primary,False,False,False
1836-05-21,Pennsylvania,S-2240,101.5,5.0,ytm,4.640242664005722,4.926108374384237,defaulted,primary,False,False,False
1836-05-28,Pennsylvania,S-2240,101.5,5.0,ytm,4.6388979615362445,4.926108374384237,defaulted,primary,False,False,False
1836-06-04,Pennsylvania,S-2240,100.0,5.0,ytm,5.0,5.0,defaulted,primary,False,False,False
1836-06-11,Pennsylvania,S-2240,100.0,5.0,ytm,5.0,5.0,defaulted,primary,False,False,False
1836-06-18,Pennsylvania,S-2240,100.0,5.0,ytm,5.0,5.0,defaulted,primary,False,False,False
1836-06-25,Pennsylvania,S-2240,100.0,5.0,ytm,5.0,5.0,defaulted,primary,False,False,False
1836-07-02,Pennsylvania,S-2240,101.0,5.0,ytm,4.754058176271925,4.9504950495049505,defaulted,primary,False,False,False
1836-07-09,Pennsylvania,S-2240,101.0,5.0,ytm,4.75311287180469,4.9504950495049505,defaulted,primary,False,False,False
1836-07-16,Pennsylvania,S-2240,101.0,5.0,ytm,4.7521594481579825,4.9504950495049505,defaulted,primary,False,False,False
1836-07-23,Pennsylvania,S-2240,100.0,5.0,ytm,5.0,5.0,defaulted,primary,False,False,False
1836-07-30,Pennsylvania,S-2240,100.0,5.0,ytm,5.0,5.0,defaulted,primary,False,False,False
1836-08-06,Pennsylvania,S-2240,100.0,5.0,ytm,5.0,5.0,defaulted,primary,False,False,False
1836-08-13,Pennsylvania,S-2240,100.5,5.0,ytm,4.873817329335837,4.975124378109453,defaulted,primary,False,False,False
1836-08-20,Pennsylvania,S-2240,100.5,5.0,ytm,4.873318271718823,4.975124378109453,defaulted,primary,False,False,False
1836-08-27,Pennsylvania,S-2240,100.5,5.0,ytm,4.872814814349518,4.975124378109453,defaulted,primary,False,False,False
1836-09-03,Pennsylvania,S-2240,100.5,5.0,ytm,4.872306898787188,4.975124378109453,defaulted,primary,False,False,False
1836-09-10,Pennsylvania,S-2240,100.5,5.0,ytm,4.871794465551496,4.975124378109453,defaulted,primary,False,False,False
1836-09-17,Pennsylvania,S-2240,100.5,5.0,ytm,4.8712774540992765,4.975124378109453,defaulted,primary,False,False,False
1836-09-24,Pennsylvania,S-2240,99.5,5.0,ytm,5.1298920377867745,5.025125628140704,defaulted,primary,False,False,False
1836-10-01,Pennsylvania,S-2240,99.5,5.0,ytm,5.13042103003807,5.025125628140704,defaulted,primary,False,False,False
1836-10-08,Pennsylvania,S-2240,99.5,5.0,ytm,5.130954812646104,5.025125628140704,defaulted,primary,False,False,False
1836-10-15,Pennsylvania,S-2240,99.5,5.0,ytm,5.131493450976369,5.025125628140704,defaulted,primary,False,False,False
1836-10-22,Pennsylvania,S-2240,98.5,5.0,ytm,5.398106556352802,5.0761421319796955,defaulted,primary,False,False,False
1836-10-29,Pennsylvania,S-2240,97.5,5.0,ytm,5.669641004357751,5.128205128205128,defaulted,primary,False,False,False
1836-11-12,Pennsylvania,S-2240,97.5,5.0,ytm,5.675259070612973,5.128205128205128,defaulted,primary,False,False,False
1836-11-19,Pennsylvania,S-2240,97.5,5.0,ytm,5.678107325612712,5.128205128205128,defaulted,primary,False,False,False
1836-11-26,Pennsylvania,S-2240,97.5,5.0,ytm,5.680982217599756,5.128205128205128,defaulted,primary,False,False,False
1836-12-03,Pennsylvania,S-2240,97.5,5.0,ytm,5.683884121994733,5.128205128205128,defaulted,primary,False,False,False
1836-12-10,Pennsylvania,S-2240,97.5,5.0,ytm,5.686813421306452,5.128205128205128,defaulted,primary,False,False,False
1836-12-17,Pennsylvania,S-2240,97.5,5.0,ytm,5.68977050529999,5.128205128205128,defaulted,primary,False,False,False
1836-12-24,Pennsylvania,S-2240,97.5,5.0,ytm,5.692755771169572,5.128205128205128,defaulted,primary,False,False,False
1836-12-31,Pennsylvania,S-2240,97.5,5.0,ytm,5.695769623716428,5.128205128205128,defaulted,primary,False,False,False
1837-01-07,Pennsylvania,S-2240,97.5,5.0,ytm,5.698812475531776,5.128205128205128,defaulted,primary,False,False,False
1837-01-14,Pennsylvania,S-2240,97.5,5.0,ytm,5.701884747185118,5.128205128205128,defaulted,primary,False,False,False
1837-01-21,Pennsylvania,S-2240,96.5,5.0,ytm,5.992004421583117,5.181347150259067,defaulted,primary,False,False,False
1837-01-28,Pennsylvania,S-2240,96.5,5.0,ytm,5.996412107274799,5.181347150259067,defaulted,primary,False,False,False
1837-02-04,Pennsylvania,S-2240,96.5,5.0,ytm,6.000863035853434,5.181347150259067,defaulted,primary,False,False,False
1837-02-11,Pennsylvania,S-2240,96.5,5.0,ytm,6.005357846826506,5.181347150259067,defaulted,primary,False,False,False
1837-02-18,Pennsylvania,S-2240,96.5,5.0,ytm,6.009897192373976,5.181347150259067,defaulted,primary,False,False,False
1837-02-25,Pennsylvania,S-2240,96.5,5.0,ytm,6.014481737663738,5.181347150259067,defaulted,primary,False,False,False
1837-03-04,Pennsylvania,S-2240,96.5,5.0,ytm,6.019112161176558,5.181347150259067,defaulted,primary,False,False,False
1837-03-11,Pennsylvania,S-2240,96.5,5.0,ytm,6.0237891550408005,5.181347150259067,defaulted,primary,False,False,False
1837-03-18,Pennsylvania,S-2240,95.5,5.0,ytm,6.329138467504408,5.2356020942408374,defaulted,primary,False,False,False
1837-03-25,Pennsylvania,S-2240,94.0,5.0,ytm,6.794173537025122,5.319148936170213,defaulted,primary,False,False,False
1837-04-01,Pennsylvania,S-2240,94.0,5.0,ytm,6.802544609623497,5.319148936170213,defaulted,primary,False,False,False
1837-04-08,Pennsylvania,S-2240,94.0,5.0,ytm,6.811001602321855,5.319148936170213,defaulted,primary,False,False,False
1837-04-15,Pennsylvania,S-2240,94.0,5.0,ytm,6.819545844760653,5.319148936170213,defaulted,primary,False,False,False
1837-04-29,Pennsylvania,S-2240,91.0,5.0,ytm,7.798630088923368,5.4945054945054945,defaulted,primary,False,False,False
1837-05-06,Pennsylvania,S-2240,91.0,5.0,ytm,7.812059127817664,5.4945054945054945,defaulted,primary,False,False,False
1837-05-20,Pennsylvania,S-2240,94.0,5.0,ytm,6.863624311804982,5.319148936170213,defaulted,primary,False,False,False
1837-05-27,Pennsylvania,S-2240,96.0,5.0,ytm,6.23574144486692,5.208333333333334,defaulted,primary,False,False,False
1837-06-03,Pennsylvania,S-2240,96.0,5.0,ytm,6.241808650065531,5.208333333333334,defaulted,primary,False,False,False
1837-06-10,Pennsylvania,S-2240,97.0,5.0,ytm,5.931204813165976,5.154639175257731,defaulted,primary,False,False,False
1837-06-17,Pennsylvania,S-2240,98.5,5.0,ytm,5.464379289804913,5.0761421319796955,defaulted,primary,False,False,False
1837-06-24,Pennsylvania,S-2240,99.5,5.0,ytm,5.1547867337341025,5.025125628140704,defaulted,primary,False,False,False
1837-07-01,Pennsylvania,S-2240,99.5,5.0,ytm,5.155564692982457,5.025125628140704,defaulted,primary,False,False,False
1837-07-08,Pennsylvania,S-2240,100.0,5.0,ytm,5.0,5.0,defaulted,primary,False,False,False
1837-07-22,Pennsylvania,S-2240,100.5,5.0,ytm,4.842837307050088,4.975124378109453,defaulted,primary,False,False,False
1837-07-29,Pennsylvania,S-2240,100.5,5.0,ytm,4.84202831579199,4.975124378109453,defaulted,primary,False,False,False
1837-08-05,Pennsylvania,S-2240,100.5,5.0,ytm,4.841210227443439,4.975124378109453,defaulted,primary,False,False,False
1837-08-12,Pennsylvania,S-2240,100.5,5.0,ytm,4.840382887691917,4.975124378109453,defaulted,primary,False,False,False
1837-08-19,Pennsylvania,S-2240,100.5,5.0,ytm,4.839546138714951,4.975124378109453,defaulted,primary,False,False,False
1837-09-02,Pennsylvania,S-2240,102.0,5.0,ytm,4.356191576429624,4.901960784313726,defaulted,primary,False,False,False
1837-09-09,Pennsylvania,S-2240,102.0,5.0,ytm,4.352753457163898,4.901960784313726,defaulted,primary,False,False,False
1837-09-16,Pennsylvania,S-2240,102.0,5.0,ytm,4.349275326535147,4.901960784313726,defaulted,primary,False,False,False
1837-09-23,Pennsylvania,S-2240,102.0,5.0,ytm,4.345756482002715,4.901960784313726,defaulted,primary,False,False,False
1837-09-30,Pennsylvania,S-2240,102.0,5.0,ytm,4.342196204481676,4.901960784313726,defaulted,primary,False,False,False
1837-10-07,Pennsylvania,S-2240,102.0,5.0,ytm,4.3385937578529425,4.901960784313726,defaulted,primary,False,False,False
1837-10-14,Pennsylvania,S-2240,102.0,5.0,ytm,4.334948388455867,4.901960784313726,defaulted,primary,False,False,False
1837-10-21,Pennsylvania,S-2240,102.0,5.0,ytm,4.331259324562593,4.901960784313726,defaulted,primary,False,False,False
1837-10-28,Pennsylvania,S-2240,101.0,5.0,ytm,4.662090066463547,4.9504950495049505,defaulted,primary,False,False,False
1837-11-04,Pennsylvania,S-2240,100.0,5.0,ytm,5.0,5.0,defaulted,primary,False,False,False
1837-11-11,Pennsylvania,S-2240,100.0,5.0,ytm,5.0,5.0,defaulted,primary,False,False,False
1837-11-18,Pennsylvania,S-2240,100.0,5.0,ytm,5.0,5.0,defaulted,primary,False,False,False
1837-11-25,Pennsylvania,S-2240,100.0,5.0,ytm,5.0,5.0,defaulted,primary,False,False,False
1837-12-02,Pennsylvania,S-2240,100.0,5.0,ytm,5.0,5.0,defaulted,primary,False,False,False
1837-12-09,Pennsylvania,S-2240,100.0,5.0,ytm,5.0,5.0,defaulted,primary,False,False,False
1837-12-16,Pennsylvania,S-2240,100.0,5.0,ytm,5.0,5.0,defaulted,primary,False,False,False
1837-12-23,Pennsylvania,S-2240,100.0,5.0,ytm,5.0,5.0,defaulted,primary,False,False,False
1837-12-30,Pennsylvania,S-2240,100.0,5.0,ytm,5.0,5.0,defaulted,primary,False,False,False
1838-01-06,Pennsylvania,S-2240,100.0,5.0,ytm,5.0,5.0,defaulted,primary,False,False,False
1838-01-13,Pennsylvania,S-2240,100.0,5.0,ytm,5.0,5.0,defaulted,primary,False,False,False
1838-01-20,Pennsylvania,S-2240,100.0,5.0,ytm,5.0,5.0,defaulted,primary,False,False,False
1838-02-10,Pennsylvania,S-2240,99.5,5.0,ytm,5.1859051036682615,5.025125628140704,defaulted,primary,False,False,False
1838-02-17,Pennsylvania,S-2240,99.5,5.0,ytm,5.187062030672487,5.025125628140704,defaulted,primary,False,False,False
1838-02-24,Pennsylvania,S-2240,99.5,5.0,ytm,5.188234501801529,5.025125628140704,defaulted,primary,False,False,False
1838-03-03,Pennsylvania,S-2240,99.5,5.0,ytm,5.1894228324434275,5.025125628140704,defaulted,primary,False,False,False
1838-03-10,Pennsylvania,S-2240,99.5,5.0,ytm,5.190627346576558,5.025125628140704,defaulted,primary,False,False,False
1838-03-31,Pennsylvania,S-2240,98.5,5.0,ytm,5.585961243587081,5.0761421319796955,defaulted,primary,False,False,False
1838-04-07,Pennsylvania,S-2240,98.5,5.0,ytm,5.589798488664988,5.0761421319796955,defaulted,primary,False,False,False
1838-04-14,Pennsylvania,S-2240,98.5,5.0,ytm,5.593689833874907,5.0761421319796955,defaulted,primary,False,False,False
1838-04-21,Pennsylvania,S-2240,98.5,5.0,ytm,5.597636431450892,5.0761421319796955,defaulted,primary,False,False,False
1838-04-28,Pennsylvania,S-2240,98.5,5.0,ytm,5.601639466581589,5.0761421319796955,defaulted,primary,False,False,False
1838-05-05,Pennsylvania,S-2240,98.5,5.0,ytm,5.605700158596884,5.0761421319796955,defaulted,primary,False,False,False
1838-05-12,Pennsylvania,S-2240,98.5,5.0,ytm,5.609819762206183,5.0761421319796955,defaulted,primary,False,False,False
1838-05-19,Pennsylvania,S-2240,98.5,5.0,ytm,5.613999568790986,5.0761421319796955,defaulted,primary,False,False,False
1838-05-26,Pennsylvania,S-2240,98.5,5.0,ytm,5.618240907754531,5.0761421319796955,defaulted,primary,False,False,False
1838-06-02,Pennsylvania,S-2240,98.5,5.0,ytm,5.62254514793152,5.0761421319796955,defaulted,primary,False,False,False
1838-06-16,Pennsylvania,S-2240,98.5,5.0,ytm,5.631348013325749,5.0761421319796955,defaulted,primary,False,False,False
1838-06-23,Pennsylvania,S-2240,98.5,5.0,ytm,5.635849586961802,5.0761421319796955,defaulted,primary,False,False,False
1838-06-30,Pennsylvania,S-2240,98.5,5.0,ytm,5.640419961941637,5.0761421319796955,defaulted,primary,False,False,False
1838-07-14,Pennsylvania,S-2240,98.5,5.0,ytm,5.649773523153138,5.0761421319796955,defaulted,primary,False,False,False
1838-07-21,Pennsylvania,S-2240,98.5,5.0,ytm,5.654560038275895,5.0761421319796955,defaulted,primary,False,False,False
1838-07-28,Pennsylvania,S-2240,98.5,5.0,ytm,5.659422016474912,5.0761421319796955,defaulted,primary,False,False,False
1838-08-11,Pennsylvania,S-2240,98.5,5.0,ytm,5.669379614845899,5.0761421319796955,defaulted,primary,False,False,False
1838-08-18,Pennsylvania,S-2240,98.5,5.0,ytm,5.674479007783288,5.0761421319796955,defaulted,primary,False,False,False
1838-08-25,Pennsylvania,S-2240,98.5,5.0,ytm,5.6796614140940775,5.0761421319796955,defaulted,primary,False,False,False
1838-09-01,Pennsylvania,S-2240,98.5,5.0,ytm,5.684928877483825,5.0761421319796955,defaulted,primary,False,False,False
1838-09-08,Pennsylvania,S-2240,98.5,5.0,ytm,5.690283509298462,5.0761421319796955,defaulted,primary,False,False,False
1838-09-15,Pennsylvania,S-2240,98.5,5.0,ytm,5.695727491346,5.0761421319796955,defaulted,primary,False,False,False
1838-09-22,Pennsylvania,S-2240,98.5,5.0,ytm,5.701263078860686,5.0761421319796955,defaulted,primary,False,False,False
1838-09-29,Pennsylvania,S-2240,98.5,5.0,ytm,5.706892603618044,5.0761421319796955,defaulted,primary,False,False,False
1838-10-06,Pennsylvania,S-2240,98.5,5.0,ytm,5.712618477209881,5.0761421319796955,defaulted,primary,False,False,False
1838-10-13,Pennsylvania,S-2240,96.5,5.0,ytm,6.693429717968267,5.181347150259067,defaulted,primary,False,False,False
1838-10-20,Pennsylvania,S-2240,96.5,5.0,ytm,6.707398123884395,5.181347150259067,defaulted,primary,False,False,False
1838-10-27,Pennsylvania,S-2240,96.5,5.0,ytm,6.72161189703117,5.181347150259067,defaulted,primary,False,False,False
1838-11-03,Pennsylvania,S-2240,96.5,5.0,ytm,6.736077559828647,5.181347150259067,defaulted,primary,False,False,False
1838-11-10,Pennsylvania,S-2240,96.5,5.0,ytm,6.750801867937957,5.181347150259067,defaulted,primary,False,False,False
1838-11-17,Pennsylvania,S-2240,96.5,5.0,ytm,6.765791820781198,5.181347150259067,defaulted,primary,False,False,False
1838-11-24,Pennsylvania,S-2240,96.5,5.0,ytm,6.781054672635888,5.181347150259067,defaulted,primary,False,False,False
1838-12-01,Pennsylvania,S-2240,96.5,5.0,ytm,6.7965979443409275,5.181347150259067,defaulted,primary,False,False,False
1838-12-08,Pennsylvania,S-2240,96.5,5.0,ytm,6.812429435653742,5.181347150259067,defaulted,primary,False,False,False
1838-12-15,Pennsylvania,S-2240,96.5,5.0,ytm,6.828557238301289,5.181347150259067,defaulted,primary,False,False,False
1838-12-22,Pennsylvania,S-2240,96.5,5.0,ytm,6.844989749770787,5.181347150259067,defaulted,primary,False,False,False
1838-12-29,Pennsylvania,S-2240,96.5,5.0,ytm,6.861735687889567,5.181347150259067,defaulted,primary,False,False,False
1839-01-05,Pennsylvania,S-2240,96.5,5.0,ytm,6.878804106247223,5.181347150259067,defaulted,primary,False,False,False
1839-01-12,Pennsylvania,S-2240,96.5,5.0,ytm,6.896204410517387,5.181347150259067,defaulted,primary,False,False,False
1839-01-19,Pennsylvania,S-2240,96.5,5.0,ytm,6.913946375740965,5.181347150259067,defaulted,primary,False,False,False
1839-01-26,Pennsylvania,S-2240,96.5,5.0,ytm,6.93204016463753,5.181347150259067,defaulted,primary,False,False,False
1839-02-02,Pennsylvania,S-2240,96.5,5.0,ytm,6.950496347017003,5.181347150259067,defaulted,primary,False,False,False
1839-02-09,Pennsylvania,S-2240,96.5,5.0,ytm,6.969325920369472,5.181347150259067,defaulted,primary,False,False,False
1839-02-23,Pennsylvania,S-2240,96.5,5.0,ytm,7.008151500821905,5.181347150259067,defaulted,primary,False,False,False
1839-03-02,Pennsylvania,S-2240,96.5,5.0,ytm,7.028171844840597,5.181347150259067,defaulted,primary,False,False,False
1839-03-16,Pennsylvania,S-2240,96.5,5.0,ytm,7.069492372221642,5.181347150259067,defaulted,primary,False,False,False
1839-03-23,Pennsylvania,S-2240,96.5,5.0,ytm,7.090820121354473,5.181347150259067,defaulted,primary,False,False,False
1839-03-30,Pennsylvania,S-2240,96.5,5.0,ytm,7.112612238275577,5.181347150259067,defaulted,primary,False,False,False
1839-04-06,Pennsylvania,S-2240,96.5,5.0,ytm,7.1348840558836235,5.181347150259067,defaulted,primary,False,False,False
1839-04-13,Pennsylvania,S-2240,96.5,5.0,ytm,7.157651589622851,5.181347150259067,defaulted,primary,False,False,False
1839-04-20,Pennsylvania,S-2240,96.5,5.0,ytm,7.180931575889972,5.181347150259067,defaulted,primary,False,False,False
1839-05-04,Pennsylvania,S-2240,94.0,5.0,ytm,8.870557514921325,5.319148936170213,defaulted,primary,False,False,False
1839-05-11,Pennsylvania,S-2240,94.0,5.0,ytm,8.913837761805924,5.319148936170213,defaulted,primary,False,False,False
1839-05-18,Pennsylvania,S-2240,96.0,5.0,ytm,7.611832611832613,5.208333333333334,defaulted,primary,False,False,False
1839-05-25,Pennsylvania,S-2240,96.0,5.0,ytm,7.641761985884643,5.208333333333334,defaulted,primary,False,False,False
1839-06-01,Pennsylvania,S-2240,96.0,5.0,ytm,7.67241379310345,5.208333333333334,defaulted,primary,False,False,False
1839-06-08,Pennsylvania,S-2240,96.0,5.0,ytm,7.703814510097233,5.208333333333334,defaulted,primary,False,False,False
1839-06-15,Pennsylvania,S-2240,96.0,5.0,ytm,7.735991923271075,5.208333333333334,defaulted,primary,False,False,False
1839-06-22,Pennsylvania,S-2240,96.0,5.0,ytm,7.768975210835675,5.208333333333334,defaulted,primary,False,False,False
1839-06-29,Pennsylvania,S-2240,96.0,5.0,ytm,7.802795031055901,5.208333333333334,defaulted,primary,False,False,False
1839-07-06,Pennsylvania,S-2240,96.0,5.0,ytm,7.837483617300131,5.208333333333334,defaulted,primary,False,False,False
1839-07-13,Pennsylvania,S-2240,96.0,5.0,ytm,7.873074880509824,5.208333333333334,defaulted,primary,False,False,False
1839-07-20,Pennsylvania,S-2240,96.0,5.0,ytm,7.909604519774012,5.208333333333334,defaulted,primary,False,False,False
1839-07-27,Pennsylvania,S-2240,96.0,5.0,ytm,7.947110141766631,5.208333333333334,defaulted,primary,False,False,False
1839-08-03,Pennsylvania,S-2240,93.0,5.0,ytm,10.306070293943737,5.376344086021505,defaulted,primary,False,False,False
1839-08-10,Pennsylvania,S-2240,93.0,5.0,ytm,10.376409631209995,5.376344086021505,defaulted,primary,False,False,False
1839-08-17,Pennsylvania,S-2240,93.0,5.0,ytm,10.448706723390229,5.376344086021505,defaulted,primary,False,False,False
1840-01-25,Pennsylvania,S-2240,92.0,5.0,ytm,14.108187134502922,5.434782608695652,defaulted,primary,True,False,False
1840-02-01,Pennsylvania,S-2240,92.0,5.0,ytm,14.29415422885572,5.434782608695652,defaulted,primary,True,False,False
1840-02-08,Pennsylvania,S-2240,92.0,5.0,ytm,14.48805894308943,5.434782608695652,defaulted,primary,True,False,False
1840-02-15,Pennsylvania,S-2240,92.0,5.0,ytm,14.690420560747663,5.434782608695652,defaulted,primary,True,False,False
1840-02-22,Pennsylvania,S-2240,92.0,5.0,ytm,14.901804670912952,5.434782608695652,defaulted,primary,True,False,False
1840-02-29,Pennsylvania,S-2240,92.0,5.0,ytm,15.122828447339847,5.434782608695652,defaulted,primary,True,False,False
1840-03-07,Pennsylvania,S-2240,92.0,5.0,ytm,15.354166666666666,5.434782608695652,defaulted,primary,True,False,False
1840-03-14,Pennsylvania,S-2240,92.0,5.0,ytm,15.596558589306028,5.434782608695652,defaulted,primary,True,False,False
1840-03-21,Pennsylvania,S-2240,92.0,5.0,ytm,15.85081585081585,5.434782608695652,defaulted,primary,True,False,False
1840-03-28,Pennsylvania,S-2240,92.0,5.0,ytm,16.11783154121864,5.434782608695652,defaulted,primary,True,False,False
1840-04-04,Pennsylvania,S-2240,90.0,5.0,ytm,19.39821981424149,5.555555555555555,defaulted,primary,True,False,False
1840-04-11,Pennsylvania,S-2240,90.0,5.0,ytm,19.771598808341608,5.555555555555555,defaulted,primary,True,False,False
1840-04-18,Pennsylvania,S-2240,91.0,5.0,ytm,18.577255570437114,5.4945054945054945,defaulted,primary,True,False,False
1840-04-25,Pennsylvania,S-2240,91.0,5.0,ytm,18.949333555829035,5.4945054945054945,defaulted,primary,True,False,False
1840-05-02,Pennsylvania,S-2240,91.0,5.0,ytm,19.342760278087717,5.4945054945054945,defaulted,primary,True,False,False
1840-05-09,Pennsylvania,S-2240,93.0,5.0,ytm,16.360595526988917,5.376344086021505,defaulted,primary,True,False,False
1840-05-16,Pennsylvania,S-2240,93.0,5.0,ytm,16.700833521063302,5.376344086021505,defaulted,primary,True,False,False
1840-08-15,Pennsylvania,S-2240,98.0,5.0,ytm,10.358985538841655,5.1020408163265305,defaulted,primary,True,False,False
1840-08-22,Pennsylvania,S-2240,98.0,5.0,ytm,10.640495867768594,5.1020408163265305,defaulted,primary,True,False,False
1840-08-29,Pennsylvania,S-2240,98.0,5.0,ytm,10.953535353535354,5.1020408163265305,defaulted,primary,True,False,False
1840-09-05,Pennsylvania,S-2240,98.0,5.0,ytm,11.303715117274441,5.1020408163265305,defaulted,primary,True,False,False
1840-09-19,Pennsylvania,S-2240,95.0,5.0,ytm,23.138560157790927,5.263157894736842,defaulted,primary,True,False,False
1840-09-26,Pennsylvania,S-2240,93.5,5.0,ytm,30.46564905831269,5.347593582887701,defaulted,primary,True,False,False
1840-10-03,Pennsylvania,S-2240,93.5,5.0,ytm,32.43324720068906,5.347593582887701,defaulted,primary,True,False,False
1840-10-10,Pennsylvania,S-2240,93.0,5.0,ytm,37.102815406704536,5.376344086021505,defaulted,primary,True,False,False
1840-10-17,Pennsylvania,S-2240,93.0,5.0,ytm,40.042950640850826,5.376344086021505,defaulted,primary,True,False,False
1840-10-24,Pennsylvania,S-2240,95.0,5.0,ytm,32.274247491638796,5.263157894736842,defaulted,primary,True,False,False
1840-10-31,Pennsylvania,S-2240,95.0,5.0,ytm,35.33912324234905,5.263157894736842,defaulted,primary,True,False,False
1840-11-07,Pennsylvania,S-2240,95.0,5.0,ytm,39.18414918414918,5.263157894736842,defaulted,primary,True,False,False
1840-11-14,Pennsylvania,S-2240,95.0,5.0,ytm,44.15064102564102,5.263157894736842,defaulted,primary,True,False,False
1840-11-21,Pennsylvania,S-2240,95.0,5.0,ytm,50.81300813008129,5.263157894736842,defaulted,primary,True,False,False
1840-11-28,Pennsylvania,S-2240,95.0,5.0,ytm,60.218702865761685,5.263157894736842,defaulted,primary,True,False,False
1840-12-05,Pennsylvania,S-2240,95.0,5.0,ytm,74.5014245014245,5.263157894736842,defaulted,primary,True,False,False
1840-12-19,Pennsylvania,S-2240,95.0,5.0,ytm,149.2110453648915,5.263157894736842,defaulted,primary,True,False,False
1840-12-26,Pennsylvania,S-2240,95.0,5.0,ytm,317.30769230769226,5.263157894736842,defaulted,primary,True,False,False
1841-01-02,Pennsylvania,S-2240,95.0,5.0,,,5.263157894736842,defaulted,primary,False,True,False
1841-01-09,Pennsylvania,S-2240,95.0,5.0,,,5.263157894736842,defaulted,primary,False,True,False
1841-01-16,Pennsylvania,S-2240,95.0,5.0,,,5.263157894736842,defaulted,primary,False,True,False
1841-01-23,Pennsylvania,S-2240,95.0,5.0,,,5.263157894736842,defaulted,primary,False,True,False
1841-08-07,Pennsylvania,S-2240,85.0,5.0,,,5.88235294117647,defaulted,primary,False,True,False
1841-08-14,Pennsylvania,S-2240,87.0,5.0,,,5.747126436781609,defaulted,primary,False,True,False
1841-08-28,Pennsylvania,S-2240,86.0,5.0,,,5.813953488372093,defaulted,primary,False,True,False
1841-09-04,Pennsylvania,S-2240,86.0,5.0,,,5.813953488372093,defaulted,primary,False,True,False
1841-09-11,Pennsylvania,S-2240,86.0,5.0,,,5.813953488372093,defaulted,primary,False,True,False
1841-09-18,Pennsylvania,S-2240,89.0,5.0,,,5.617977528089887,defaulted,primary,False,True,False
1841-09-25,Pennsylvania,S-2240,87.0,5.0,,,5.747126436781609,defaulted,primary,False,True,False
1841-10-02,Pennsylvania,S-2240,87.0,5.0,,,5.747126436781609,defaulted,primary,False,True,False
1841-10-16,Pennsylvania,S-2240,85.0,5.0,,,5.88235294117647,defaulted,primary,False,True,False
1841-10-23,Pennsylvania,S-2240,85.0,5.0,,,5.88235294117647,defaulted,primary,False,True,False
1841-10-30,Pennsylvania,S-2240,84.0,5.0,,,5.952380952380952,defaulted,primary,False,True,False
1841-11-06,Pennsylvania,S-2240,80.0,5.0,,,6.25,defaulted,primary,False,True,False
1841-11-20,Pennsylvania,S-2240,78.0,5.0,,,6.41025641025641,defaulted,primary,False,True,False
1841-11-27,Pennsylvania,S-2240,78.0,5.0,,,6.41025641025641,defaulted,primary,False,True,False
1841-12-04,Pennsylvania,S-2240,70.0,5.0,,,7.142857142857142,defaulted,primary,False,True,False
1841-12-11,Pennsylvania,S-2240,70.0,5.0,,,7.142857142857142,defaulted,primary,False,True,False
1841-12-18,Pennsylvania,S-2240,70.0,5.0,,,7.142857142857142,defaulted,primary,False,True,False
1841-12-25,Pennsylvania,S-2240,70.0,5.0,,,7.142857142857142,defaulted,primary,False,True,False
1842-01-01,Pennsylvania,S-2240,70.0,5.0,,,7.142857142857142,defaulted,primary,False,True,False
1842-01-08,Pennsylvania,S-2240,50.0,5.0,,,10.0,defaulted,primary,False,True,False
1842-01-15,Pennsylvania,S-2240,50.0,5.0,,,10.0,defaulted,primary,False,True,False
1842-01-22,Pennsylvania,S-2240,52.0,5.0,,,9.615384615384617,defaulted,primary,False,True,False
1842-02-05,Pennsylvania,S-2240,52.0,5.0,,,9.615384615384617,defaulted,primary,False,True,False
1842-02-19,Pennsylvania,S-2240,52.0,5.0,,,9.615384615384617,defaulted,primary,False,True,False
1842-02-26,Pennsylvania,S-2240,52.0,5.0,,,9.615384615384617,defaulted,primary,False,True,False
1842-03-05,Pennsylvania,S-2240,49.5,5.0,,,10.1010101010101,defaulted,primary,False,True,False
1842-03-12,Pennsylvania,S-2240,50.0,5.0,,,10.0,defaulted,primary,False,True,False
1842-05-28,Pennsylvania,S-2240,48.0,5.0,,,10.416666666666668,defaulted,primary,False,True,False
1842-06-18,Pennsylvania,S-2240,48.0,5.0,,,10.416666666666668,defaulted,primary,False,True,False
1842-06-25,Pennsylvania,S-2240,48.0,5.0,,,10.416666666666668,defaulted,primary,False,True,False
1842-07-02,Pennsylvania,S-2240,48.0,5.0,,,10.416666666666668,defaulted,primary,False,True,False
1842-07-09,Pennsylvania,S-2240,48.0,5.0,,,10.416666666666668,defaulted,primary,False,True,False
1842-07-16,Pennsylvania,S-2240,48.0,5.0,,,10.416666666666668,defaulted,primary,False,True,False
1842-08-06,Pennsylvania,S-2240,48.0,5.0,current_yield,10.416666666666668,10.416666666666668,defaulted,primary,False,False,True
1842-08-13,Pennsylvania,S-2240,37.0,5.0,current_yield,13.513513513513514,13.513513513513514,defaulted,primary,False,False,True
1842-08-20,Pennsylvania,S-2240,37.0,5.0,current_yield,13.513513513513514,13.513513513513514,defaulted,primary,False,False,True
1842-08-27,Pennsylvania,S-2240,40.0,5.0,current_yield,12.5,12.5,defaulted,primary,False,False,True
1842-09-03,Pennsylvania,S-2240,40.0,5.0,current_yield,12.5,12.5,defaulted,primary,False,False,True
1842-09-10,Pennsylvania,S-2240,40.0,5.0,current_yield,12.5,12.5,defaulted,primary,False,False,True
1842-09-17,Pennsylvania,S-2240,40.0,5.0,current_yield,12.5,12.5,defaulted,primary,False,False,True
1842-09-24,Pennsylvania,S-2240,40.0,5.0,current_yield,12.5,12.5,defaulted,primary,False,False,True
1831-07-23,Pennsylvania,S-2250,110.25,5.0,ytm,4.0812433120973175,4.535147392290249,defaulted,primary,False,False,False
1831-07-30,Pennsylvania,S-2250,110.5,5.0,ytm,4.059034851362494,4.524886877828054,defaulted,primary,False,False,False
1831-08-07,Pennsylvania,S-2250,110.5,5.0,ytm,4.057983250567412,4.524886877828054,defaulted,primary,False,False,False
1831-08-13,Pennsylvania,S-2250,110.5,5.0,ytm,4.057192448770654,4.524886877828054,defaulted,primary,False,False,False
1831-08-20,Pennsylvania,S-2250,110.5,5.0,ytm,4.0562675612652805,4.524886877828054,defaulted,primary,False,False,False
1831-08-27,Pennsylvania,S-2250,110.5,5.0,ytm,4.0553402031579076,4.524886877828054,defaulted,primary,False,False,False
1831-09-03,Pennsylvania,S-2250,110.5,5.0,ytm,4.054410364535919,4.524886877828054,defaulted,primary,False,False,False
1831-09-10,Pennsylvania,S-2250,110.5,5.0,ytm,4.053478035433595,4.524886877828054,defaulted,primary,False,False,False
1831-09-17,Pennsylvania,S-2250,110.5,5.0,ytm,4.052543205831763,4.524886877828054,defaulted,primary,False,False,False
1831-09-24,Pennsylvania,S-2250,110.5,5.0,ytm,4.051605865657435,4.524886877828054,defaulted,primary,False,False,False
1831-09-28,Pennsylvania,S-2250,110.5,5.0,ytm,4.05106911160977,4.524886877828054,defaulted,primary,False,False,False
1831-10-08,Pennsylvania,S-2250,110.5,5.0,ytm,4.049723613028085,4.524886877828054,defaulted,primary,False,False,False
1831-10-15,Pennsylvania,S-2250,110.5,5.0,ytm,4.048778680154742,4.524886877828054,defaulted,primary,False,False,False
1831-10-22,Pennsylvania,S-2250,110.5,5.0,ytm,4.0478311958715185,4.524886877828054,defaulted,primary,False,False,False
1831-10-29,Pennsylvania,S-2250,110.5,5.0,ytm,4.046881149830868,4.524886877828054,defaulted,primary,False,False,False
1831-11-05,Pennsylvania,S-2250,109.0,5.0,ytm,4.176355253210998,4.587155963302752,defaulted,primary,False,False,False
1831-11-12,Pennsylvania,S-2250,109.0,5.0,ytm,4.175530633498753,4.587155963302752,defaulted,primary,False,False,False
1831-11-19,Pennsylvania,S-2250,109.0,5.0,ytm,4.174703775144668,4.587155963302752,defaulted,primary,False,False,False
1831-11-26,Pennsylvania,S-2250,108.0,5.0,ytm,4.262135922330097,4.62962962962963,defaulted,primary,False,False,False
1831-12-03,Pennsylvania,S-2250,108.0,5.0,ytm,4.261393380098415,4.62962962962963,defaulted,primary,False,False,False
1831-12-10,Pennsylvania,S-2250,108.0,5.0,ytm,4.2606488138030185,4.62962962962963,defaulted,primary,False,False,False
1831-12-17,Pennsylvania,S-2250,108.0,5.0,ytm,4.259902215156651,4.62962962962963,defaulted,primary,False,False,False
1831-12-24,Pennsylvania,S-2250,108.0,5.0,ytm,4.25915357582675,4.62962962962963,defaulted,primary,False,False,False
1831-12-31,Pennsylvania,S-2250,108.0,5.0,ytm,4.258402887435145,4.62962962962963,defaulted,primary,False,False,False
1832-01-07,Pennsylvania,S-2250,109.0,5.0,ytm,4.16885231160053,4.587155963302752,defaulted,primary,False,False,False
1832-01-14,Pennsylvania,S-2250,109.0,5.0,ytm,4.168007211270142,4.587155963302752,defaulted,primary,False,False,False
1832-01-21,Pennsylvania,S-2250,109.0,5.0,ytm,4.167159788324006,4.587155963302752,defaulted,primary,False,False,False
1832-01-28,Pennsylvania,S-2250,109.0,5.0,ytm,4.166310033173969,4.587155963302752,defaulted,primary,False,False,False
1832-02-04,Pennsylvania,S-2250,109.0,5.0,ytm,4.16545793617903,4.587155963302752,defaulted,primary,False,False,False
1832-02-11,Pennsylvania,S-2250,109.0,5.0,ytm,4.1646034876449765,4.587155963302752,defaulted,primary,False,False,False
1832-02-18,Pennsylvania,S-2250,111.0,5.0,ytm,3.9876006383977933,4.504504504504505,defaulted,primary,False,False,False
1832-02-25,Pennsylvania,S-2250,111.5,5.0,ytm,3.942999789248102,4.484304932735426,defaulted,primary,False,False,False
1832-03-03,Pennsylvania,S-2250,112.0,5.0,ytm,3.898512078160713,4.464285714285714,defaulted,primary,False,False,False
1832-03-10,Pennsylvania,S-2250,112.0,5.0,ytm,3.8973764422088006,4.464285714285714,defaulted,primary,False,False,False
1832-03-17,Pennsylvania,S-2250,111.5,5.0,ytm,3.9397271047368605,4.484304932735426,defaulted,primary,False,False,False
1832-03-24,Pennsylvania,S-2250,111.5,5.0,ytm,3.9386301385311775,4.484304932735426,defaulted,primary,False,False,False
1832-03-31,Pennsylvania,S-2250,111.5,5.0,ytm,3.9375301154929154,4.484304932735426,defaulted,primary,False,False,False
1832-04-07,Pennsylvania,S-2250,111.5,5.0,ytm,3.9364270228268805,4.484304932735426,defaulted,primary,False,False,False
1832-04-21,Pennsylvania,S-2250,111.5,5.0,ytm,3.9342115770726687,4.484304932735426,defaulted,primary,False,False,False
1832-04-28,Pennsylvania,S-2250,111.5,5.0,ytm,3.933099198034551,4.484304932735426,defaulted,primary,False,False,False
1832-05-05,Pennsylvania,S-2250,111.5,5.0,ytm,3.931983697467763,4.484304932735426,defaulted,primary,False,False,False
1832-05-12,Pennsylvania,S-2250,111.5,5.0,ytm,3.9308650622145156,4.484304932735426,defaulted,primary,False,False,False
1832-05-19,Pennsylvania,S-2250,111.5,5.0,ytm,3.9297432790429685,4.484304932735426,defaulted,primary,False,False,False
1832-05-26,Pennsylvania,S-2250,111.5,5.0,ytm,3.928618334646704,4.484304932735426,defaulted,primary,False,False,False
1832-06-02,Pennsylvania,S-2250,111.5,5.0,ytm,3.9274902156442,4.484304932735426,defaulted,primary,False,False,False
1832-06-09,Pennsylvania,S-2250,112.0,5.0,ytm,3.882321127962158,4.464285714285714,defaulted,primary,False,False,False
1832-06-16,Pennsylvania,S-2250,112.0,5.0,ytm,3.881140084899939,4.464285714285714,defaulted,primary,False,False,False
1832-06-23,Pennsylvania,S-2250,112.0,5.0,ytm,3.879955694752119,4.464285714285714,defaulted,primary,False,False,False
1832-06-30,Pennsylvania,S-2250,112.0,5.0,ytm,3.878767943270006,4.464285714285714,defaulted,primary,False,False,False
1832-07-07,Pennsylvania,S-2250,112.0,5.0,ytm,3.877576816123917,4.464285714285714,defaulted,primary,False,False,False
1832-07-14,Pennsylvania,S-2250,112.0,5.0,ytm,3.876382298902599,4.464285714285714,defaulted,primary,False,False,False
1832-07-21,Pennsylvania,S-2250,112.0,5.0,ytm,3.875184377112654,4.464285714285714,defaulted,primary,False,False,False
1832-07-28,Pennsylvania,S-2250,111.0,5.0,ytm,3.96292592431555,4.504504504504505,defaulted,primary,False,False,False
1832-08-04,Pennsylvania,S-2250,111.0,5.0,ytm,3.9618163134580513,4.504504504504505,defaulted,primary,False,False,False
1832-08-08,Pennsylvania,S-2250,111.0,5.0,ytm,3.9611808249583103,4.504504504504505,defaulted,primary,False,False,False
1832-08-14,Pennsylvania,S-2250,111.0,5.0,ytm,3.960225642059866,4.504504504504505,defaulted,primary,False,False,False
1832-08-18,Pennsylvania,S-2250,111.0,5.0,ytm,3.959587549634943,4.504504504504505,defaulted,primary,False,False,False
1832-08-25,Pennsylvania,S-2250,111.0,5.0,ytm,3.9584683692775937,4.504504504504505,defaulted,primary,False,False,False
1832-09-01,Pennsylvania,S-2250,111.0,5.0,ytm,3.957345971563981,4.504504504504505,defaulted,primary,False,False,False
1832-09-08,Pennsylvania,S-2250,111.0,5.0,ytm,3.956220342600525,4.504504504504505,defaulted,primary,False,False,False
1832-09-15,Pennsylvania,S-2250,111.0,5.0,ytm,3.9550914684135323,4.504504504504505,defaulted,primary,False,False,False
1832-09-22,Pennsylvania,S-2250,111.0,5.0,ytm,3.9539593349486237,4.504504504504505,defaulted,primary,False,False,False
1832-09-29,Pennsylvania,S-2250,111.0,5.0,ytm,3.9528239280701447,4.504504504504505,defaulted,primary,False,False,False
1832-10-06,Pennsylvania,S-2250,112.0,5.0,ytm,3.8617783067647466,4.464285714285714,defaulted,primary,False,False,False
1832-10-13,Pennsylvania,S-2250,112.0,5.0,ytm,3.8605383689484305,4.464285714285714,defaulted,primary,False,False,False
1832-10-20,Pennsylvania,S-2250,112.0,5.0,ytm,3.8592948304000187,4.464285714285714,defaulted,primary,False,False,False
1832-10-27,Pennsylvania,S-2250,112.0,5.0,ytm,3.858047675412124,4.464285714285714,defaulted,primary,False,False,False
1832-11-03,Pennsylvania,S-2250,112.0,5.0,ytm,3.856796888185861,4.464285714285714,defaulted,primary,False,False,False
1832-11-10,Pennsylvania,S-2250,112.0,5.0,ytm,3.8555424528301887,4.464285714285714,defaulted,primary,False,False,False
1832-11-17,Pennsylvania,S-2250,112.0,5.0,ytm,3.85428435336123,4.464285714285714,defaulted,primary,False,False,False
1832-11-24,Pennsylvania,S-2250,112.0,5.0,ytm,3.8530225737015975,4.464285714285714,defaulted,primary,False,False,False
1832-12-01,Pennsylvania,S-2250,112.0,5.0,ytm,3.8517570976797075,4.464285714285714,defaulted,primary,False,False,False
1832-12-08,Pennsylvania,S-2250,112.0,5.0,ytm,3.850487909029084,4.464285714285714,defaulted,primary,False,False,False
1832-12-15,Pennsylvania,S-2250,112.0,5.0,ytm,3.8492149913876736,4.464285714285714,defaulted,primary,False,False,False
1832-12-22,Pennsylvania,S-2250,112.0,5.0,ytm,3.8479383282971282,4.464285714285714,defaulted,primary,False,False,False
1833-01-07,Pennsylvania,S-2250,110.0,5.0,ytm,4.028338454740817,4.545454545454546,defaulted,primary,False,False,False
1833-01-14,Pennsylvania,S-2250,110.0,5.0,ytm,4.027253985015337,4.545454545454546,defaulted,primary,False,False,False
1833-01-21,Pennsylvania,S-2250,110.0,5.0,ytm,4.026166304085085,4.545454545454546,defaulted,primary,False,False,False
1833-01-28,Pennsylvania,S-2250,110.0,5.0,ytm,4.02507539766595,4.545454545454546,defaulted,primary,False,False,False
1833-02-04,Pennsylvania,S-2250,110.0,5.0,ytm,4.023981251388973,4.545454545454546,defaulted,primary,False,False,False
1833-02-11,Pennsylvania,S-2250,110.0,5.0,ytm,4.022883850799721,4.545454545454546,defaulted,primary,False,False,False
1833-02-18,Pennsylvania,S-2250,110.0,5.0,ytm,4.021783181357649,4.545454545454546,defaulted,primary,False,False,False
1833-02-25,Pennsylvania,S-2250,110.0,5.0,ytm,4.020679228435461,4.545454545454546,defaulted,primary,False,False,False
1833-03-02,Pennsylvania,S-2250,110.0,5.0,ytm,4.019888672192427,4.545454545454546,defaulted,primary,False,False,False
1833-03-18,Pennsylvania,S-2250,107.0,5.0,ytm,4.30217432664946,4.672897196261682,defaulted,primary,False,False,False
1833-04-02,Pennsylvania,S-2250,107.0,5.0,ytm,4.300471266049031,4.672897196261682,defaulted,primary,False,False,False
1833-04-08,Pennsylvania,S-2250,107.0,5.0,ytm,4.2997869659737615,4.672897196261682,defaulted,primary,False,False,False
1833-04-22,Pennsylvania,S-2250,108.0,5.0,ytm,4.201779997013984,4.62962962962963,defaulted,primary,False,False,False
1833-04-29,Pennsylvania,S-2250,108.0,5.0,ytm,4.20086393088553,4.62962962962963,defaulted,primary,False,False,False
1833-05-06,Pennsylvania,S-2250,108.0,5.0,ytm,4.199945090600509,4.62962962962963,defaulted,primary,False,False,False
1833-05-20,Pennsylvania,S-2250,108.0,5.0,ytm,4.198099037001184,4.62962962962963,defaulted,primary,False,False,False
1833-05-28,Pennsylvania,S-2250,108.0,5.0,ytm,4.197039105211242,4.62962962962963,defaulted,primary,False,False,False
1833-06-08,Pennsylvania,S-2250,110.0,5.0,ytm,4.004046062869592,4.545454545454546,defaulted,primary,False,False,False
1833-06-19,Pennsylvania,S-2250,110.0,5.0,ytm,4.002225480714233,4.545454545454546,defaulted,primary,False,False,False
1833-06-25,Pennsylvania,S-2250,110.0,5.0,ytm,4.001228744285818,4.545454545454546,defaulted,primary,False,False,False
1833-07-01,Pennsylvania,S-2250,110.0,5.0,ytm,4.000229388887151,4.545454545454546,defaulted,primary,False,False,False
1833-07-08,Pennsylvania,S-2250,110.0,5.0,ytm,3.99906015037594,4.545454545454546,defaulted,primary,False,False,False
1833-07-22,Pennsylvania,S-2250,110.0,5.0,ytm,3.99671087088597,4.545454545454546,defaulted,primary,False,False,False
1833-07-29,Pennsylvania,S-2250,110.0,5.0,ytm,3.995530796588298,4.545454545454546,defaulted,primary,False,False,False
1833-08-05,Pennsylvania,S-2250,110.0,5.0,ytm,3.994347076871349,4.545454545454546,defaulted,primary,False,False,False
1833-08-12,Pennsylvania,S-2250,110.75,5.0,ytm,3.9214984631315417,4.514672686230249,defaulted,primary,False,False,False
1833-08-17,Pennsylvania,S-2250,110.75,5.0,ytm,3.920587556031451,4.514672686230249,defaulted,primary,False,False,False
1833-08-26,Pennsylvania,S-2250,110.75,5.0,ytm,3.9189428346104274,4.514672686230249,defaulted,primary,False,False,False
1833-09-02,Pennsylvania,S-2250,110.75,5.0,ytm,3.9176590625125103,4.514672686230249,defaulted,primary,False,False,False
1833-09-09,Pennsylvania,S-2250,110.75,5.0,ytm,3.91637129379254,4.514672686230249,defaulted,primary,False,False,False
1833-09-17,Pennsylvania,S-2250,110.75,5.0,ytm,3.914894640305669,4.514672686230249,defaulted,primary,False,False,False
1833-09-23,Pennsylvania,S-2250,110.0,5.0,ytm,3.9859575326896315,4.545454545454546,defaulted,primary,False,False,False
1833-09-30,Pennsylvania,S-2250,109.75,5.0,ytm,4.008945604207741,4.555808656036446,defaulted,primary,False,False,False
1833-10-07,Pennsylvania,S-2250,108.5,5.0,ytm,4.129781875998418,4.6082949308755765,defaulted,primary,False,False,False
1833-10-14,Pennsylvania,S-2250,108.5,5.0,ytm,4.128736455031403,4.6082949308755765,defaulted,primary,False,False,False
1833-10-21,Pennsylvania,S-2250,107.0,5.0,ytm,4.276419590429253,4.672897196261682,defaulted,primary,False,False,False
1833-11-04,Pennsylvania,S-2250,105.0,5.0,ytm,4.4768537079651365,4.761904761904762,defaulted,primary,False,False,False
1833-11-11,Pennsylvania,S-2250,105.0,5.0,ytm,4.476220337304862,4.761904761904762,defaulted,primary,False,False,False
1833-11-18,Pennsylvania,S-2250,105.0,5.0,ytm,4.475584963665312,4.761904761904762,defaulted,primary,False,False,False
1833-11-25,Pennsylvania,S-2250,105.0,5.0,ytm,4.474947577530075,4.761904761904762,defaulted,primary,False,False,False
1833-11-30,Pennsylvania,S-2250,105.0,5.0,ytm,4.4744910642764415,4.761904761904762,defaulted,primary,False,False,False
1833-12-07,Pennsylvania,S-2250,105.0,5.0,ytm,4.473850205834181,4.761904761904762,defaulted,primary,False,False,False
1833-12-14,Pennsylvania,S-2250,104.0,5.0,ytm,4.576499993317027,4.807692307692308,defaulted,primary,False,False,False
1833-12-21,Pennsylvania,S-2250,103.5,5.0,ytm,4.628072231622528,4.830917874396135,defaulted,primary,False,False,False
1835-01-17,Pennsylvania,S-2250,105.0,5.0,ytm,4.43284455333309,4.761904761904762,defaulted,primary,False,False,False
1835-01-24,Pennsylvania,S-2250,104.0,5.0,ytm,4.5434243785123565,4.807692307692308,defaulted,primary,False,False,False
1835-01-31,Pennsylvania,S-2250,104.0,5.0,ytm,4.542795051822133,4.807692307692308,defaulted,primary,False,False,False
1835-02-07,Pennsylvania,S-2250,104.25,5.0,ytm,4.514144143063886,4.796163069544365,defaulted,primary,False,False,False
1835-02-14,Pennsylvania,S-2250,104.25,5.0,ytm,4.513471592277589,4.796163069544365,defaulted,primary,False,False,False
1835-02-21,Pennsylvania,S-2250,104.5,5.0,ytm,4.484768287023198,4.784688995215311,defaulted,primary,False,False,False
1835-02-28,Pennsylvania,S-2250,106.0,5.0,ytm,4.317078552515445,4.716981132075472,defaulted,primary,False,False,False
1835-03-07,Pennsylvania,S-2250,105.25,5.0,ytm,4.399424664903974,4.750593824228028,defaulted,primary,False,False,False
1835-03-14,Pennsylvania,S-2250,105.25,5.0,ytm,4.398586150547619,4.750593824228028,defaulted,primary,False,False,False
1835-03-21,Pennsylvania,S-2250,105.25,5.0,ytm,4.397744655942218,4.750593824228028,defaulted,primary,False,False,False
1835-04-04,Pennsylvania,S-2250,105.25,5.0,ytm,4.396052662203155,4.750593824228028,defaulted,primary,False,False,False
1835-04-11,Pennsylvania,S-2250,105.25,5.0,ytm,4.395202130894046,4.750593824228028,defaulted,primary,False,False,False
1835-04-18,Pennsylvania,S-2250,106.5,5.0,ytm,4.254684898804699,4.694835680751173,defaulted,primary,False,False,False
1835-04-25,Pennsylvania,S-2250,107.0,5.0,ytm,4.198159202502573,4.672897196261682,defaulted,primary,False,False,False
1835-05-02,Pennsylvania,S-2250,107.0,5.0,ytm,4.197022607505588,4.672897196261682,defaulted,primary,False,False,False
1835-05-09,Pennsylvania,S-2250,107.0,5.0,ytm,4.195881921935348,4.672897196261682,defaulted,primary,False,False,False
1835-05-16,Pennsylvania,S-2250,106.0,5.0,ytm,4.3064240690688065,4.716981132075472,defaulted,primary,False,False,False
1835-05-23,Pennsylvania,S-2250,106.0,5.0,ytm,4.305434488562927,4.716981132075472,defaulted,primary,False,False,False
1835-05-30,Pennsylvania,S-2250,106.0,5.0,ytm,4.304441327253976,4.716981132075472,defaulted,primary,False,False,False
1835-06-06,Pennsylvania,S-2250,106.0,5.0,ytm,4.303444565670989,4.716981132075472,defaulted,primary,False,False,False
1835-06-13,Pennsylvania,S-2250,106.0,5.0,ytm,4.30244418420158,4.716981132075472,defaulted,primary,False,False,False
1835-06-20,Pennsylvania,S-2250,106.0,5.0,ytm,4.301440163090649,4.716981132075472,defaulted,primary,False,False,False
1835-06-27,Pennsylvania,S-2250,106.0,5.0,ytm,4.300432482439089,4.716981132075472,defaulted,primary,False,False,False
1835-07-04,Pennsylvania,S-2250,107.0,5.0,ytm,4.186606488096587,4.672897196261682,defaulted,primary,False,False,False
1835-07-11,Pennsylvania,S-2250,107.0,5.0,ytm,4.185427972365181,4.672897196261682,defaulted,primary,False,False,False
1835-07-18,Pennsylvania,S-2250,107.0,5.0,ytm,4.1842451374661715,4.672897196261682,defaulted,primary,False,False,False
1835-07-25,Pennsylvania,S-2250,107.0,5.0,ytm,4.183057959611854,4.672897196261682,defaulted,primary,False,False,False
1835-08-01,Pennsylvania,S-2250,103.0,5.0,ytm,4.64246238115084,4.854368932038835,defaulted,primary,False,False,False
1835-08-08,Pennsylvania,S-2250,103.0,5.0,ytm,4.641939737836117,4.854368932038835,defaulted,primary,False,False,False
1835-08-15,Pennsylvania,S-2250,103.0,5.0,ytm,4.641415164931097,4.854368932038835,defaulted,primary,False,False,False
1835-08-22,Pennsylvania,S-2250,103.0,5.0,ytm,4.640888651729995,4.854368932038835,defaulted,primary,False,False,False
1835-08-29,Pennsylvania,S-2250,103.0,5.0,ytm,4.640360187447682,4.854368932038835,defaulted,primary,False,False,False
1835-09-05,Pennsylvania,S-2250,103.0,5.0,ytm,4.639829761218948,4.854368932038835,defaulted,primary,False,False,False
1835-09-12,Pennsylvania,S-2250,103.0,5.0,ytm,4.639297362097758,4.854368932038835,defaulted,primary,False,False,False
1835-09-19,Pennsylvania,S-2250,103.0,5.0,ytm,4.6387629790565,4.854368932038835,defaulted,primary,False,False,False
1835-09-26,Pennsylvania,S-2250,103.0,5.0,ytm,4.638226600985221,4.854368932038835,defaulted,primary,False,False,False
1835-10-03,Pennsylvania,S-2250,101.5,5.0,ytm,4.817495553320707,4.926108374384237,defaulted,primary,False,False,False
1835-10-10,Pennsylvania,S-2250,101.5,5.0,ytm,4.817223341002439,4.926108374384237,defaulted,primary,False,False,False
1835-10-17,Pennsylvania,S-2250,103.0,5.0,ytm,4.636605384240417,4.854368932038835,defaulted,primary,False,False,False
1835-10-24,Pennsylvania,S-2250,103.5,5.0,ytm,4.576447631256874,4.830917874396135,defaulted,primary,False,False,False
1835-10-31,Pennsylvania,S-2250,104.0,5.0,ytm,4.516401446177394,4.807692307692308,defaulted,primary,False,False,False
1835-11-07,Pennsylvania,S-2250,104.0,5.0,ytm,4.515673583349197,4.807692307692308,defaulted,primary,False,False,False
1835-11-14,Pennsylvania,S-2250,104.0,5.0,ytm,4.514942967189578,4.807692307692308,defaulted,primary,False,False,False
1835-11-21,Pennsylvania,S-2250,104.0,5.0,ytm,4.514209582046138,4.807692307692308,defaulted,primary,False,False,False
1835-11-28,Pennsylvania,S-2250,104.0,5.0,ytm,4.51347341214761,4.807692307692308,defaulted,primary,False,False,False
1835-12-05,Pennsylvania,S-2250,104.0,5.0,ytm,4.512734441602728,4.807692307692308,defaulted,primary,False,False,False
1835-12-12,Pennsylvania,S-2250,103.0,5.0,ytm,4.63219150799537,4.854368932038835,defaulted,primary,False,False,False
1835-12-26,Pennsylvania,S-2250,103.0,5.0,ytm,4.6310669285667165,4.854368932038835,defaulted,primary,False,False,False
1836-01-16,Pennsylvania,S-2250,103.0,5.0,ytm,4.6293638306112,4.854368932038835,defaulted,primary,False,False,False
1836-01-23,Pennsylvania,S-2250,101.0,5.0,ytm,4.8750327130527475,4.9504950495049505,defaulted,primary,False,False,False
1836-01-30,Pennsylvania,S-2250,101.0,5.0,ytm,4.874839379262627,4.9504950495049505,defaulted,primary,False,False,False
1836-02-06,Pennsylvania,S-2250,101.0,5.0,ytm,4.874645297152611,4.9504950495049505,defaulted,primary,False,False,False
1836-02-13,Pennsylvania,S-2250,101.0,5.0,ytm,4.874450462369592,4.9504950495049505,defaulted,primary,False,False,False
1836-02-20,Pennsylvania,S-2250,102.5,5.0,ytm,4.687965789825351,4.878048780487805,defaulted,primary,False,False,False
1836-02-27,Pennsylvania,S-2250,103.0,5.0,ytm,4.625897959966466,4.854368932038835,defaulted,primary,False,False,False
1836-03-05,Pennsylvania,S-2250,103.0,5.0,ytm,4.6253124283696625,4.854368932038835,defaulted,primary,False,False,False
1836-03-12,Pennsylvania,S-2250,103.0,5.0,ytm,4.62472460826299,4.854368932038835,defaulted,primary,False,False,False
1836-03-19,Pennsylvania,S-2250,103.0,5.0,ytm,4.6241344862034515,4.854368932038835,defaulted,primary,False,False,False
1836-03-26,Pennsylvania,S-2250,103.0,5.0,ytm,4.623542048642559,4.854368932038835,defaulted,primary,False,False,False
1836-04-02,Pennsylvania,S-2250,104.0,5.0,ytm,4.4997274394172155,4.807692307692308,defaulted,primary,False,False,False
1836-04-09,Pennsylvania,S-2250,104.0,5.0,ytm,4.498935195912918,4.807692307692308,defaulted,primary,False,False,False
1836-04-16,Pennsylvania,S-2250,104.0,5.0,ytm,4.498139825425518,4.807692307692308,defaulted,primary,False,False,False
1836-04-23,Pennsylvania,S-2250,103.0,5.0,ytm,4.621148868664942,4.854368932038835,defaulted,primary,False,False,False
1836-04-30,Pennsylvania,S-2250,102.0,5.0,ytm,4.745777436503911,4.901960784313726,defaulted,primary,False,False,False
1836-05-07,Pennsylvania,S-2250,102.0,5.0,ytm,4.745371020369195,4.901960784313726,defaulted,primary,False,False,False
1836-05-14,Pennsylvania,S-2250,102.0,5.0,ytm,4.744962987347328,4.901960784313726,defaulted,primary,False,False,False
1836-05-21,Pennsylvania,S-2250,102.0,5.0,ytm,4.744553327770134,4.901960784313726,defaulted,primary,False,False,False
1836-05-28,Pennsylvania,S-2250,102.0,5.0,ytm,4.744142031892205,4.901960784313726,defaulted,primary,False,False,False
1836-06-04,Pennsylvania,S-2250,101.0,5.0,ytm,4.871227055118917,4.9504950495049505,defaulted,primary,False,False,False
1836-06-11,Pennsylvania,S-2250,101.0,5.0,ytm,4.871018724766314,4.9504950495049505,defaulted,primary,False,False,False
1836-06-18,Pennsylvania,S-2250,101.0,5.0,ytm,4.870809557265338,4.9504950495049505,defaulted,primary,False,False,False
1836-06-25,Pennsylvania,S-2250,101.0,5.0,ytm,4.870599547559871,4.9504950495049505,defaulted,primary,False,False,False
1836-07-02,Pennsylvania,S-2250,101.0,5.0,ytm,4.870388690552999,4.9504950495049505,defaulted,primary,False,False,False
1836-07-09,Pennsylvania,S-2250,101.0,5.0,ytm,4.870176981106595,4.9504950495049505,defaulted,primary,False,False,False
1836-07-16,Pennsylvania,S-2250,101.0,5.0,ytm,4.869964414040906,4.9504950495049505,defaulted,primary,False,False,False
1836-07-23,Pennsylvania,S-2250,100.0,5.0,ytm,5.0,5.0,defaulted,primary,False,False,False
1836-07-30,Pennsylvania,S-2250,100.0,5.0,ytm,5.0,5.0,defaulted,primary,False,False,False
1836-08-06,Pennsylvania,S-2250,100.75,5.0,ytm,4.901869082643145,4.962779156327544,defaulted,primary,False,False,False
1836-08-13,Pennsylvania,S-2250,101.0,5.0,ytm,4.869105464509425,4.9504950495049505,defaulted,primary,False,False,False
1836-08-20,Pennsylvania,S-2250,101.0,5.0,ytm,4.868888530164146,4.9504950495049505,defaulted,primary,False,False,False
1836-08-27,Pennsylvania,S-2250,101.0,5.0,ytm,4.868670706222841,4.9504950495049505,defaulted,primary,False,False,False
1836-09-03,Pennsylvania,S-2250,101.0,5.0,ytm,4.868451987202233,4.9504950495049505,defaulted,primary,False,False,False
1836-09-10,Pennsylvania,S-2250,101.0,5.0,ytm,4.868232367573895,4.9504950495049505,defaulted,primary,False,False,False
1836-09-17,Pennsylvania,S-2250,101.0,5.0,ytm,4.868011841763772,4.9504950495049505,defaulted,primary,False,False,False
1836-09-24,Pennsylvania,S-2250,100.0,5.0,ytm,5.0,5.0,defaulted,primary,False,False,False
1836-10-01,Pennsylvania,S-2250,99.5,5.0,ytm,5.066713839941672,5.025125628140704,defaulted,primary,False,False,False
1836-10-08,Pennsylvania,S-2250,99.5,5.0,ytm,5.0668263184652025,5.025125628140704,defaulted,primary,False,False,False
1836-10-15,Pennsylvania,S-2250,99.5,5.0,ytm,5.066939264952873,5.025125628140704,defaulted,primary,False,False,False
1836-10-22,Pennsylvania,S-2250,99.0,5.0,ytm,5.134442312814818,5.05050505050505,defaulted,primary,False,False,False
1836-10-29,Pennsylvania,S-2250,98.0,5.0,ytm,5.270701644918297,5.1020408163265305,defaulted,primary,False,False,False
1836-11-12,Pennsylvania,S-2250,98.0,5.0,ytm,5.271625454424376,5.1020408163265305,defaulted,primary,False,False,False
1836-11-19,Pennsylvania,S-2250,98.0,5.0,ytm,5.272090272090272,5.1020408163265305,defaulted,primary,False,False,False
1836-11-26,Pennsylvania,S-2250,98.0,5.0,ytm,5.272557048061111,5.1020408163265305,defaulted,primary,False,False,False
1836-12-03,Pennsylvania,S-2250,98.0,5.0,ytm,5.273025794738702,5.1020408163265305,defaulted,primary,False,False,False
1836-12-10,Pennsylvania,S-2250,98.0,5.0,ytm,5.273496524629798,5.1020408163265305,defaulted,primary,False,False,False
1836-12-17,Pennsylvania,S-2250,98.0,5.0,ytm,5.2739692503472035,5.1020408163265305,defaulted,primary,False,False,False
1836-12-24,Pennsylvania,S-2250,98.0,5.0,ytm,5.274443984610904,5.1020408163265305,defaulted,primary,False,False,False
1836-12-31,Pennsylvania,S-2250,98.0,5.0,ytm,5.2749207402492075,5.1020408163265305,defaulted,primary,False,False,False
1837-01-07,Pennsylvania,S-2250,98.0,5.0,ytm,5.275399530199896,5.1020408163265305,defaulted,primary,False,False,False
1837-01-14,Pennsylvania,S-2250,98.0,5.0,ytm,5.2758803675114,5.1020408163265305,defaulted,primary,False,False,False
1837-01-21,Pennsylvania,S-2250,97.0,5.0,ytm,5.416649186838388,5.154639175257731,defaulted,primary,False,False,False
1837-01-28,Pennsylvania,S-2250,97.0,5.0,ytm,5.4173803369561835,5.154639175257731,defaulted,primary,False,False,False
1837-02-04,Pennsylvania,S-2250,97.0,5.0,ytm,5.418114633739101,5.154639175257731,defaulted,primary,False,False,False
1837-02-11,Pennsylvania,S-2250,97.0,5.0,ytm,5.418852097544499,5.154639175257731,defaulted,primary,False,False,False
1837-02-18,Pennsylvania,S-2250,97.0,5.0,ytm,5.419592748905706,5.154639175257731,defaulted,primary,False,False,False
1837-02-25,Pennsylvania,S-2250,97.0,5.0,ytm,5.420336608533949,5.154639175257731,defaulted,primary,False,False,False
1837-03-04,Pennsylvania,S-2250,97.0,5.0,ytm,5.421083697320269,5.154639175257731,defaulted,primary,False,False,False
1837-03-11,Pennsylvania,S-2250,97.0,5.0,ytm,5.42183403633748,5.154639175257731,defaulted,primary,False,False,False
1837-03-18,Pennsylvania,S-2250,96.0,5.0,ytm,5.566324941686422,5.208333333333334,defaulted,primary,False,False,False
1837-03-25,Pennsylvania,S-2250,94.0,5.0,ytm,5.859782230974169,5.319148936170213,defaulted,primary,False,False,False
1837-04-01,Pennsylvania,S-2250,94.0,5.0,ytm,5.8613261788596915,5.319148936170213,defaulted,primary,False,False,False
1837-04-08,Pennsylvania,S-2250,94.0,5.0,ytm,5.862876902692047,5.319148936170213,defaulted,primary,False,False,False
1837-04-15,Pennsylvania,S-2250,94.0,5.0,ytm,5.86443444717588,5.319148936170213,defaulted,primary,False,False,False
1837-04-29,Pennsylvania,S-2250,92.0,5.0,ytm,6.16880982433996,5.434782608695652,defaulted,primary,False,False,False
1837-05-06,Pennsylvania,S-2250,92.0,5.0,ytm,6.170936116382037,5.434782608695652,defaulted,primary,False,False,False
1837-05-20,Pennsylvania,S-2250,95.0,5.0,ytm,5.723210504023719,5.263157894736842,defaulted,primary,False,False,False
1837-05-27,Pennsylvania,S-2250,98.0,5.0,ytm,5.285423480265887,5.1020408163265305,defaulted,primary,False,False,False
1837-06-03,Pennsylvania,S-2250,98.0,5.0,ytm,5.2859481863949,5.1020408163265305,defaulted,primary,False,False,False
1837-06-10,Pennsylvania,S-2250,98.0,5.0,ytm,5.286475241703895,5.1020408163265305,defaulted,primary,False,False,False
1837-06-17,Pennsylvania,S-2250,99.0,5.0,ytm,5.142781213761113,5.05050505050505,defaulted,primary,False,False,False
1837-06-24,Pennsylvania,S-2250,100.0,5.0,ytm,5.0,5.0,defaulted,primary,False,False,False
1837-07-01,Pennsylvania,S-2250,100.0,5.0,ytm,5.0,5.0,defaulted,primary,False,False,False
1837-07-08,Pennsylvania,S-2250,101.0,5.0,ytm,4.857850149061084,4.9504950495049505,defaulted,primary,False,False,False
1837-07-22,Pennsylvania,S-2250,101.5,5.0,ytm,4.786507997152635,4.926108374384237,defaulted,primary,False,False,False
1837-07-29,Pennsylvania,S-2250,101.5,5.0,ytm,4.786107120572316,4.926108374384237,defaulted,primary,False,False,False
1837-08-05,Pennsylvania,S-2250,101.5,5.0,ytm,4.785704416485606,4.926108374384237,defaulted,primary,False,False,False
1837-08-12,Pennsylvania,S-2250,101.5,5.0,ytm,4.785299872367167,4.926108374384237,defaulted,primary,False,False,False
1837-08-19,Pennsylvania,S-2250,101.5,5.0,ytm,4.784893475576941,4.926108374384237,defaulted,primary,False,False,False
1837-09-02,Pennsylvania,S-2250,102.0,5.0,ytm,4.712812720641107,4.901960784313726,defaulted,primary,False,False,False
1837-09-09,Pennsylvania,S-2250,104.0,5.0,ytm,4.430171277997365,4.807692307692308,defaulted,primary,False,False,False
1837-09-16,Pennsylvania,S-2250,104.0,5.0,ytm,4.42908097540766,4.807692307692308,defaulted,primary,False,False,False
1837-09-23,Pennsylvania,S-2250,104.0,5.0,ytm,4.427985621780148,4.807692307692308,defaulted,primary,False,False,False
1837-09-30,Pennsylvania,S-2250,104.0,5.0,ytm,4.42688518193347,4.807692307692308,defaulted,primary,False,False,False
1837-10-07,Pennsylvania,S-2250,104.0,5.0,ytm,4.425779620358782,4.807692307692308,defaulted,primary,False,False,False
1837-10-14,Pennsylvania,S-2250,104.0,5.0,ytm,4.424668901215935,4.807692307692308,defaulted,primary,False,False,False
1837-10-21,Pennsylvania,S-2250,102.5,5.0,ytm,4.6370518815408595,4.878048780487805,defaulted,primary,False,False,False
1837-10-28,Pennsylvania,S-2250,101.0,5.0,ytm,4.853452856241058,4.9504950495049505,defaulted,primary,False,False,False
1837-11-04,Pennsylvania,S-2250,100.0,5.0,ytm,5.0,5.0,defaulted,primary,False,False,False
1837-11-11,Pennsylvania,S-2250,100.0,5.0,ytm,5.0,5.0,defaulted,primary,False,False,False
1837-11-18,Pennsylvania,S-2250,101.0,5.0,ytm,4.852591392330323,4.9504950495049505,defaulted,primary,False,False,False
1837-11-25,Pennsylvania,S-2250,101.0,5.0,ytm,4.852301520447778,4.9504950495049505,defaulted,primary,False,False,False
1837-12-02,Pennsylvania,S-2250,101.0,5.0,ytm,4.852010273834082,4.9504950495049505,defaulted,primary,False,False,False
1837-12-09,Pennsylvania,S-2250,101.0,5.0,ytm,4.851717642686398,4.9504950495049505,defaulted,primary,False,False,False
1837-12-16,Pennsylvania,S-2250,101.0,5.0,ytm,4.851423617108468,4.9504950495049505,defaulted,primary,False,False,False
1837-12-23,Pennsylvania,S-2250,101.0,5.0,ytm,4.851128187109488,4.9504950495049505,defaulted,primary,False,False,False
1837-12-30,Pennsylvania,S-2250,100.5,5.0,ytm,4.925229675469329,4.975124378109453,defaulted,primary,False,False,False
1838-01-06,Pennsylvania,S-2250,100.5,5.0,ytm,4.925080168963946,4.975124378109453,defaulted,primary,False,False,False
1838-01-13,Pennsylvania,S-2250,101.0,5.0,ytm,4.8502333692362924,4.9504950495049505,defaulted,primary,False,False,False
1838-01-20,Pennsylvania,S-2250,101.0,5.0,ytm,4.849932219714381,4.9504950495049505,defaulted,primary,False,False,False
1838-02-10,Pennsylvania,S-2250,100.0,5.0,ytm,5.0,5.0,defaulted,primary,False,False,False
1838-02-17,Pennsylvania,S-2250,100.0,5.0,ytm,5.0,5.0,defaulted,primary,False,False,False
1838-02-24,Pennsylvania,S-2250,100.0,5.0,ytm,5.0,5.0,defaulted,primary,False,False,False
1838-03-03,Pennsylvania,S-2250,100.0,5.0,ytm,5.0,5.0,defaulted,primary,False,False,False
1838-03-10,Pennsylvania,S-2250,100.0,5.0,ytm,5.0,5.0,defaulted,primary,False,False,False
1838-03-31,Pennsylvania,S-2250,99.0,5.0,ytm,5.154700434754074,5.05050505050505,defaulted,primary,False,False,False
1838-04-07,Pennsylvania,S-2250,99.0,5.0,ytm,5.155021391458353,5.05050505050505,defaulted,primary,False,False,False
1838-04-14,Pennsylvania,S-2250,99.0,5.0,ytm,5.155343942129948,5.05050505050505,defaulted,primary,False,False,False
1838-04-21,Pennsylvania,S-2250,99.0,5.0,ytm,5.155668098672594,5.05050505050505,defaulted,primary,False,False,False
1838-04-28,Pennsylvania,S-2250,99.0,5.0,ytm,5.1559938731088595,5.05050505050505,defaulted,primary,False,False,False
1838-05-05,Pennsylvania,S-2250,99.0,5.0,ytm,5.156321277581618,5.05050505050505,defaulted,primary,False,False,False
1838-05-12,Pennsylvania,S-2250,99.0,5.0,ytm,5.1566503243555655,5.05050505050505,defaulted,primary,False,False,False
1838-05-19,Pennsylvania,S-2250,99.0,5.0,ytm,5.156981025818749,5.05050505050505,defaulted,primary,False,False,False
1838-05-26,Pennsylvania,S-2250,99.0,5.0,ytm,5.157313394484124,5.05050505050505,defaulted,primary,False,False,False
1838-06-02,Pennsylvania,S-2250,99.0,5.0,ytm,5.157647442991129,5.05050505050505,defaulted,primary,False,False,False
1838-06-16,Pennsylvania,S-2250,99.0,5.0,ytm,5.158320630729847,5.05050505050505,defaulted,primary,False,False,False
1838-06-23,Pennsylvania,S-2250,99.0,5.0,ytm,5.158659795887403,5.05050505050505,defaulted,primary,False,False,False
1838-06-30,Pennsylvania,S-2250,99.0,5.0,ytm,5.159000692741607,5.05050505050505,defaulted,primary,False,False,False
1838-07-14,Pennsylvania,S-2250,99.0,5.0,ytm,5.159687734861993,5.05050505050505,defaulted,primary,False,False,False
1838-07-21,Pennsylvania,S-2250,99.0,5.0,ytm,5.160033907132132,5.05050505050505,defaulted,primary,False,False,False
1838-07-28,Pennsylvania,S-2250,99.0,5.0,ytm,5.160381865110372,5.05050505050505,defaulted,primary,False,False,False
1838-08-11,Pennsylvania,S-2250,99.0,5.0,ytm,5.16108319374651,5.05050505050505,defaulted,primary,False,False,False
1838-08-18,Pennsylvania,S-2250,99.0,5.0,ytm,5.161436592543109,5.05050505050505,defaulted,primary,False,False,False
1838-08-25,Pennsylvania,S-2250,99.0,5.0,ytm,5.161791833328968,5.05050505050505,defaulted,primary,False,False,False
1838-09-01,Pennsylvania,S-2250,99.0,5.0,ytm,5.162148930542973,5.05050505050505,defaulted,primary,False,False,False
1838-09-08,Pennsylvania,S-2250,99.0,5.0,ytm,5.1625078987753135,5.05050505050505,defaulted,primary,False,False,False
1838-09-15,Pennsylvania,S-2250,99.0,5.0,ytm,5.162868752769476,5.05050505050505,defaulted,primary,False,False,False
1838-09-22,Pennsylvania,S-2250,99.0,5.0,ytm,5.163231507424255,5.05050505050505,defaulted,primary,False,False,False
1838-09-29,Pennsylvania,S-2250,99.0,5.0,ytm,5.163596177795807,5.05050505050505,defaulted,primary,False,False,False
1838-10-06,Pennsylvania,S-2250,99.0,5.0,ytm,5.163962779099735,5.05050505050505,defaulted,primary,False,False,False
1838-10-13,Pennsylvania,S-2250,101.0,5.0,ytm,4.837303810866034,4.9504950495049505,defaulted,primary,False,False,False
1838-10-20,Pennsylvania,S-2250,101.0,5.0,ytm,4.836936988063485,4.9504950495049505,defaulted,primary,False,False,False
1838-10-27,Pennsylvania,S-2250,101.0,5.0,ytm,4.836568207380937,4.9504950495049505,defaulted,primary,False,False,False
1838-11-03,Pennsylvania,S-2250,101.0,5.0,ytm,4.836197453101465,4.9504950495049505,defaulted,primary,False,False,False
1838-11-10,Pennsylvania,S-2250,101.0,5.0,ytm,4.835824709339466,4.9504950495049505,defaulted,primary,False,False,False
1838-11-17,Pennsylvania,S-2250,101.0,5.0,ytm,4.835449960038393,4.9504950495049505,defaulted,primary,False,False,False
1838-11-24,Pennsylvania,S-2250,101.0,5.0,ytm,4.835073188968453,4.9504950495049505,defaulted,primary,False,False,False
1838-12-01,Pennsylvania,S-2250,101.0,5.0,ytm,4.834694379724254,4.9504950495049505,defaulted,primary,False,False,False
1838-12-08,Pennsylvania,S-2250,101.0,5.0,ytm,4.834313515722434,4.9504950495049505,defaulted,primary,False,False,False
1838-12-15,Pennsylvania,S-2250,101.0,5.0,ytm,4.833930580199237,4.9504950495049505,defaulted,primary,False,False,False
1838-12-22,Pennsylvania,S-2250,101.0,5.0,ytm,4.833545556208052,4.9504950495049505,defaulted,primary,False,False,False
1838-12-29,Pennsylvania,S-2250,101.0,5.0,ytm,4.833158426616915,4.9504950495049505,defaulted,primary,False,False,False
1839-01-05,Pennsylvania,S-2250,101.0,5.0,ytm,4.832769174105969,4.9504950495049505,defaulted,primary,False,False,False
1839-01-12,Pennsylvania,S-2250,101.0,5.0,ytm,4.832377781164874,4.9504950495049505,defaulted,primary,False,False,False
1839-01-19,Pennsylvania,S-2250,101.0,5.0,ytm,4.831984230090195,4.9504950495049505,defaulted,primary,False,False,False
1839-01-26,Pennsylvania,S-2250,101.0,5.0,ytm,4.831588502982717,4.9504950495049505,defaulted,primary,False,False,False
1839-02-02,Pennsylvania,S-2250,101.0,5.0,ytm,4.831190581744742,4.9504950495049505,defaulted,primary,False,False,False
1839-02-09,Pennsylvania,S-2250,101.0,5.0,ytm,4.830790448077326,4.9504950495049505,defaulted,primary,False,False,False
1839-02-23,Pennsylvania,S-2250,101.0,5.0,ytm,4.829983469235293,4.9504950495049505,defaulted,primary,False,False,False
1839-03-02,Pennsylvania,S-2250,101.0,5.0,ytm,4.829576586431081,4.9504950495049505,defaulted,primary,False,False,False
1839-03-16,Pennsylvania,S-2250,101.0,5.0,ytm,4.8287559383910095,4.9504950495049505,defaulted,primary,False,False,False
1839-03-23,Pennsylvania,S-2250,101.0,5.0,ytm,4.828342134239947,4.9504950495049505,defaulted,primary,False,False,False
1839-03-30,Pennsylvania,S-2250,101.0,5.0,ytm,4.827925983690297,4.9504950495049505,defaulted,primary,False,False,False
1839-04-06,Pennsylvania,S-2250,101.0,5.0,ytm,4.827507466728098,4.9504950495049505,defaulted,primary,False,False,False
1839-04-13,Pennsylvania,S-2250,101.0,5.0,ytm,4.827086563111125,4.9504950495049505,defaulted,primary,False,False,False
1839-04-20,Pennsylvania,S-2250,101.0,5.0,ytm,4.8266632523656225,4.9504950495049505,defaulted,primary,False,False,False
1839-05-04,Pennsylvania,S-2250,96.0,5.0,ytm,5.714537252863347,5.208333333333334,defaulted,primary,False,False,False
1839-05-11,Pennsylvania,S-2250,96.0,5.0,ytm,5.716303826845942,5.208333333333334,defaulted,primary,False,False,False
1839-05-18,Pennsylvania,S-2250,97.0,5.0,ytm,5.535826656038931,5.154639175257731,defaulted,primary,False,False,False
1839-05-25,Pennsylvania,S-2250,97.0,5.0,ytm,5.53716017931635,5.154639175257731,defaulted,primary,False,False,False
1839-06-01,Pennsylvania,S-2250,97.0,5.0,ytm,5.538501462080839,5.154639175257731,defaulted,primary,False,False,False
1839-06-08,Pennsylvania,S-2250,97.0,5.0,ytm,5.539850572256206,5.154639175257731,defaulted,primary,False,False,False
1839-06-15,Pennsylvania,S-2250,97.0,5.0,ytm,5.541207578561363,5.154639175257731,defaulted,primary,False,False,False
1839-06-22,Pennsylvania,S-2250,97.0,5.0,ytm,5.542572550521981,5.154639175257731,defaulted,primary,False,False,False
1839-06-29,Pennsylvania,S-2250,97.0,5.0,ytm,5.543945558482366,5.154639175257731,defaulted,primary,False,False,False
1839-07-06,Pennsylvania,S-2250,97.0,5.0,ytm,5.545326673617549,5.154639175257731,defaulted,primary,False,False,False
1839-07-13,Pennsylvania,S-2250,97.0,5.0,ytm,5.5467159679455795,5.154639175257731,defaulted,primary,False,False,False
1839-07-20,Pennsylvania,S-2250,97.0,5.0,ytm,5.548113514340047,5.154639175257731,defaulted,primary,False,False,False
1839-07-27,Pennsylvania,S-2250,97.0,5.0,ytm,5.549519386542824,5.154639175257731,defaulted,primary,False,False,False
1839-08-03,Pennsylvania,S-2250,94.5,5.0,ytm,6.0230276259097,5.291005291005291,defaulted,primary,False,False,False
1839-08-10,Pennsylvania,S-2250,94.5,5.0,ytm,6.025669524949819,5.291005291005291,defaulted,primary,False,False,False
1839-08-17,Pennsylvania,S-2250,94.5,5.0,ytm,6.028327304877254,5.291005291005291,defaulted,primary,False,False,False
1840-01-25,Pennsylvania,S-2250,92.0,5.0,ytm,6.612277060270603,5.434782608695652,defaulted,primary,False,False,False
1840-02-01,Pennsylvania,S-2250,92.0,5.0,ytm,6.616824772481876,5.434782608695652,defaulted,primary,False,False,False
1840-02-08,Pennsylvania,S-2250,92.0,5.0,ytm,6.621402042711234,5.434782608695652,defaulted,primary,False,False,False
1840-02-15,Pennsylvania,S-2250,92.0,5.0,ytm,6.626009160068312,5.434782608695652,defaulted,primary,False,False,False
1840-02-22,Pennsylvania,S-2250,92.0,5.0,ytm,6.630646417445483,5.434782608695652,defaulted,primary,False,False,False
1840-02-29,Pennsylvania,S-2250,92.0,5.0,ytm,6.635314111579935,5.434782608695652,defaulted,primary,False,False,False
1840-03-07,Pennsylvania,S-2250,92.0,5.0,ytm,6.640012543116964,5.434782608695652,defaulted,primary,False,False,False
1840-03-14,Pennsylvania,S-2250,92.0,5.0,ytm,6.644742016674532,5.434782608695652,defaulted,primary,False,False,False
1840-03-21,Pennsylvania,S-2250,92.0,5.0,ytm,6.64950284090909,5.434782608695652,defaulted,primary,False,False,False
1840-03-28,Pennsylvania,S-2250,92.0,5.0,ytm,6.654295328582739,5.434782608695652,defaulted,primary,False,False,False
1840-04-04,Pennsylvania,S-2250,90.0,5.0,ytm,7.095730269429532,5.555555555555555,defaulted,primary,False,False,False
1840-04-11,Pennsylvania,S-2250,90.0,5.0,ytm,7.1018651362984215,5.555555555555555,defaulted,primary,False,False,False
1840-04-18,Pennsylvania,S-2250,91.0,5.0,ytm,6.887303916149973,5.4945054945054945,defaulted,primary,False,False,False
1840-04-25,Pennsylvania,S-2250,91.0,5.0,ytm,6.892870556859345,5.4945054945054945,defaulted,primary,False,False,False
1840-05-02,Pennsylvania,S-2250,91.0,5.0,ytm,6.898474846346462,5.4945054945054945,defaulted,primary,False,False,False
1840-05-09,Pennsylvania,S-2250,90.0,5.0,ytm,7.126820930173228,5.555555555555555,defaulted,primary,False,False,False
1840-05-16,Pennsylvania,S-2250,91.0,5.0,ytm,6.909797909833561,5.4945054945054945,defaulted,primary,False,False,False
1840-08-15,Pennsylvania,S-2250,98.0,5.0,ytm,5.426015884031152,5.1020408163265305,defaulted,primary,False,False,False
1840-08-22,Pennsylvania,S-2250,98.0,5.0,ytm,5.427358364028436,5.1020408163265305,defaulted,primary,False,False,False
1840-08-29,Pennsylvania,S-2250,98.0,5.0,ytm,5.428710477403455,5.1020408163265305,defaulted,primary,False,False,False
1840-09-05,Pennsylvania,S-2250,97.0,5.0,ytm,5.648383154728332,5.154639175257731,defaulted,primary,False,False,False
1840-09-19,Pennsylvania,S-2250,95.0,5.0,ytm,6.0987113059651925,5.263157894736842,defaulted,primary,False,False,False
1840-09-26,Pennsylvania,S-2250,93.5,5.0,ytm,6.44402520286858,5.347593582887701,defaulted,primary,False,False,False
1840-10-03,Pennsylvania,S-2250,93.5,5.0,ytm,6.448687241399773,5.347593582887701,defaulted,primary,False,False,False
1840-10-10,Pennsylvania,S-2250,93.0,5.0,ytm,6.5692370744523485,5.376344086021505,defaulted,primary,False,False,False
1840-10-17,Pennsylvania,S-2250,93.0,5.0,ytm,6.574344976381556,5.376344086021505,defaulted,primary,False,False,False
1840-10-24,Pennsylvania,S-2250,94.0,5.0,ytm,6.346870494790958,5.319148936170213,defaulted,primary,False,False,False
1840-10-31,Pennsylvania,S-2250,94.0,5.0,ytm,6.351290843962956,5.319148936170213,defaulted,primary,False,False,False
1840-11-07,Pennsylvania,S-2250,94.0,5.0,ytm,6.355744093128793,5.319148936170213,defaulted,primary,False,False,False
1840-11-14,Pennsylvania,S-2250,94.5,5.0,ytm,6.243672717994584,5.291005291005291,defaulted,primary,False,False,False
1840-11-21,Pennsylvania,S-2250,94.5,5.0,ytm,6.247805547026354,5.291005291005291,defaulted,primary,False,False,False
1840-11-28,Pennsylvania,S-2250,94.5,5.0,ytm,6.251969483373414,5.291005291005291,defaulted,primary,False,False,False
1840-12-05,Pennsylvania,S-2250,94.5,5.0,ytm,6.25616487957415,5.291005291005291,defaulted,primary,False,False,False
1840-12-19,Pennsylvania,S-2250,93.0,5.0,ytm,6.622065945955084,5.376344086021505,defaulted,primary,False,False,False
1840-12-26,Pennsylvania,S-2250,93.0,5.0,ytm,6.627570875851302,5.376344086021505,defaulted,primary,False,False,False
1841-01-02,Pennsylvania,S-2250,92.5,5.0,ytm,6.754314178971714,5.405405405405405,defaulted,primary,False,False,False
1841-01-09,Pennsylvania,S-2250,89.0,5.0,ytm,7.629612167565964,5.617977528089887,defaulted,primary,False,False,False
1841-01-16,Pennsylvania,S-2250,89.0,5.0,ytm,7.638651509441129,5.617977528089887,defaulted,primary,False,False,False
1841-01-23,Pennsylvania,S-2250,88.0,5.0,ytm,7.903830730763787,5.681818181818182,defaulted,primary,False,False,False
1841-02-20,Pennsylvania,S-2250,82.0,5.0,ytm,9.562481437481438,6.097560975609756,defaulted,primary,False,False,False
1841-02-27,Pennsylvania,S-2250,79.0,5.0,ytm,10.431200280434926,6.329113924050633,defaulted,primary,False,False,False
1841-03-06,Pennsylvania,S-2250,73.0,5.0,ytm,12.250759449653247,6.8493150684931505,defaulted,primary,False,False,False
1841-03-13,Pennsylvania,S-2250,73.0,5.0,ytm,12.276567363272566,6.8493150684931505,defaulted,primary,False,False,False
1841-03-20,Pennsylvania,S-2250,73.0,5.0,ytm,12.302581976428883,6.8493150684931505,defaulted,primary,False,False,False
1841-03-27,Pennsylvania,S-2250,72.0,5.0,ytm,12.644430493033942,6.944444444444445,defaulted,primary,False,False,False
1841-04-03,Pennsylvania,S-2250,74.0,5.0,ytm,12.04211907886887,6.756756756756757,defaulted,primary,False,False,False
1841-04-10,Pennsylvania,S-2250,78.0,5.0,ytm,10.845917125885636,6.41025641025641,defaulted,primary,False,False,False
1841-04-17,Pennsylvania,S-2250,80.5,5.0,ytm,10.128438446176641,6.211180124223603,defaulted,primary,False,False,False
1841-04-24,Pennsylvania,S-2250,80.5,5.0,ytm,10.147187953291837,6.211180124223603,defaulted,primary,False,False,False
1841-05-01,Pennsylvania,S-2250,80.5,5.0,ytm,10.166091325060972,6.211180124223603,defaulted,primary,False,False,False
1841-05-15,Pennsylvania,S-2250,80.5,5.0,ytm,10.204367301231802,6.211180124223603,defaulted,primary,False,False,False
1841-05-22,Pennsylvania,S-2250,80.5,5.0,ytm,10.22374380430226,6.211180124223603,defaulted,primary,False,False,False
1841-05-29,Pennsylvania,S-2250,80.5,5.0,ytm,10.243281970687965,6.211180124223603,defaulted,primary,False,False,False
1841-06-05,Pennsylvania,S-2250,79.0,5.0,ytm,10.715324513806003,6.329113924050633,defaulted,primary,False,False,False
1841-06-19,Pennsylvania,S-2250,80.0,5.0,ytm,10.45396633809428,6.25,defaulted,primary,False,False,False
1841-06-26,Pennsylvania,S-2250,80.0,5.0,ytm,10.474747474747476,6.25,defaulted,primary,False,False,False
1841-07-17,Pennsylvania,S-2250,78.0,5.0,ytm,11.160427918140996,6.41025641025641,defaulted,primary,False,False,False
1841-07-24,Pennsylvania,S-2250,78.0,5.0,ytm,11.184347247814461,6.41025641025641,defaulted,primary,False,False,False
1841-07-31,Pennsylvania,S-2250,78.0,5.0,ytm,11.208473927714197,6.41025641025641,defaulted,primary,False,False,False
1841-08-07,Pennsylvania,S-2250,81.0,5.0,ytm,10.29366290096479,6.172839506172839,defaulted,primary,False,False,False
1841-08-14,Pennsylvania,S-2250,84.0,5.0,ytm,9.402411536268094,5.952380952380952,defaulted,primary,False,False,False
1841-08-28,Pennsylvania,S-2250,79.5,5.0,ytm,10.82796678444113,6.289308176100629,defaulted,primary,False,False,False
1841-09-04,Pennsylvania,S-2250,79.5,5.0,ytm,10.85125700786291,6.289308176100629,defaulted,primary,False,False,False
1841-09-11,Pennsylvania,S-2250,79.5,5.0,ytm,10.874754518715015,6.289308176100629,defaulted,primary,False,False,False
1841-09-18,Pennsylvania,S-2250,78.0,5.0,ytm,11.38340006026949,6.41025641025641,defaulted,primary,False,False,False
1841-09-25,Pennsylvania,S-2250,81.0,5.0,ytm,10.443548244199604,6.172839506172839,defaulted,primary,False,False,False
1841-10-02,Pennsylvania,S-2250,80.0,5.0,ytm,10.785366552119129,6.25,defaulted,primary,False,False,False
1841-10-16,Pennsylvania,S-2250,74.0,5.0,ytm,12.844341808289613,6.756756756756757,defaulted,primary,False,False,False
1841-10-23,Pennsylvania,S-2250,74.0,5.0,ytm,12.876791519328512,6.756756756756757,defaulted,primary,False,False,False
1841-10-30,Pennsylvania,S-2250,73.0,5.0,ytm,13.261230713212871,6.8493150684931505,defaulted,primary,False,False,False
1841-11-06,Pennsylvania,S-2250,72.0,5.0,ytm,13.653017736965554,6.944444444444445,defaulted,primary,False,False,False
1841-11-20,Pennsylvania,S-2250,68.5,5.0,ytm,15.020700438884841,7.2992700729927,defaulted,primary,False,False,False
1841-11-27,Pennsylvania,S-2250,68.5,5.0,ytm,15.063215062124122,7.2992700729927,defaulted,primary,False,False,False
1841-12-04,Pennsylvania,S-2250,60.0,5.0,ytm,18.51494291470786,8.333333333333332,defaulted,primary,False,False,False
1841-12-11,Pennsylvania,S-2250,61.0,5.0,ytm,18.151356652500816,8.19672131147541,defaulted,primary,False,False,False
1841-12-18,Pennsylvania,S-2250,60.0,5.0,ytm,18.631355932203387,8.333333333333332,defaulted,primary,False,False,False
1841-12-25,Pennsylvania,S-2250,60.0,5.0,ytm,18.690395095367847,8.333333333333332,defaulted,primary,False,False,False
1842-01-01,Pennsylvania,S-2250,60.0,5.0,ytm,18.75,8.333333333333332,defaulted,primary,False,False,False
1842-01-08,Pennsylvania,S-2250,50.0,5.0,ytm,23.413571756075193,10.0,defaulted,primary,False,False,False
1842-01-15,Pennsylvania,S-2250,50.0,5.0,ytm,23.494586500806264,10.0,defaulted,primary,False,False,False
1842-01-22,Pennsylvania,S-2250,52.0,5.0,ytm,22.59868421052632,9.615384615384617,defaulted,primary,False,False,False
1842-02-05,Pennsylvania,S-2250,52.0,5.0,ytm,22.755960729312765,9.615384615384617,defaulted,primary,False,False,False
1842-02-19,Pennsylvania,S-2250,52.0,5.0,ytm,22.916356045922175,9.615384615384617,defaulted,primary,False,False,False
1842-02-26,Pennsylvania,S-2250,52.0,5.0,ytm,22.997752388087655,9.615384615384617,defaulted,primary,False,False,False
1842-03-05,Pennsylvania,S-2250,49.5,5.0,ytm,24.339716077913508,10.1010101010101,defaulted,primary,False,False,False
1842-03-12,Pennsylvania,S-2250,49.5,5.0,ytm,24.428540858697453,10.1010101010101,defaulted,primary,False,False,False
1842-08-13,Pennsylvania,S-2250,37.0,5.0,current_yield,13.513513513513514,13.513513513513514,defaulted,primary,False,False,True
1842-08-20,Pennsylvania,S-2250,37.0,5.0,current_yield,13.513513513513514,13.513513513513514,defaulted,primary,False,False,True
1842-08-27,Pennsylvania,S-2250,40.0,5.0,current_yield,12.5,12.5,defaulted,primary,False,False,True
1842-09-03,Pennsylvania,S-2250,40.0,5.0,current_yield,12.5,12.5,defaulted,primary,False,False,True
1842-09-10,Pennsylvania,S-2250,40.0,5.0,current_yield,12.5,12.5,defaulted,primary,False,False,True
1842-09-17,Pennsylvania,S-2250,40.0,5.0,current_yield,12.5,12.5,defaulted,primary,False,False,True
1842-09-24,Pennsylvania,S-2250,40.0,5.0,current_yield,12.5,12.5,defaulted,primary,False,False,True
1847-11-06,Pennsylvania,S-2250,73.5,5.0,,,6.802721088435375,defaulted,primary,False,True,False
1847-11-13,Pennsylvania,S-2250,72.25,5.0,,,6.920415224913495,defaulted,primary,False,True,False
1847-11-20,Pennsylvania,S-2250,72.625,5.0,,,6.884681583476763,defaulted,primary,False,True,False
1847-11-27,Pennsylvania,S-2250,73.25,5.0,,,6.825938566552901,defaulted,primary,False,True,False
1847-12-04,Pennsylvania,S-2250,73.25,5.0,,,6.825938566552901,defaulted,primary,False,True,False
1847-12-11,Pennsylvania,S-2250,73.25,5.0,,,6.825938566552901,defaulted,primary,False,True,False
1847-12-18,Pennsylvania,S-2250,71.25,5.0,,,7.017543859649122,defaulted,primary,False,True,False
1847-12-25,Pennsylvania,S-2250,72.625,5.0,,,6.884681583476763,defaulted,primary,False,True,False
1848-01-01,Pennsylvania,S-2250,72.625,5.0,,,6.884681583476763,defaulted,primary,False,True,False
1848-01-08,Pennsylvania,S-2250,71.0,5.0,,,7.042253521126761,defaulted,primary,False,True,False
1848-01-15,Pennsylvania,S-2250,70.75,5.0,,,7.06713780918728,defaulted,primary,False,True,False
1848-01-22,Pennsylvania,S-2250,69.5,5.0,,,7.194244604316546,defaulted,primary,False,True,False
1848-01-29,Pennsylvania,S-2250,70.75,5.0,,,7.06713780918728,defaulted,primary,False,True,False
1848-02-05,Pennsylvania,S-2250,71.5,5.0,,,6.993006993006993,defaulted,primary,False,True,False
1848-02-12,Pennsylvania,S-2250,73.5,5.0,,,6.802721088435375,defaulted,primary,False,True,False
1848-02-19,Pennsylvania,S-2250,72.25,5.0,,,6.920415224913495,defaulted,primary,False,True,False
1848-02-26,Pennsylvania,S-2250,72.75,5.0,,,6.872852233676976,defaulted,primary,False,True,False
1848-03-04,Pennsylvania,S-2250,73.5,5.0,,,6.802721088435375,defaulted,primary,False,True,False
1848-03-11,Pennsylvania,S-2250,74.0,5.0,,,6.756756756756757,defaulted,primary,False,True,False
1848-03-18,Pennsylvania,S-2250,74.0,5.0,,,6.756756756756757,defaulted,primary,False,True,False
1848-03-25,Pennsylvania,S-2250,74.0,5.0,,,6.756756756756757,defaulted,primary,False,True,False
1848-04-01,Pennsylvania,S-2250,72.75,5.0,,,6.872852233676976,defaulted,primary,False,True,False
1848-04-08,Pennsylvania,S-2250,73.5,5.0,,,6.802721088435375,defaulted,primary,False,True,False
1848-04-15,Pennsylvania,S-2250,73.75,5.0,,,6.779661016949152,defaulted,primary,False,True,False
1848-04-22,Pennsylvania,S-2250,73.875,5.0,,,6.768189509306261,defaulted,primary,False,True,False
1848-04-29,Pennsylvania,S-2250,73.875,5.0,,,6.768189509306261,defaulted,primary,False,True,False
1848-05-06,Pennsylvania,S-2250,74.0,5.0,,,6.756756756756757,defaulted,primary,False,True,False
1848-05-13,Pennsylvania,S-2250,75.0,5.0,,,6.666666666666667,defaulted,primary,False,True,False
1848-05-20,Pennsylvania,S-2250,74.5,5.0,,,6.7114093959731544,defaulted,primary,False,True,False
1848-05-27,Pennsylvania,S-2250,74.5,5.0,,,6.7114093959731544,defaulted,primary,False,True,False
1848-06-03,Pennsylvania,S-2250,74.75,5.0,,,6.688963210702341,defaulted,primary,False,True,False
1848-06-10,Pennsylvania,S-2250,75.0,5.0,,,6.666666666666667,defaulted,primary,False,True,False
1848-06-17,Pennsylvania,S-2250,75.25,5.0,,,6.64451827242525,defaulted,primary,False,True,False
1848-06-24,Pennsylvania,S-2250,76.0,5.0,,,6.578947368421052,defaulted,primary,False,True,False
1848-07-01,Pennsylvania,S-2250,75.5,5.0,,,6.622516556291391,defaulted,primary,False,True,False
1848-07-08,Pennsylvania,S-2250,73.5,5.0,,,6.802721088435375,defaulted,primary,False,True,False
1848-07-15,Pennsylvania,S-2250,73.5,5.0,,,6.802721088435375,defaulted,primary,False,True,False
1848-07-22,Pennsylvania,S-2250,73.5,5.0,,,6.802721088435375,defaulted,primary,False,True,False
1848-07-29,Pennsylvania,S-2250,73.5,5.0,,,6.802721088435375,defaulted,primary,False,True,False
1848-08-05,Pennsylvania,S-2250,73.5,5.0,,,6.802721088435375,defaulted,primary,False,True,False
1848-08-12,Pennsylvania,S-2250,73.75,5.0,,,6.779661016949152,defaulted,primary,False,True,False
1848-08-19,Pennsylvania,S-2250,74.0,5.0,,,6.756756756756757,defaulted,primary,False,True,False
1848-08-26,Pennsylvania,S-2250,74.0,5.0,,,6.756756756756757,defaulted,primary,False,True,False
1848-09-02,Pennsylvania,S-2250,73.625,5.0,,,6.791171477079796,defaulted,primary,False,True,False
1848-09-09,Pennsylvania,S-2250,73.875,5.0,,,6.768189509306261,defaulted,primary,False,True,False
1848-09-16,Pennsylvania,S-2250,73.875,5.0,,,6.768189509306261,defaulted,primary,False,True,False
1848-09-23,Pennsylvania,S-2250,73.75,5.0,,,6.779661016949152,defaulted,primary,False,True,False
1848-09-30,Pennsylvania,S-2250,73.625,5.0,,,6.791171477079796,defaulted,primary,False,True,False
1848-10-07,Pennsylvania,S-2250,73.25,5.0,,,6.825938566552901,defaulted,primary,False,True,False
1848-10-14,Pennsylvania,S-2250,73.25,5.0,,,6.825938566552901,defaulted,primary,False,True,False
1848-10-21,Pennsylvania,S-2250,73.25,5.0,,,6.825938566552901,defaulted,primary,False,True,False
1848-10-28,Pennsylvania,S-2250,73.25,5.0,,,6.825938566552901,defaulted,primary,False,True,False
1848-11-04,Pennsylvania,S-2250,73.75,5.0,,,6.779661016949152,defaulted,primary,False,True,False
1848-11-11,Pennsylvania,S-2250,73.875,5.0,,,6.768189509306261,defaulted,primary,False,True,False
1848-11-18,Pennsylvania,S-2250,74.125,5.0,,,6.745362563237774,defaulted,primary,False,True,False
1848-11-25,Pennsylvania,S-2250,74.5,5.0,,,6.7114093959731544,defaulted,primary,False,True,False
1848-12-02,Pennsylvania,S-2250,74.75,5.0,,,6.688963210702341,defaulted,primary,False,True,False
1848-12-09,Pennsylvania,S-2250,75.25,5.0,,,6.64451827242525,defaulted,primary,False,True,False
1848-12-16,Pennsylvania,S-2250,77.5,5.0,,,6.451612903225806,defaulted,primary,False,True,False
1848-12-23,Pennsylvania,S-2250,79.0,5.0,,,6.329113924050633,defaulted,primary,False,True,False
1848-12-30,Pennsylvania,S-2250,78.0,5.0,,,6.41025641025641,defaulted,primary,False,True,False
1849-01-06,Pennsylvania,S-2250,77.5,5.0,,,6.451612903225806,defaulted,primary,False,True,False
1849-01-20,Pennsylvania,S-2250,79.25,5.0,,,6.309148264984227,defaulted,primary,False,True,False
1849-02-10,Pennsylvania,S-2250,77.75,5.0,,,6.430868167202572,defaulted,primary,False,True,False
1849-02-17,Pennsylvania,S-2250,78.5,5.0,,,6.369426751592357,defaulted,primary,False,True,False
1849-02-24,Pennsylvania,S-2250,78.625,5.0,,,6.359300476947535,defaulted,primary,False,True,False
1849-03-03,Pennsylvania,S-2250,78.625,5.0,,,6.359300476947535,defaulted,primary,False,True,False
1849-03-10,Pennsylvania,S-2250,80.625,5.0,,,6.2015503875969,defaulted,primary,False,True,False
1849-03-17,Pennsylvania,S-2250,80.625,5.0,,,6.2015503875969,defaulted,primary,False,True,False
1849-03-24,Pennsylvania,S-2250,80.25,5.0,,,6.230529595015576,defaulted,primary,False,True,False
1849-03-31,Pennsylvania,S-2250,79.0,5.0,,,6.329113924050633,defaulted,primary,False,True,False
1849-04-07,Pennsylvania,S-2250,79.375,5.0,,,6.299212598425196,defaulted,primary,False,True,False
1849-04-14,Pennsylvania,S-2250,80.625,5.0,,,6.2015503875969,defaulted,primary,False,True,False
1849-04-21,Pennsylvania,S-2250,80.75,5.0,,,6.191950464396285,defaulted,primary,False,True,False
1849-04-28,Pennsylvania,S-2250,82.25,5.0,,,6.079027355623101,defaulted,primary,False,True,False
1849-05-05,Pennsylvania,S-2250,83.25,5.0,,,6.006006006006006,defaulted,primary,False,True,False
1849-05-12,Pennsylvania,S-2250,83.25,5.0,,,6.006006006006006,defaulted,primary,False,True,False
1849-05-19,Pennsylvania,S-2250,83.5,5.0,,,5.9880239520958085,defaulted,primary,False,True,False
1849-05-26,Pennsylvania,S-2250,84.0,5.0,,,5.952380952380952,defaulted,primary,False,True,False
1849-06-02,Pennsylvania,S-2250,85.75,5.0,,,5.830903790087463,defaulted,primary,False,True,False
1849-06-09,Pennsylvania,S-2250,89.5,5.0,,,5.58659217877095,defaulted,primary,False,True,False
1849-06-16,Pennsylvania,S-2250,89.75,5.0,,,5.571030640668524,defaulted,primary,False,True,False
1849-06-23,Pennsylvania,S-2250,90.0,5.0,,,5.555555555555555,defaulted,primary,False,True,False
1849-06-30,Pennsylvania,S-2250,89.5,5.0,,,5.58659217877095,defaulted,primary,False,True,False
1849-07-07,Pennsylvania,S-2250,86.5,5.0,,,5.780346820809249,defaulted,primary,False,True,False
1849-07-14,Pennsylvania,S-2250,87.75,5.0,,,5.698005698005698,defaulted,primary,False,True,False
1849-07-21,Pennsylvania,S-2250,88.25,5.0,,,5.6657223796034,defaulted,primary,False,True,False
1849-07-28,Pennsylvania,S-2250,88.0,5.0,,,5.681818181818182,defaulted,primary,False,True,False
1849-08-04,Pennsylvania,S-2250,87.75,5.0,,,5.698005698005698,defaulted,primary,False,True,False
1849-08-11,Pennsylvania,S-2250,87.75,5.0,,,5.698005698005698,defaulted,primary,False,True,False
1849-08-18,Pennsylvania,S-2250,87.75,5.0,,,5.698005698005698,defaulted,primary,False,True,False
1849-08-25,Pennsylvania,S-2250,87.375,5.0,,,5.7224606580829755,defaulted,primary,False,True,False
1849-09-01,Pennsylvania,S-2250,87.375,5.0,,,5.7224606580829755,defaulted,primary,False,True,False
1849-09-08,Pennsylvania,S-2250,87.5,5.0,,,5.714285714285714,defaulted,primary,False,True,False
1849-09-15,Pennsylvania,S-2250,87.5,5.0,,,5.714285714285714,defaulted,primary,False,True,False
1849-09-22,Pennsylvania,S-2250,87.5,5.0,,,5.714285714285714,defaulted,primary,False,True,False
1849-10-06,Pennsylvania,S-2250,86.625,5.0,,,5.772005772005772,defaulted,primary,False,True,False
1849-10-13,Pennsylvania,S-2250,86.5,5.0,,,5.780346820809249,defaulted,primary,False,True,False
1849-10-20,Pennsylvania,S-2250,86.625,5.0,,,5.772005772005772,defaulted,primary,False,True,False
1849-10-27,Pennsylvania,S-2250,88.75,5.0,,,5.633802816901409,defaulted,primary,False,True,False
1849-11-03,Pennsylvania,S-2250,88.25,5.0,,,5.6657223796034,defaulted,primary,False,True,False
1849-11-10,Pennsylvania,S-2250,88.5,5.0,,,5.649717514124294,defaulted,primary,False,True,False
1849-11-17,Pennsylvania,S-2250,88.5,5.0,,,5.649717514124294,defaulted,primary,False,True,False
1849-11-24,Pennsylvania,S-2250,89.0,5.0,,,5.617977528089887,defaulted,primary,False,True,False
1849-12-01,Pennsylvania,S-2250,89.375,5.0,,,5.594405594405594,defaulted,primary,False,True,False
1849-12-08,Pennsylvania,S-2250,89.375,5.0,,,5.594405594405594,defaulted,primary,False,True,False
1849-12-15,Pennsylvania,S-2250,89.875,5.0,,,5.563282336578582,defaulted,primary,False,True,False
1849-12-22,Pennsylvania,S-2250,89.625,5.0,,,5.578800557880056,defaulted,primary,False,True,False
1849-12-29,Pennsylvania,S-2250,89.75,5.0,,,5.571030640668524,defaulted,primary,False,True,False
1850-01-05,Pennsylvania,S-2250,87.5,5.0,,,5.714285714285714,defaulted,primary,False,True,False
1850-01-19,Pennsylvania,S-2250,88.5,5.0,,,5.649717514124294,defaulted,primary,False,True,False
1850-01-26,Pennsylvania,S-2250,89.5,5.0,,,5.58659217877095,defaulted,primary,False,True,False
1850-02-02,Pennsylvania,S-2250,89.75,5.0,,,5.571030640668524,defaulted,primary,False,True,False
1850-02-09,Pennsylvania,S-2250,89.75,5.0,,,5.571030640668524,defaulted,primary,False,True,False
1850-02-16,Pennsylvania,S-2250,89.5,5.0,,,5.58659217877095,defaulted,primary,False,True,False
1831-07-23,Pennsylvania,S-2270,111.5,5.0,ytm,4.138554561433613,4.484304932735426,defaulted,primary,False,False,False
1831-07-30,Pennsylvania,S-2270,111.5,5.0,ytm,4.137941330410743,4.484304932735426,defaulted,primary,False,False,False
1831-08-07,Pennsylvania,S-2270,111.5,5.0,ytm,4.137238931056627,4.484304932735426,defaulted,primary,False,False,False
1831-08-13,Pennsylvania,S-2270,111.5,5.0,ytm,4.136711033388387,4.484304932735426,defaulted,primary,False,False,False
1831-08-20,Pennsylvania,S-2270,111.5,5.0,ytm,4.136093959386267,4.484304932735426,defaulted,primary,False,False,False
1831-08-27,Pennsylvania,S-2270,111.5,5.0,ytm,4.135475596360565,4.484304932735426,defaulted,primary,False,False,False
1831-09-03,Pennsylvania,S-2270,111.5,5.0,ytm,4.134855940268045,4.484304932735426,defaulted,primary,False,False,False
1831-09-10,Pennsylvania,S-2270,111.5,5.0,ytm,4.134234987048537,4.484304932735426,defaulted,primary,False,False,False
1831-09-17,Pennsylvania,S-2270,111.5,5.0,ytm,4.133612732624856,4.484304932735426,defaulted,primary,False,False,False
1831-09-24,Pennsylvania,S-2270,111.5,5.0,ytm,4.1329891729027155,4.484304932735426,defaulted,primary,False,False,False
1831-09-28,Pennsylvania,S-2270,111.0,5.0,ytm,4.1683778963598765,4.504504504504505,defaulted,primary,False,False,False
1831-10-08,Pennsylvania,S-2270,111.0,5.0,ytm,4.16752060116989,4.504504504504505,defaulted,primary,False,False,False
1831-10-15,Pennsylvania,S-2270,111.0,5.0,ytm,4.1669189611214845,4.504504504504505,defaulted,primary,False,False,False
1831-10-22,Pennsylvania,S-2270,111.0,5.0,ytm,4.16631605370012,4.504504504504505,defaulted,primary,False,False,False
1831-10-29,Pennsylvania,S-2270,111.0,5.0,ytm,4.165711874896936,4.504504504504505,defaulted,primary,False,False,False
1831-11-05,Pennsylvania,S-2270,111.0,5.0,ytm,4.165106420686146,4.504504504504505,defaulted,primary,False,False,False
1831-11-12,Pennsylvania,S-2270,111.0,5.0,ytm,4.164499687024948,4.504504504504505,defaulted,primary,False,False,False
1831-11-19,Pennsylvania,S-2270,111.0,5.0,ytm,4.163891669853437,4.504504504504505,defaulted,primary,False,False,False
1831-11-26,Pennsylvania,S-2270,111.0,5.0,ytm,4.163282365094511,4.504504504504505,defaulted,primary,False,False,False
1831-12-03,Pennsylvania,S-2270,111.0,5.0,ytm,4.162671768653782,4.504504504504505,defaulted,primary,False,False,False
1831-12-10,Pennsylvania,S-2270,111.0,5.0,ytm,4.162059876419484,4.504504504504505,defaulted,primary,False,False,False
1831-12-17,Pennsylvania,S-2270,111.0,5.0,ytm,4.1614466842623825,4.504504504504505,defaulted,primary,False,False,False
1831-12-24,Pennsylvania,S-2270,111.0,5.0,ytm,4.160832188035677,4.504504504504505,defaulted,primary,False,False,False
1831-12-31,Pennsylvania,S-2270,111.0,5.0,ytm,4.160216383574912,4.504504504504505,defaulted,primary,False,False,False
1832-01-07,Pennsylvania,S-2270,111.0,5.0,ytm,4.159599266697882,4.504504504504505,defaulted,primary,False,False,False
1832-01-14,Pennsylvania,S-2270,111.0,5.0,ytm,4.158980833204534,4.504504504504505,defaulted,primary,False,False,False
1832-01-21,Pennsylvania,S-2270,111.0,5.0,ytm,4.158361078876875,4.504504504504505,defaulted,primary,False,False,False
1832-01-28,Pennsylvania,S-2270,113.0,5.0,ytm,4.013948279372837,4.424778761061947,defaulted,primary,False,False,False
1832-02-04,Pennsylvania,S-2270,112.0,5.0,ytm,4.084829219466183,4.464285714285714,defaulted,primary,False,False,False
1832-02-11,Pennsylvania,S-2270,112.0,5.0,ytm,4.084151982951297,4.464285714285714,defaulted,primary,False,False,False
1832-02-18,Pennsylvania,S-2270,112.0,5.0,ytm,4.083473293807146,4.464285714285714,defaulted,primary,False,False,False
1832-02-25,Pennsylvania,S-2270,112.5,5.0,ytm,4.046824251172861,4.444444444444445,defaulted,primary,False,False,False
1832-03-03,Pennsylvania,S-2270,113.0,5.0,ytm,4.010289280593742,4.424778761061947,defaulted,primary,False,False,False
1832-03-10,Pennsylvania,S-2270,113.0,5.0,ytm,4.009552756646446,4.424778761061947,defaulted,primary,False,False,False
1832-03-17,Pennsylvania,S-2270,112.5,5.0,ytm,4.044694658906801,4.444444444444445,defaulted,primary,False,False,False
1832-03-24,Pennsylvania,S-2270,112.5,5.0,ytm,4.043981733173861,4.444444444444445,defaulted,primary,False,False,False
1832-03-31,Pennsylvania,S-2270,112.5,5.0,ytm,4.043267268356842,4.444444444444445,defaulted,primary,False,False,False
1832-04-07,Pennsylvania,S-2270,112.5,5.0,ytm,4.042551259466429,4.444444444444445,defaulted,primary,False,False,False
1832-04-21,Pennsylvania,S-2270,112.5,5.0,ytm,4.041114589400116,4.444444444444445,defaulted,primary,False,False,False
1832-04-28,Pennsylvania,S-2270,112.5,5.0,ytm,4.0403939181371795,4.444444444444445,defaulted,primary,False,False,False
1832-05-05,Pennsylvania,S-2270,112.5,5.0,ytm,4.039671682626539,4.444444444444445,defaulted,primary,False,False,False
1832-05-12,Pennsylvania,S-2270,112.5,5.0,ytm,4.038947877769764,4.444444444444445,defaulted,primary,False,False,False
1832-05-19,Pennsylvania,S-2270,112.5,5.0,ytm,4.038222498446239,4.444444444444445,defaulted,primary,False,False,False
1832-05-26,Pennsylvania,S-2270,112.5,5.0,ytm,4.037495539513052,4.444444444444445,defaulted,primary,False,False,False
1832-06-02,Pennsylvania,S-2270,112.5,5.0,ytm,4.036766995804862,4.444444444444445,defaulted,primary,False,False,False
1832-06-09,Pennsylvania,S-2270,113.5,5.0,ytm,3.9637960649166457,4.405286343612335,defaulted,primary,False,False,False
1832-06-16,Pennsylvania,S-2270,113.5,5.0,ytm,3.9630094992500595,4.405286343612335,defaulted,primary,False,False,False
1832-06-23,Pennsylvania,S-2270,113.0,5.0,ytm,3.9983115901051254,4.424778761061947,defaulted,primary,False,False,False
1832-06-30,Pennsylvania,S-2270,113.0,5.0,ytm,3.9975490520015096,4.424778761061947,defaulted,primary,False,False,False
1832-07-07,Pennsylvania,S-2270,113.0,5.0,ytm,3.9967848424506647,4.424778761061947,defaulted,primary,False,False,False
1832-07-14,Pennsylvania,S-2270,113.0,5.0,ytm,3.996018955950962,4.424778761061947,defaulted,primary,False,False,False
1832-07-21,Pennsylvania,S-2270,113.0,5.0,ytm,3.995251386976601,4.424778761061947,defaulted,primary,False,False,False
1832-07-28,Pennsylvania,S-2270,112.0,5.0,ytm,4.067451496452261,4.464285714285714,defaulted,primary,False,False,False
1832-08-04,Pennsylvania,S-2270,112.0,5.0,ytm,4.066736492921932,4.464285714285714,defaulted,primary,False,False,False
1832-08-08,Pennsylvania,S-2270,112.0,5.0,ytm,4.066327212267862,4.464285714285714,defaulted,primary,False,False,False
1832-08-14,Pennsylvania,S-2270,112.0,5.0,ytm,4.065712324329786,4.464285714285714,defaulted,primary,False,False,False
1832-08-18,Pennsylvania,S-2270,112.0,5.0,ytm,4.065301752977386,4.464285714285714,defaulted,primary,False,False,False
1832-08-25,Pennsylvania,S-2270,112.0,5.0,ytm,4.064582006108706,4.464285714285714,defaulted,primary,False,False,False
1832-09-01,Pennsylvania,S-2270,112.0,5.0,ytm,4.063860667634253,4.464285714285714,defaulted,primary,False,False,False
1832-09-08,Pennsylvania,S-2270,112.0,5.0,ytm,4.063137732268805,4.464285714285714,defaulted,primary,False,False,False
1832-09-15,Pennsylvania,S-2270,112.0,5.0,ytm,4.062413194703719,4.464285714285714,defaulted,primary,False,False,False
1832-09-22,Pennsylvania,S-2270,112.0,5.0,ytm,4.061687049606793,4.464285714285714,defaulted,primary,False,False,False
1832-09-29,Pennsylvania,S-2270,112.0,5.0,ytm,4.060959291622139,4.464285714285714,defaulted,primary,False,False,False
1832-10-06,Pennsylvania,S-2270,113.0,5.0,ytm,3.9866954799529926,4.424778761061947,defaulted,primary,False,False,False
1832-10-13,Pennsylvania,S-2270,113.0,5.0,ytm,3.985907281287769,4.424778761061947,defaulted,primary,False,False,False
1832-10-20,Pennsylvania,S-2270,114.0,5.0,ytm,3.912156673718412,4.385964912280701,defaulted,primary,False,False,False
1832-10-27,Pennsylvania,S-2270,114.0,5.0,ytm,3.911308038872548,4.385964912280701,defaulted,primary,False,False,False
1832-11-03,Pennsylvania,S-2270,114.0,5.0,ytm,3.910457508543619,4.385964912280701,defaulted,primary,False,False,False
1832-11-10,Pennsylvania,S-2270,114.0,5.0,ytm,3.9096050763739933,4.385964912280701,defaulted,primary,False,False,False
1832-11-17,Pennsylvania,S-2270,114.0,5.0,ytm,3.908750735977572,4.385964912280701,defaulted,primary,False,False,False
1832-11-24,Pennsylvania,S-2270,114.0,5.0,ytm,3.9078944809396368,4.385964912280701,defaulted,primary,False,False,False
1832-12-01,Pennsylvania,S-2270,114.0,5.0,ytm,3.9070363048166787,4.385964912280701,defaulted,primary,False,False,False
1832-12-08,Pennsylvania,S-2270,114.0,5.0,ytm,3.9061762011362493,4.385964912280701,defaulted,primary,False,False,False
1832-12-15,Pennsylvania,S-2270,114.0,5.0,ytm,3.905314163396789,4.385964912280701,defaulted,primary,False,False,False
1832-12-22,Pennsylvania,S-2270,114.0,5.0,ytm,3.9044501850674673,4.385964912280701,defaulted,primary,False,False,False
1833-01-07,Pennsylvania,S-2270,111.0,5.0,ytm,4.1253926207545195,4.504504504504505,defaulted,primary,False,False,False
1833-01-14,Pennsylvania,S-2270,111.0,5.0,ytm,4.124699010827961,4.504504504504505,defaulted,primary,False,False,False
1833-01-21,Pennsylvania,S-2270,111.0,5.0,ytm,4.124003831901731,4.504504504504505,defaulted,primary,False,False,False
1833-01-28,Pennsylvania,S-2270,111.5,5.0,ytm,4.0856241677775715,4.484304932735426,defaulted,primary,False,False,False
1833-02-04,Pennsylvania,S-2270,111.5,5.0,ytm,4.084895818378461,4.484304932735426,defaulted,primary,False,False,False
1833-02-11,Pennsylvania,S-2270,111.5,5.0,ytm,4.08416581578681,4.484304932735426,defaulted,primary,False,False,False
1833-02-18,Pennsylvania,S-2270,110.5,5.0,ytm,4.159159929076511,4.524886877828054,defaulted,primary,False,False,False
1833-02-25,Pennsylvania,S-2270,110.5,5.0,ytm,4.158487189839256,4.524886877828054,defaulted,primary,False,False,False
1833-03-02,Pennsylvania,S-2270,110.5,5.0,ytm,4.158005724044502,4.524886877828054,defaulted,primary,False,False,False
1833-03-18,Pennsylvania,S-2270,109.0,5.0,ytm,4.271776264104223,4.587155963302752,defaulted,primary,False,False,False
1833-04-02,Pennsylvania,S-2270,109.0,5.0,ytm,4.270518714093326,4.587155963302752,defaulted,primary,False,False,False
1833-04-08,Pennsylvania,S-2270,109.0,5.0,ytm,4.270013965780706,4.587155963302752,defaulted,primary,False,False,False
1833-04-22,Pennsylvania,S-2270,109.0,5.0,ytm,4.268832356988957,4.587155963302752,defaulted,primary,False,False,False
1833-04-29,Pennsylvania,S-2270,109.5,5.0,ytm,4.229429625226625,4.5662100456621,defaulted,primary,False,False,False
1833-05-06,Pennsylvania,S-2270,109.5,5.0,ytm,4.228803905231296,4.5662100456621,defaulted,primary,False,False,False
1833-05-20,Pennsylvania,S-2270,110.0,5.0,ytm,4.1888287440182,4.545454545454546,defaulted,primary,False,False,False
1833-05-28,Pennsylvania,S-2270,110.0,5.0,ytm,4.188072457620462,4.545454545454546,defaulted,primary,False,False,False
1833-06-08,Pennsylvania,S-2270,110.0,5.0,ytm,4.187029298581108,4.545454545454546,defaulted,primary,False,False,False
1833-06-19,Pennsylvania,S-2270,111.0,5.0,ytm,4.10882426791375,4.504504504504505,defaulted,primary,False,False,False
1833-06-25,Pennsylvania,S-2270,111.5,5.0,ytm,4.069864934010662,4.484304932735426,defaulted,primary,False,False,False
1833-07-01,Pennsylvania,S-2270,111.5,5.0,ytm,4.069209724202736,4.484304932735426,defaulted,primary,False,False,False
1833-07-08,Pennsylvania,S-2270,111.5,5.0,ytm,4.068443662311933,4.484304932735426,defaulted,primary,False,False,False
1833-07-22,Pennsylvania,S-2270,111.0,5.0,ytm,4.105360491748568,4.504504504504505,defaulted,primary,False,False,False
1833-07-29,Pennsylvania,S-2270,111.0,5.0,ytm,4.104620853080569,4.504504504504505,defaulted,primary,False,False,False
1833-08-05,Pennsylvania,S-2270,111.0,5.0,ytm,4.103879486573199,4.504504504504505,defaulted,primary,False,False,False
1833-08-12,Pennsylvania,S-2270,111.75,5.0,ytm,4.045379794096497,4.47427293064877,defaulted,primary,False,False,False
1833-08-17,Pennsylvania,S-2270,111.75,5.0,ytm,4.04481369278986,4.47427293064877,defaulted,primary,False,False,False
1833-08-26,Pennsylvania,S-2270,111.75,5.0,ytm,4.043792321664818,4.47427293064877,defaulted,primary,False,False,False
1833-09-02,Pennsylvania,S-2270,111.75,5.0,ytm,4.0429957910716885,4.47427293064877,defaulted,primary,False,False,False
1833-09-09,Pennsylvania,S-2270,111.75,5.0,ytm,4.042197388805464,4.47427293064877,defaulted,primary,False,False,False
1833-09-17,Pennsylvania,S-2270,111.75,5.0,ytm,4.04128262875398,4.47427293064877,defaulted,primary,False,False,False
1833-09-23,Pennsylvania,S-2270,110.75,5.0,ytm,4.118081532819563,4.514672686230249,defaulted,primary,False,False,False
1833-09-30,Pennsylvania,S-2270,110.0,5.0,ytm,4.1759907601241615,4.545454545454546,defaulted,primary,False,False,False
1833-10-07,Pennsylvania,S-2270,109.0,5.0,ytm,4.254217868755901,4.587155963302752,defaulted,primary,False,False,False
1833-10-14,Pennsylvania,S-2270,109.0,5.0,ytm,4.253590940191791,4.587155963302752,defaulted,primary,False,False,False
1833-10-21,Pennsylvania,S-2270,107.5,5.0,ytm,4.372968547618465,4.651162790697675,defaulted,primary,False,False,False
1833-11-04,Pennsylvania,S-2270,105.5,5.0,ytm,4.534917851262428,4.739336492890995,defaulted,primary,False,False,False
1833-11-11,Pennsylvania,S-2270,107.0,5.0,ytm,4.41186955292498,4.672897196261682,defaulted,primary,False,False,False
1833-11-18,Pennsylvania,S-2270,107.0,5.0,ytm,4.4113713636841,4.672897196261682,defaulted,primary,False,False,False
1833-11-25,Pennsylvania,S-2270,107.0,5.0,ytm,4.410871988480056,4.672897196261682,defaulted,primary,False,False,False
1833-11-30,Pennsylvania,S-2270,106.0,5.0,ytm,4.492273986001969,4.716981132075472,defaulted,primary,False,False,False
1833-12-07,Pennsylvania,S-2270,106.0,5.0,ytm,4.491842112663708,4.716981132075472,defaulted,primary,False,False,False
1833-12-14,Pennsylvania,S-2270,106.0,5.0,ytm,4.491409207898163,4.716981132075472,defaulted,primary,False,False,False
1833-12-21,Pennsylvania,S-2270,104.0,5.0,ytm,4.657323219637983,4.807692307692308,defaulted,primary,False,False,False
1835-01-17,Pennsylvania,S-2270,106.5,5.0,ytm,4.421711722133357,4.694835680751173,defaulted,primary,False,False,False
1835-01-24,Pennsylvania,S-2270,105.0,5.0,ytm,4.551489521493455,4.761904761904762,defaulted,primary,False,False,False
1835-01-31,Pennsylvania,S-2270,105.0,5.0,ytm,4.551070010608346,4.761904761904762,defaulted,primary,False,False,False
1835-02-07,Pennsylvania,S-2270,106.0,5.0,ytm,4.463396880786974,4.716981132075472,defaulted,primary,False,False,False
1835-02-14,Pennsylvania,S-2270,106.5,5.0,ytm,4.419543315119696,4.694835680751173,defaulted,primary,False,False,False
1835-02-21,Pennsylvania,S-2270,106.5,5.0,ytm,4.418997717868607,4.694835680751173,defaulted,primary,False,False,False
1835-02-28,Pennsylvania,S-2270,107.5,5.0,ytm,4.332215413952434,4.651162790697675,defaulted,primary,False,False,False
1835-03-07,Pennsylvania,S-2270,107.5,5.0,ytm,4.3315856703504085,4.651162790697675,defaulted,primary,False,False,False
1835-03-14,Pennsylvania,S-2270,107.5,5.0,ytm,4.330954296193466,4.651162790697675,defaulted,primary,False,False,False
1835-03-21,Pennsylvania,S-2270,107.0,5.0,ytm,4.3734567901234565,4.672897196261682,defaulted,primary,False,False,False
1835-04-04,Pennsylvania,S-2270,107.0,5.0,ytm,4.372267697071133,4.672897196261682,defaulted,primary,False,False,False
1835-04-11,Pennsylvania,S-2270,107.0,5.0,ytm,4.3716708293928885,4.672897196261682,defaulted,primary,False,False,False
1835-04-18,Pennsylvania,S-2270,107.5,5.0,ytm,4.327772743991603,4.651162790697675,defaulted,primary,False,False,False
1835-04-25,Pennsylvania,S-2270,107.5,5.0,ytm,4.327131452183384,4.651162790697675,defaulted,primary,False,False,False
1835-05-02,Pennsylvania,S-2270,109.0,5.0,ytm,4.19758675932425,4.587155963302752,defaulted,primary,False,False,False
1835-05-09,Pennsylvania,S-2270,109.0,5.0,ytm,4.196818731731044,4.587155963302752,defaulted,primary,False,False,False
1835-05-16,Pennsylvania,S-2270,107.5,5.0,ytm,4.325197496573119,4.651162790697675,defaulted,primary,False,False,False
1835-05-23,Pennsylvania,S-2270,107.5,5.0,ytm,4.324549462605905,4.651162790697675,defaulted,primary,False,False,False
1835-05-30,Pennsylvania,S-2270,110.0,5.0,ytm,4.109264719020817,4.545454545454546,defaulted,primary,False,False,False
1835-06-06,Pennsylvania,S-2270,110.0,5.0,ytm,4.108406466099496,4.545454545454546,defaulted,primary,False,False,False
1835-06-13,Pennsylvania,S-2270,110.0,5.0,ytm,4.1075459529184135,4.545454545454546,defaulted,primary,False,False,False
1835-06-20,Pennsylvania,S-2270,110.0,5.0,ytm,4.1066831705370035,4.545454545454546,defaulted,primary,False,False,False
1835-06-27,Pennsylvania,S-2270,110.0,5.0,ytm,4.105818109967487,4.545454545454546,defaulted,primary,False,False,False
1835-07-04,Pennsylvania,S-2270,110.0,5.0,ytm,4.104950762174558,4.545454545454546,defaulted,primary,False,False,False
1835-07-11,Pennsylvania,S-2270,110.0,5.0,ytm,4.104081118075067,4.545454545454546,defaulted,primary,False,False,False
1835-07-18,Pennsylvania,S-2270,109.0,5.0,ytm,4.189026472983857,4.587155963302752,defaulted,primary,False,False,False
1835-07-25,Pennsylvania,S-2270,109.0,5.0,ytm,4.188235870470467,4.587155963302752,defaulted,primary,False,False,False
1835-08-01,Pennsylvania,S-2270,105.0,5.0,ytm,4.539771332780728,4.761904761904762,defaulted,primary,False,False,False
1835-08-08,Pennsylvania,S-2270,107.0,5.0,ytm,4.3612810198196215,4.672897196261682,defaulted,primary,False,False,False
1835-08-15,Pennsylvania,S-2270,107.0,5.0,ytm,4.3606551949610575,4.672897196261682,defaulted,primary,False,False,False
1835-08-22,Pennsylvania,S-2270,107.0,5.0,ytm,4.360027699963717,4.672897196261682,defaulted,primary,False,False,False
1835-08-29,Pennsylvania,S-2270,107.0,5.0,ytm,4.359398528133019,4.672897196261682,defaulted,primary,False,False,False
1835-09-05,Pennsylvania,S-2270,106.0,5.0,ytm,4.447704195243609,4.716981132075472,defaulted,primary,False,False,False
1835-09-12,Pennsylvania,S-2270,106.0,5.0,ytm,4.4471593812421615,4.716981132075472,defaulted,primary,False,False,False
1835-09-19,Pennsylvania,S-2270,106.0,5.0,ytm,4.446613105493679,4.716981132075472,defaulted,primary,False,False,False
1835-09-26,Pennsylvania,S-2270,106.0,5.0,ytm,4.446065362107416,4.716981132075472,defaulted,primary,False,False,False
1835-10-03,Pennsylvania,S-2270,106.0,5.0,ytm,4.445516145160929,4.716981132075472,defaulted,primary,False,False,False
1835-10-10,Pennsylvania,S-2270,103.0,5.0,ytm,4.718381483823085,4.854368932038835,defaulted,primary,False,False,False
1835-10-17,Pennsylvania,S-2270,104.0,5.0,ytm,4.625977558653519,4.807692307692308,defaulted,primary,False,False,False
1835-10-24,Pennsylvania,S-2270,104.0,5.0,ytm,4.6256048242179375,4.807692307692308,defaulted,primary,False,False,False
1835-10-31,Pennsylvania,S-2270,104.5,5.0,ytm,4.579415810417084,4.784688995215311,defaulted,primary,False,False,False
1835-11-07,Pennsylvania,S-2270,104.5,5.0,ytm,4.57899524199419,4.784688995215311,defaulted,primary,False,False,False
1835-11-14,Pennsylvania,S-2270,104.5,5.0,ytm,4.5785735329362875,4.784688995215311,defaulted,primary,False,False,False
1835-11-21,Pennsylvania,S-2270,104.5,5.0,ytm,4.578150678596753,4.784688995215311,defaulted,primary,False,False,False
1835-11-28,Pennsylvania,S-2270,104.5,5.0,ytm,4.577726674303691,4.784688995215311,defaulted,primary,False,False,False
1835-12-05,Pennsylvania,S-2270,104.5,5.0,ytm,4.577301515359764,4.784688995215311,defaulted,primary,False,False,False
1835-12-12,Pennsylvania,S-2270,104.0,5.0,ytm,4.622967223508024,4.807692307692308,defaulted,primary,False,False,False
1835-12-26,Pennsylvania,S-2270,104.0,5.0,ytm,4.622204350490197,4.807692307692308,defaulted,primary,False,False,False
1836-01-16,Pennsylvania,S-2270,104.0,5.0,ytm,4.621052186318733,4.807692307692308,defaulted,primary,False,False,False
1836-01-23,Pennsylvania,S-2270,101.0,5.0,ytm,4.903751079637163,4.9504950495049505,defaulted,primary,False,False,False
1836-01-30,Pennsylvania,S-2270,103.0,5.0,ytm,4.713806181612101,4.854368932038835,defaulted,primary,False,False,False
1836-02-06,Pennsylvania,S-2270,103.0,5.0,ytm,4.7135135240009545,4.854368932038835,defaulted,primary,False,False,False
1836-02-13,Pennsylvania,S-2270,103.0,5.0,ytm,4.713220058421644,4.854368932038835,defaulted,primary,False,False,False
1836-02-20,Pennsylvania,S-2270,104.0,5.0,ytm,4.619110677446334,4.807692307692308,defaulted,primary,False,False,False
1836-02-27,Pennsylvania,S-2270,105.0,5.0,ytm,4.5257238216044415,4.761904761904762,defaulted,primary,False,False,False
1836-03-05,Pennsylvania,S-2270,105.0,5.0,ytm,4.525235450374306,4.761904761904762,defaulted,primary,False,False,False
1836-03-12,Pennsylvania,S-2270,105.0,5.0,ytm,4.524745723364432,4.761904761904762,defaulted,primary,False,False,False
1836-03-19,Pennsylvania,S-2270,104.5,5.0,ytm,4.570782298987631,4.784688995215311,defaulted,primary,False,False,False
1836-03-26,Pennsylvania,S-2270,104.5,5.0,ytm,4.570338005339204,4.784688995215311,defaulted,primary,False,False,False
1836-04-02,Pennsylvania,S-2270,106.0,5.0,ytm,4.430699098722901,4.716981132075472,defaulted,primary,False,False,False
1836-04-09,Pennsylvania,S-2270,106.0,5.0,ytm,4.430107735047286,4.716981132075472,defaulted,primary,False,False,False
1836-04-16,Pennsylvania,S-2270,106.0,5.0,ytm,4.4295147181984555,4.716981132075472,defaulted,primary,False,False,False
1836-04-23,Pennsylvania,S-2270,103.0,5.0,ytm,4.710240217966259,4.854368932038835,defaulted,primary,False,False,False
1836-04-30,Pennsylvania,S-2270,102.5,5.0,ytm,4.757684530078069,4.878048780487805,defaulted,primary,False,False,False
1836-05-07,Pennsylvania,S-2270,102.5,5.0,ytm,4.75743104912278,4.878048780487805,defaulted,primary,False,False,False
1836-05-14,Pennsylvania,S-2270,102.5,5.0,ytm,4.75717685557043,4.878048780487805,defaulted,primary,False,False,False
1836-05-21,Pennsylvania,S-2270,102.5,5.0,ytm,4.756921946411858,4.878048780487805,defaulted,primary,False,False,False
1836-05-28,Pennsylvania,S-2270,102.5,5.0,ytm,4.756666318620943,4.878048780487805,defaulted,primary,False,False,False
1836-06-04,Pennsylvania,S-2270,102.0,5.0,ytm,4.804645618826855,4.901960784313726,defaulted,primary,False,False,False
1836-06-11,Pennsylvania,S-2270,102.0,5.0,ytm,4.804439450407076,4.901960784313726,defaulted,primary,False,False,False
1836-06-18,Pennsylvania,S-2270,102.0,5.0,ytm,4.804232698295107,4.901960784313726,defaulted,primary,False,False,False
1836-06-25,Pennsylvania,S-2270,102.0,5.0,ytm,4.804025360008661,4.901960784313726,defaulted,primary,False,False,False
1836-07-02,Pennsylvania,S-2270,102.0,5.0,ytm,4.803817433051356,4.901960784313726,defaulted,primary,False,False,False
1836-07-09,Pennsylvania,S-2270,102.0,5.0,ytm,4.803608914912612,4.901960784313726,defaulted,primary,False,False,False
1836-07-16,Pennsylvania,S-2270,102.0,5.0,ytm,4.803399803067554,4.901960784313726,defaulted,primary,False,False,False
1836-07-23,Pennsylvania,S-2270,101.0,5.0,ytm,4.901105470610289,4.9504950495049505,defaulted,primary,False,False,False
1836-07-30,Pennsylvania,S-2270,101.0,5.0,ytm,4.900999794013818,4.9504950495049505,defaulted,primary,False,False,False
1836-08-06,Pennsylvania,S-2270,101.0,5.0,ytm,4.900893815237538,4.9504950495049505,defaulted,primary,False,False,False
1836-08-13,Pennsylvania,S-2270,102.0,5.0,ytm,4.802557367620584,4.901960784313726,defaulted,primary,False,False,False
1836-08-20,Pennsylvania,S-2270,102.0,5.0,ytm,4.802345248863273,4.901960784313726,defaulted,primary,False,False,False
1836-08-27,Pennsylvania,S-2270,102.0,5.0,ytm,4.802132520944403,4.901960784313726,defaulted,primary,False,False,False
1836-09-03,Pennsylvania,S-2270,101.0,5.0,ytm,4.900466852262925,4.9504950495049505,defaulted,primary,False,False,False
1836-09-10,Pennsylvania,S-2270,101.0,5.0,ytm,4.9003593429683505,4.9504950495049505,defaulted,primary,False,False,False
1836-09-17,Pennsylvania,S-2270,101.0,5.0,ytm,4.900251523593405,4.9504950495049505,defaulted,primary,False,False,False
1836-09-24,Pennsylvania,S-2270,100.0,5.0,ytm,5.0,5.0,defaulted,primary,False,False,False
1836-10-01,Pennsylvania,S-2270,100.0,5.0,ytm,5.0,5.0,defaulted,primary,False,False,False
1836-10-08,Pennsylvania,S-2270,100.0,5.0,ytm,5.0,5.0,defaulted,primary,False,False,False
1836-10-15,Pennsylvania,S-2270,100.0,5.0,ytm,5.0,5.0,defaulted,primary,False,False,False
1836-10-22,Pennsylvania,S-2270,99.0,5.0,ytm,5.1013002343112115,5.05050505050505,defaulted,primary,False,False,False
1836-10-29,Pennsylvania,S-2270,98.25,5.0,ytm,5.178140713789297,5.089058524173027,defaulted,primary,False,False,False
1836-11-12,Pennsylvania,S-2270,98.25,5.0,ytm,5.178531723232726,5.089058524173027,defaulted,primary,False,False,False
1836-11-19,Pennsylvania,S-2270,98.25,5.0,ytm,5.1787280848943595,5.089058524173027,defaulted,primary,False,False,False
1836-11-26,Pennsylvania,S-2270,98.25,5.0,ytm,5.178925021192963,5.089058524173027,defaulted,primary,False,False,False
1836-12-03,Pennsylvania,S-2270,98.25,5.0,ytm,5.179122534654678,5.089058524173027,defaulted,primary,False,False,False
1836-12-10,Pennsylvania,S-2270,98.5,5.0,ytm,5.15350981417233,5.0761421319796955,defaulted,primary,False,False,False
1836-12-17,Pennsylvania,S-2270,98.5,5.0,ytm,5.153679892919339,5.0761421319796955,defaulted,primary,False,False,False
1836-12-24,Pennsylvania,S-2270,99.0,5.0,ytm,5.102309275561999,5.05050505050505,defaulted,primary,False,False,False
1836-12-31,Pennsylvania,S-2270,99.0,5.0,ytm,5.102423043835729,5.05050505050505,defaulted,primary,False,False,False
1837-01-07,Pennsylvania,S-2270,99.0,5.0,ytm,5.102537147992175,5.05050505050505,defaulted,primary,False,False,False
1837-01-14,Pennsylvania,S-2270,99.0,5.0,ytm,5.1026515895209945,5.05050505050505,defaulted,primary,False,False,False
1837-01-21,Pennsylvania,S-2270,97.5,5.0,ytm,5.2588671849900415,5.128205128205128,defaulted,primary,False,False,False
1837-01-28,Pennsylvania,S-2270,98.0,5.0,ytm,5.206802188373889,5.1020408163265305,defaulted,primary,False,False,False
1837-02-04,Pennsylvania,S-2270,98.0,5.0,ytm,5.2070342800084,5.1020408163265305,defaulted,primary,False,False,False
1837-02-11,Pennsylvania,S-2270,98.0,5.0,ytm,5.207267061951574,5.1020408163265305,defaulted,primary,False,False,False
1837-02-18,Pennsylvania,S-2270,98.0,5.0,ytm,5.207500537287771,5.1020408163265305,defaulted,primary,False,False,False
1837-02-25,Pennsylvania,S-2270,98.0,5.0,ytm,5.207734709119751,5.1020408163265305,defaulted,primary,False,False,False
1837-03-04,Pennsylvania,S-2270,98.0,5.0,ytm,5.207969580568812,5.1020408163265305,defaulted,primary,False,False,False
1837-03-11,Pennsylvania,S-2270,98.0,5.0,ytm,5.208205154774935,5.1020408163265305,defaulted,primary,False,False,False
1837-03-18,Pennsylvania,S-2270,98.0,5.0,ytm,5.208441434896915,5.1020408163265305,defaulted,primary,False,False,False
1837-03-25,Pennsylvania,S-2270,94.5,5.0,ytm,5.5841922978368155,5.291005291005291,defaulted,primary,False,False,False
1837-04-01,Pennsylvania,S-2270,95.0,5.0,ytm,5.530325549647146,5.263157894736842,defaulted,primary,False,False,False
1837-04-08,Pennsylvania,S-2270,95.0,5.0,ytm,5.530930762063853,5.263157894736842,defaulted,primary,False,False,False
1837-04-15,Pennsylvania,S-2270,95.0,5.0,ytm,5.5315377989796595,5.263157894736842,defaulted,primary,False,False,False
1837-04-29,Pennsylvania,S-2270,92.0,5.0,ytm,5.865730741540676,5.434782608695652,defaulted,primary,False,False,False
1837-05-06,Pennsylvania,S-2270,92.0,5.0,ytm,5.8667261518494485,5.434782608695652,defaulted,primary,False,False,False
1837-05-20,Pennsylvania,S-2270,96.0,5.0,ytm,5.425498470162636,5.208333333333334,defaulted,primary,False,False,False
1837-05-27,Pennsylvania,S-2270,99.0,5.0,ytm,5.104892126866405,5.05050505050505,defaulted,primary,False,False,False
1837-06-03,Pennsylvania,S-2270,99.0,5.0,ytm,5.105013642751297,5.05050505050505,defaulted,primary,False,False,False
1837-06-10,Pennsylvania,S-2270,99.0,5.0,ytm,5.105135529434444,5.05050505050505,defaulted,primary,False,False,False
1837-06-17,Pennsylvania,S-2270,99.5,5.0,ytm,5.052496992317073,5.025125628140704,defaulted,primary,False,False,False
1837-06-24,Pennsylvania,S-2270,100.25,5.0,ytm,4.97381934584393,4.987531172069826,defaulted,primary,False,False,False
1837-07-01,Pennsylvania,S-2270,100.25,5.0,ytm,4.973788785476443,4.987531172069826,defaulted,primary,False,False,False
1837-07-08,Pennsylvania,S-2270,102.0,5.0,ytm,4.791883793642522,4.901960784313726,defaulted,primary,False,False,False
1837-07-22,Pennsylvania,S-2270,103.0,5.0,ytm,4.68863440820599,4.854368932038835,defaulted,primary,False,False,False
1837-07-29,Pennsylvania,S-2270,103.0,5.0,ytm,4.6882681782515405,4.854368932038835,defaulted,primary,False,False,False
1837-08-05,Pennsylvania,S-2270,103.0,5.0,ytm,4.687900816960074,4.854368932038835,defaulted,primary,False,False,False
1837-08-12,Pennsylvania,S-2270,103.0,5.0,ytm,4.687532319081185,4.854368932038835,defaulted,primary,False,False,False
1837-08-19,Pennsylvania,S-2270,103.0,5.0,ytm,4.687162679331934,4.854368932038835,defaulted,primary,False,False,False
1837-09-02,Pennsylvania,S-2270,103.0,5.0,ytm,4.686419952926354,4.854368932038835,defaulted,primary,False,False,False
1837-09-09,Pennsylvania,S-2270,104.0,5.0,ytm,4.583447788721893,4.807692307692308,defaulted,primary,False,False,False
1837-09-16,Pennsylvania,S-2270,105.0,5.0,ytm,4.48123200608398,4.761904761904762,defaulted,primary,False,False,False
1837-09-23,Pennsylvania,S-2270,105.0,5.0,ytm,4.480612394792251,4.761904761904762,defaulted,primary,False,False,False
1837-09-30,Pennsylvania,S-2270,105.0,5.0,ytm,4.4799908454848625,4.761904761904762,defaulted,primary,False,False,False
1837-10-07,Pennsylvania,S-2270,104.0,5.0,ytm,4.581452182573633,4.807692307692308,defaulted,primary,False,False,False
1837-10-14,Pennsylvania,S-2270,104.0,5.0,ytm,4.580949367644862,4.807692307692308,defaulted,primary,False,False,False
1837-10-21,Pennsylvania,S-2270,103.0,5.0,ytm,4.68378364930089,4.854368932038835,defaulted,primary,False,False,False
1837-10-28,Pennsylvania,S-2270,103.0,5.0,ytm,4.6834022929439705,4.854368932038835,defaulted,primary,False,False,False
1837-11-04,Pennsylvania,S-2270,101.5,5.0,ytm,4.84033003990003,4.926108374384237,defaulted,primary,False,False,False
1837-11-11,Pennsylvania,S-2270,101.5,5.0,ytm,4.8401367282593,4.926108374384237,defaulted,primary,False,False,False
1837-11-18,Pennsylvania,S-2270,102.0,5.0,ytm,4.787118648616612,4.901960784313726,defaulted,primary,False,False,False
1837-11-25,Pennsylvania,S-2270,102.0,5.0,ytm,4.7868599077102285,4.901960784313726,defaulted,primary,False,False,False
1837-12-02,Pennsylvania,S-2270,102.0,5.0,ytm,4.786600345962536,4.901960784313726,defaulted,primary,False,False,False
1837-12-09,Pennsylvania,S-2270,102.0,5.0,ytm,4.786339959461221,4.901960784313726,defaulted,primary,False,False,False
1837-12-16,Pennsylvania,S-2270,102.0,5.0,ytm,4.786078744269062,4.901960784313726,defaulted,primary,False,False,False
1837-12-23,Pennsylvania,S-2270,102.0,5.0,ytm,4.7858166964237405,4.901960784313726,defaulted,primary,False,False,False
1837-12-30,Pennsylvania,S-2270,101.0,5.0,ytm,4.8922434577398075,4.9504950495049505,defaulted,primary,False,False,False
1838-01-06,Pennsylvania,S-2270,101.0,5.0,ytm,4.8921109391371145,4.9504950495049505,defaulted,primary,False,False,False
1838-01-13,Pennsylvania,S-2270,102.0,5.0,ytm,4.785025516964874,4.901960784313726,defaulted,primary,False,False,False
1838-01-20,Pennsylvania,S-2270,102.0,5.0,ytm,4.78476009837464,4.901960784313726,defaulted,primary,False,False,False
1838-02-10,Pennsylvania,S-2270,102.0,5.0,ytm,4.783958709018496,4.901960784313726,defaulted,primary,False,False,False
1838-02-17,Pennsylvania,S-2270,102.0,5.0,ytm,4.783689854225274,4.901960784313726,defaulted,primary,False,False,False
1838-02-24,Pennsylvania,S-2270,102.0,5.0,ytm,4.783420129954783,4.901960784313726,defaulted,primary,False,False,False
1838-03-03,Pennsylvania,S-2270,102.0,5.0,ytm,4.783149531982351,4.901960784313726,defaulted,primary,False,False,False
1838-03-10,Pennsylvania,S-2270,102.0,5.0,ytm,4.782878056055895,4.901960784313726,defaulted,primary,False,False,False
1838-03-31,Pennsylvania,S-2270,102.0,5.0,ytm,4.782058317615647,4.901960784313726,defaulted,primary,False,False,False
1838-04-07,Pennsylvania,S-2270,102.0,5.0,ytm,4.78178328679614,4.901960784313726,defaulted,primary,False,False,False
1838-04-14,Pennsylvania,S-2270,102.0,5.0,ytm,4.781507356343111,4.901960784313726,defaulted,primary,False,False,False
1838-04-21,Pennsylvania,S-2270,102.0,5.0,ytm,4.78123052183524,4.901960784313726,defaulted,primary,False,False,False
1838-04-28,Pennsylvania,S-2270,102.0,5.0,ytm,4.7809527788221855,4.901960784313726,defaulted,primary,False,False,False
1838-05-05,Pennsylvania,S-2270,102.0,5.0,ytm,4.780674122824351,4.901960784313726,defaulted,primary,False,False,False
1838-05-12,Pennsylvania,S-2270,102.0,5.0,ytm,4.780394549332638,4.901960784313726,defaulted,primary,False,False,False
1838-05-19,Pennsylvania,S-2270,102.0,5.0,ytm,4.780114053808208,4.901960784313726,defaulted,primary,False,False,False
1838-05-26,Pennsylvania,S-2270,102.0,5.0,ytm,4.779832631682234,4.901960784313726,defaulted,primary,False,False,False
1838-06-02,Pennsylvania,S-2270,102.0,5.0,ytm,4.779550278355654,4.901960784313726,defaulted,primary,False,False,False
1838-06-16,Pennsylvania,S-2270,102.0,5.0,ytm,4.778982759551743,4.901960784313726,defaulted,primary,False,False,False
1838-06-23,Pennsylvania,S-2270,102.0,5.0,ytm,4.778697584722843,4.901960784313726,defaulted,primary,False,False,False
1838-06-30,Pennsylvania,S-2270,102.0,5.0,ytm,4.778411459989682,4.901960784313726,defaulted,primary,False,False,False
1838-07-14,Pennsylvania,S-2270,102.0,5.0,ytm,4.777836341762607,4.901960784313726,defaulted,primary,False,False,False
1838-07-21,Pennsylvania,S-2270,102.0,5.0,ytm,4.777547338664999,4.901960784313726,defaulted,primary,False,False,False
1838-07-28,Pennsylvania,S-2270,102.0,5.0,ytm,4.777257366455209,4.901960784313726,defaulted,primary,False,False,False
1838-08-11,Pennsylvania,S-2270,102.0,5.0,ytm,4.7766744951351665,4.901960784313726,defaulted,primary,False,False,False
1838-08-18,Pennsylvania,S-2270,102.0,5.0,ytm,4.776381586160542,4.901960784313726,defaulted,primary,False,False,False
1838-08-25,Pennsylvania,S-2270,102.0,5.0,ytm,4.776087688344432,4.901960784313726,defaulted,primary,False,False,False
1838-09-01,Pennsylvania,S-2270,102.0,5.0,ytm,4.775792796670972,4.901960784313726,defaulted,primary,False,False,False
1838-09-08,Pennsylvania,S-2270,102.0,5.0,ytm,4.775496906090319,4.901960784313726,defaulted,primary,False,False,False
1838-09-15,Pennsylvania,S-2270,102.0,5.0,ytm,4.77520001151836,4.901960784313726,defaulted,primary,False,False,False
1838-09-22,Pennsylvania,S-2270,102.0,5.0,ytm,4.774902107836421,4.901960784313726,defaulted,primary,False,False,False
1838-09-29,Pennsylvania,S-2270,102.0,5.0,ytm,4.774603189890973,4.901960784313726,defaulted,primary,False,False,False
1838-10-06,Pennsylvania,S-2270,102.0,5.0,ytm,4.774303252493337,4.901960784313726,defaulted,primary,False,False,False
1838-10-13,Pennsylvania,S-2270,102.0,5.0,ytm,4.774002290419379,4.901960784313726,defaulted,primary,False,False,False
1838-10-20,Pennsylvania,S-2270,102.0,5.0,ytm,4.773700298409211,4.901960784313726,defaulted,primary,False,False,False
1838-10-27,Pennsylvania,S-2270,102.0,5.0,ytm,4.773397271166881,4.901960784313726,defaulted,primary,False,False,False
1838-11-03,Pennsylvania,S-2270,102.0,5.0,ytm,4.773093203360071,4.901960784313726,defaulted,primary,False,False,False
1838-11-10,Pennsylvania,S-2270,102.0,5.0,ytm,4.772788089619773,4.901960784313726,defaulted,primary,False,False,False
1838-11-17,Pennsylvania,S-2270,102.0,5.0,ytm,4.7724819245399805,4.901960784313726,defaulted,primary,False,False,False
1838-11-24,Pennsylvania,S-2270,102.0,5.0,ytm,4.772174702677369,4.901960784313726,defaulted,primary,False,False,False
1838-12-01,Pennsylvania,S-2270,102.0,5.0,ytm,4.771866418550968,4.901960784313726,defaulted,primary,False,False,False
1838-12-08,Pennsylvania,S-2270,102.0,5.0,ytm,4.7715570666418445,4.901960784313726,defaulted,primary,False,False,False
1838-12-15,Pennsylvania,S-2270,102.0,5.0,ytm,4.771246641392763,4.901960784313726,defaulted,primary,False,False,False
1838-12-22,Pennsylvania,S-2270,102.0,5.0,ytm,4.770935137207862,4.901960784313726,defaulted,primary,False,False,False
1838-12-29,Pennsylvania,S-2270,102.0,5.0,ytm,4.770622548452308,4.901960784313726,defaulted,primary,False,False,False
1839-01-05,Pennsylvania,S-2270,102.0,5.0,ytm,4.770308869451966,4.901960784313726,defaulted,primary,False,False,False
1839-01-12,Pennsylvania,S-2270,102.0,5.0,ytm,4.769994094493053,4.901960784313726,defaulted,primary,False,False,False
1839-01-19,Pennsylvania,S-2270,102.0,5.0,ytm,4.769678217821783,4.901960784313726,defaulted,primary,False,False,False
1839-01-26,Pennsylvania,S-2270,102.0,5.0,ytm,4.769361233644025,4.901960784313726,defaulted,primary,False,False,False
1839-02-02,Pennsylvania,S-2270,102.0,5.0,ytm,4.769043136124951,4.901960784313726,defaulted,primary,False,False,False
1839-02-09,Pennsylvania,S-2270,102.0,5.0,ytm,4.7687239193886715,4.901960784313726,defaulted,primary,False,False,False
1839-02-23,Pennsylvania,S-2270,102.0,5.0,ytm,4.768082104553457,4.901960784313726,defaulted,primary,False,False,False
1839-03-02,Pennsylvania,S-2270,102.0,5.0,ytm,4.767759494494169,4.901960784313726,defaulted,primary,False,False,False
1839-03-16,Pennsylvania,S-2270,102.0,5.0,ytm,4.7671108388729335,4.901960784313726,defaulted,primary,False,False,False
1839-03-23,Pennsylvania,S-2270,102.0,5.0,ytm,4.766784781094315,4.901960784313726,defaulted,primary,False,False,False
1839-03-30,Pennsylvania,S-2270,102.0,5.0,ytm,4.766457561786713,4.901960784313726,defaulted,primary,False,False,False
1839-04-06,Pennsylvania,S-2270,102.0,5.0,ytm,4.766129174732411,4.901960784313726,defaulted,primary,False,False,False
1839-04-13,Pennsylvania,S-2270,102.0,5.0,ytm,4.765799613669232,4.901960784313726,defaulted,primary,False,False,False
1839-04-20,Pennsylvania,S-2270,102.0,5.0,ytm,4.765468872290145,4.901960784313726,defaulted,primary,False,False,False
1839-05-04,Pennsylvania,S-2270,97.0,5.0,ytm,5.361748434476063,5.154639175257731,defaulted,primary,False,False,False
1839-05-11,Pennsylvania,S-2270,97.0,5.0,ytm,5.362262643354014,5.154639175257731,defaulted,primary,False,False,False
1839-05-18,Pennsylvania,S-2270,97.0,5.0,ytm,5.362778707146753,5.154639175257731,defaulted,primary,False,False,False
1839-05-25,Pennsylvania,S-2270,97.0,5.0,ytm,5.363296635909316,5.154639175257731,defaulted,primary,False,False,False
1839-06-01,Pennsylvania,S-2270,97.0,5.0,ytm,5.363816439769545,5.154639175257731,defaulted,primary,False,False,False
1839-06-08,Pennsylvania,S-2270,97.0,5.0,ytm,5.3643381289287495,5.154639175257731,defaulted,primary,False,False,False
1839-06-15,Pennsylvania,S-2270,97.0,5.0,ytm,5.364861713662371,5.154639175257731,defaulted,primary,False,False,False
1839-06-22,Pennsylvania,S-2270,97.0,5.0,ytm,5.36538720432066,5.154639175257731,defaulted,primary,False,False,False
1839-06-29,Pennsylvania,S-2270,97.0,5.0,ytm,5.365914611329357,5.154639175257731,defaulted,primary,False,False,False
1839-07-06,Pennsylvania,S-2270,97.0,5.0,ytm,5.366443945190381,5.154639175257731,defaulted,primary,False,False,False
1839-07-13,Pennsylvania,S-2270,97.0,5.0,ytm,5.366975216482532,5.154639175257731,defaulted,primary,False,False,False
1839-07-20,Pennsylvania,S-2270,97.0,5.0,ytm,5.367508435862186,5.154639175257731,defaulted,primary,False,False,False
1839-07-27,Pennsylvania,S-2270,97.0,5.0,ytm,5.3680436140640175,5.154639175257731,defaulted,primary,False,False,False
1839-08-03,Pennsylvania,S-2270,94.5,5.0,ytm,5.684416890352193,5.291005291005291,defaulted,primary,False,False,False
1839-08-10,Pennsylvania,S-2270,94.5,5.0,ytm,5.685417996754304,5.291005291005291,defaulted,primary,False,False,False
1839-08-17,Pennsylvania,S-2270,94.5,5.0,ytm,5.686422801174787,5.291005291005291,defaulted,primary,False,False,False
1840-01-25,Pennsylvania,S-2270,93.0,5.0,ytm,5.911433087234811,5.376344086021505,defaulted,primary,False,False,False
1840-02-01,Pennsylvania,S-2270,93.0,5.0,ytm,5.912844076069386,5.376344086021505,defaulted,primary,False,False,False
1840-02-08,Pennsylvania,S-2270,93.0,5.0,ytm,5.914260529314386,5.376344086021505,defaulted,primary,False,False,False
1840-02-15,Pennsylvania,S-2270,93.0,5.0,ytm,5.915682478774858,5.376344086021505,defaulted,primary,False,False,False
1840-02-22,Pennsylvania,S-2270,93.0,5.0,ytm,5.917109956503159,5.376344086021505,defaulted,primary,False,False,False
1840-02-29,Pennsylvania,S-2270,93.0,5.0,ytm,5.918542994801353,5.376344086021505,defaulted,primary,False,False,False
1840-03-07,Pennsylvania,S-2270,93.0,5.0,ytm,5.919981626223654,5.376344086021505,defaulted,primary,False,False,False
1840-03-14,Pennsylvania,S-2270,93.0,5.0,ytm,5.921425883578893,5.376344086021505,defaulted,primary,False,False,False
1840-03-21,Pennsylvania,S-2270,93.0,5.0,ytm,5.922875799933004,5.376344086021505,defaulted,primary,False,False,False
1840-03-28,Pennsylvania,S-2270,93.0,5.0,ytm,5.924331408611556,5.376344086021505,defaulted,primary,False,False,False
1840-04-04,Pennsylvania,S-2270,90.0,5.0,ytm,6.343443604797326,5.555555555555555,defaulted,primary,False,False,False
1840-04-11,Pennsylvania,S-2270,90.0,5.0,ytm,6.345572546230441,5.555555555555555,defaulted,primary,False,False,False
1840-04-18,Pennsylvania,S-2270,91.0,5.0,ytm,6.206588440322259,5.4945054945054945,defaulted,primary,False,False,False
1840-04-25,Pennsylvania,S-2270,91.0,5.0,ytm,6.2085095551957945,5.4945054945054945,defaulted,primary,False,False,False
1840-05-02,Pennsylvania,S-2270,91.0,5.0,ytm,6.210438287064015,5.4945054945054945,defaulted,primary,False,False,False
1840-05-09,Pennsylvania,S-2270,90.0,5.0,ytm,6.354172889658881,5.555555555555555,defaulted,primary,False,False,False
1840-05-16,Pennsylvania,S-2270,91.0,5.0,ytm,6.214318783708747,5.4945054945054945,defaulted,primary,False,False,False
1840-06-13,Pennsylvania,S-2270,95.5,5.0,ytm,5.597020669271858,5.2356020942408374,defaulted,primary,False,False,False
1840-06-20,Pennsylvania,S-2270,97.0,5.0,ytm,5.395624196374684,5.154639175257731,defaulted,primary,False,False,False
1840-06-27,Pennsylvania,S-2270,97.0,5.0,ytm,5.39626775736771,5.154639175257731,defaulted,primary,False,False,False
1840-07-04,Pennsylvania,S-2270,97.0,5.0,ytm,5.396913916357824,5.154639175257731,defaulted,primary,False,False,False
1840-07-11,Pennsylvania,S-2270,94.5,5.0,ytm,5.738233373863298,5.291005291005291,defaulted,primary,False,False,False
1840-07-18,Pennsylvania,S-2270,94.5,5.0,ytm,5.73944296170157,5.291005291005291,defaulted,primary,False,False,False
1840-07-25,Pennsylvania,S-2270,94.5,5.0,ytm,5.740657462284181,5.291005291005291,defaulted,primary,False,False,False
1840-08-01,Pennsylvania,S-2270,94.5,5.0,ytm,5.741876905601722,5.291005291005291,defaulted,primary,False,False,False
1840-08-08,Pennsylvania,S-2270,94.5,5.0,ytm,5.743101321889389,5.291005291005291,defaulted,primary,False,False,False
1840-08-15,Pennsylvania,S-2270,98.0,5.0,ytm,5.265881229103646,5.1020408163265305,defaulted,primary,False,False,False
1840-08-22,Pennsylvania,S-2270,98.0,5.0,ytm,5.266322186474278,5.1020408163265305,defaulted,primary,False,False,False
1840-08-29,Pennsylvania,S-2270,98.0,5.0,ytm,5.26676495316589,5.1020408163265305,defaulted,primary,False,False,False
1840-09-05,Pennsylvania,S-2270,97.0,5.0,ytm,5.4028489009146,5.154639175257731,defaulted,primary,False,False,False
1840-09-19,Pennsylvania,S-2270,95.0,5.0,ytm,5.680572253854472,5.263157894736842,defaulted,primary,False,False,False
1840-09-26,Pennsylvania,S-2270,93.5,5.0,ytm,5.893099309106236,5.347593582887701,defaulted,primary,False,False,False
1840-10-03,Pennsylvania,S-2270,93.5,5.0,ytm,5.894602413805504,5.347593582887701,defaulted,primary,False,False,False
1840-10-10,Pennsylvania,S-2270,93.0,5.0,ytm,5.967543549453422,5.376344086021505,defaulted,primary,False,False,False
1840-10-17,Pennsylvania,S-2270,93.0,5.0,ytm,5.96917999750408,5.376344086021505,defaulted,primary,False,False,False
1840-10-24,Pennsylvania,S-2270,94.0,5.0,ytm,5.827844881609181,5.319148936170213,defaulted,primary,False,False,False
1840-10-31,Pennsylvania,S-2270,94.0,5.0,ytm,5.829252000135446,5.319148936170213,defaulted,primary,False,False,False
1840-11-07,Pennsylvania,S-2270,94.0,5.0,ytm,5.8306650132336335,5.319148936170213,defaulted,primary,False,False,False
1840-11-14,Pennsylvania,S-2270,94.5,5.0,ytm,5.7607828476507255,5.291005291005291,defaulted,primary,False,False,False
1840-11-21,Pennsylvania,S-2270,94.5,5.0,ytm,5.762085660964999,5.291005291005291,defaulted,primary,False,False,False
1840-11-28,Pennsylvania,S-2270,94.5,5.0,ytm,5.7633939664161,5.291005291005291,defaulted,primary,False,False,False
1840-12-05,Pennsylvania,S-2270,94.5,5.0,ytm,5.7647077988063415,5.291005291005291,defaulted,primary,False,False,False
1840-12-19,Pennsylvania,S-2270,93.0,5.0,ytm,5.984220442769665,5.376344086021505,defaulted,primary,False,False,False
1840-12-26,Pennsylvania,S-2270,93.0,5.0,ytm,5.985927127570022,5.376344086021505,defaulted,primary,False,False,False
1841-01-02,Pennsylvania,S-2270,92.5,5.0,ytm,6.060935412730909,5.405405405405405,defaulted,primary,False,False,False
1841-01-09,Pennsylvania,S-2270,89.0,5.0,ytm,6.587616239949268,5.617977528089887,defaulted,primary,False,False,False
1841-01-16,Pennsylvania,S-2270,89.0,5.0,ytm,6.59039016312855,5.617977528089887,defaulted,primary,False,False,False
1841-01-23,Pennsylvania,S-2270,88.0,5.0,ytm,6.747254895571992,5.681818181818182,defaulted,primary,False,False,False
1841-02-20,Pennsylvania,S-2270,82.0,5.0,ytm,7.726425567018709,6.097560975609756,defaulted,primary,False,False,False
1841-02-27,Pennsylvania,S-2270,79.0,5.0,ytm,8.239877544666793,6.329113924050633,defaulted,primary,False,False,False
1841-03-06,Pennsylvania,S-2270,73.0,5.0,ytm,9.317693098197745,6.8493150684931505,defaulted,primary,False,False,False
1841-03-13,Pennsylvania,S-2270,73.0,5.0,ytm,9.325392545940815,6.8493150684931505,defaulted,primary,False,False,False
1841-03-20,Pennsylvania,S-2270,73.0,5.0,ytm,9.333125584294173,6.8493150684931505,defaulted,primary,False,False,False
1841-03-27,Pennsylvania,S-2270,72.0,5.0,ytm,9.52783870546025,6.944444444444445,defaulted,primary,False,False,False
1841-04-03,Pennsylvania,S-2270,74.0,5.0,ytm,9.16356375802709,6.756756756756757,defaulted,primary,False,False,False
1841-04-10,Pennsylvania,S-2270,78.0,5.0,ytm,8.450051457008726,6.41025641025641,defaulted,primary,False,False,False
1841-04-17,Pennsylvania,S-2270,80.5,5.0,ytm,8.02109303769525,6.211180124223603,defaulted,primary,False,False,False
1841-04-24,Pennsylvania,S-2270,80.5,5.0,ytm,8.02656452094319,6.211180124223603,defaulted,primary,False,False,False
1841-05-01,Pennsylvania,S-2270,80.5,5.0,ytm,8.032060191360525,6.211180124223603,defaulted,primary,False,False,False
1841-05-15,Pennsylvania,S-2270,80.5,5.0,ytm,8.043124738080868,6.211180124223603,defaulted,primary,False,False,False
1841-05-22,Pennsylvania,S-2270,80.5,5.0,ytm,8.048693940157047,6.211180124223603,defaulted,primary,False,False,False
1841-05-29,Pennsylvania,S-2270,80.5,5.0,ytm,8.054287980980938,6.211180124223603,defaulted,primary,False,False,False
1841-06-05,Pennsylvania,S-2270,79.0,5.0,ytm,8.32289860656264,6.329113924050633,defaulted,primary,False,False,False
1841-06-19,Pennsylvania,S-2270,80.0,5.0,ytm,8.158719977193357,6.25,defaulted,primary,False,False,False
1841-06-26,Pennsylvania,S-2270,80.0,5.0,ytm,8.164577306332369,6.25,defaulted,primary,False,False,False
1841-07-17,Pennsylvania,S-2270,78.0,5.0,ytm,8.539871277408094,6.41025641025641,defaulted,primary,False,False,False
1841-07-24,Pennsylvania,S-2270,78.0,5.0,ytm,8.546505483131488,6.41025641025641,defaulted,primary,False,False,False
1841-07-31,Pennsylvania,S-2270,78.0,5.0,ytm,8.553169883549334,6.41025641025641,defaulted,primary,False,False,False
1841-08-07,Pennsylvania,S-2270,81.0,5.0,ytm,8.023471211851179,6.172839506172839,defaulted,primary,False,False,False
1841-08-14,Pennsylvania,S-2270,84.0,5.0,ytm,7.509300542413314,5.952380952380952,defaulted,primary,False,False,False
1841-08-28,Pennsylvania,S-2270,79.5,5.0,ytm,8.30815585725879,6.289308176100629,defaulted,primary,False,False,False
1841-09-04,Pennsylvania,S-2270,79.5,5.0,ytm,8.31445637567909,6.289308176100629,defaulted,primary,False,False,False
1841-09-11,Pennsylvania,S-2270,79.5,5.0,ytm,8.32078596702552,6.289308176100629,defaulted,primary,False,False,False
1841-09-18,Pennsylvania,S-2270,78.0,5.0,ytm,8.600683734034142,6.41025641025641,defaulted,primary,False,False,False
1841-09-25,Pennsylvania,S-2270,78.5,5.0,ytm,8.51573079562951,6.369426751592357,defaulted,primary,False,False,False
1841-10-02,Pennsylvania,S-2270,78.5,5.0,ytm,8.522499607210957,6.369426751592357,defaulted,primary,False,False,False
1841-10-16,Pennsylvania,S-2270,74.0,5.0,ytm,9.386845423570309,6.756756756756757,defaulted,primary,False,False,False
1841-10-23,Pennsylvania,S-2270,74.0,5.0,ytm,9.395360808900364,6.756756756756757,defaulted,primary,False,False,False
1841-10-30,Pennsylvania,S-2270,73.0,5.0,ytm,9.599732767885671,6.8493150684931505,defaulted,primary,False,False,False
1841-11-06,Pennsylvania,S-2270,72.0,5.0,ytm,9.807190716416512,6.944444444444445,defaulted,primary,False,False,False
1841-11-20,Pennsylvania,S-2270,68.5,5.0,ytm,10.542083638678985,7.2992700729927,defaulted,primary,False,False,False
1841-11-27,Pennsylvania,S-2270,68.5,5.0,ytm,10.552990489799893,7.2992700729927,defaulted,primary,False,False,False
1841-12-04,Pennsylvania,S-2270,60.0,5.0,ytm,12.440677966101694,8.333333333333332,defaulted,primary,False,False,False
1841-12-11,Pennsylvania,S-2270,61.0,5.0,ytm,12.223868406556878,8.19672131147541,defaulted,primary,False,False,False
1841-12-18,Pennsylvania,S-2270,60.0,5.0,ytm,12.470197547683926,8.333333333333332,defaulted,primary,False,False,False
1841-12-25,Pennsylvania,S-2270,60.0,5.0,ytm,12.485063161488563,8.333333333333332,defaulted,primary,False,False,False
1842-01-01,Pennsylvania,S-2270,60.0,5.0,ytm,12.5,8.333333333333332,defaulted,primary,False,False,False
1842-01-08,Pennsylvania,S-2270,50.0,5.0,ytm,15.020011435105774,10.0,defaulted,primary,False,False,False
1842-01-15,Pennsylvania,S-2270,50.0,5.0,ytm,15.04011921137093,10.0,defaulted,primary,False,False,False
1842-01-22,Pennsylvania,S-2270,52.0,5.0,ytm,14.530833287976922,9.615384615384617,defaulted,primary,False,False,False
1842-02-05,Pennsylvania,S-2270,52.0,5.0,ytm,14.569394563651942,9.615384615384617,defaulted,primary,False,False,False
1842-02-19,Pennsylvania,S-2270,52.0,5.0,ytm,14.608331654056828,9.615384615384617,defaulted,primary,False,False,False
1842-02-26,Pennsylvania,S-2270,52.0,5.0,ytm,14.627942850846587,9.615384615384617,defaulted,primary,False,False,False
1842-03-05,Pennsylvania,S-2270,49.5,5.0,ytm,15.31986650148975,10.1010101010101,defaulted,primary,False,False,False
1842-03-12,Pennsylvania,S-2270,49.5,5.0,ytm,15.341050345471347,10.1010101010101,defaulted,primary,False,False,False
1842-08-13,Pennsylvania,S-2270,37.0,5.0,current_yield,13.513513513513514,13.513513513513514,defaulted,primary,False,False,True
1842-08-20,Pennsylvania,S-2270,37.0,5.0,current_yield,13.513513513513514,13.513513513513514,defaulted,primary,False,False,True
1842-08-27,Pennsylvania,S-2270,40.0,5.0,current_yield,12.5,12.5,defaulted,primary,False,False,True
1842-09-03,Pennsylvania,S-2270,40.0,5.0,current_yield,12.5,12.5,defaulted,primary,False,False,True
1842-09-10,Pennsylvania,S-2270,40.0,5.0,current_yield,12.5,12.5,defaulted,primary,False,False,True
1842-09-17,Pennsylvania,S-2270,40.0,5.0,current_yield,12.5,12.5,defaulted,primary,False,False,True
1842-09-24,Pennsylvania,S-2270,40.0,5.0,current_yield,12.5,12.5,defaulted,primary,False,False,True
1843-11-04,Pennsylvania,S-2270,66.0,5.0,current_yield,7.575757575757576,7.575757575757576,defaulted,primary,False,False,True
1843-11-18,Pennsylvania,S-2270,66.0,5.0,current_yield,7.575757575757576,7.575757575757576,defaulted,primary,False,False,True
1843-12-09,Pennsylvania,S-2270,68.25,5.0,current_yield,7.326007326007327,7.326007326007327,defaulted,primary,False,False,True
1843-12-16,Pennsylvania,S-2270,67.25,5.0,current_yield,7.434944237918216,7.434944237918216,defaulted,primary,False,False,True
1843-12-23,Pennsylvania,S-2270,68.0,5.0,current_yield,7.352941176470589,7.352941176470589,defaulted,primary,False,False,True
1842-12-31,Pennsylvania,S-2330,44.5,5.0,current_yield,11.235955056179774,11.235955056179774,defaulted,primary,False,False,True
1843-01-07,Pennsylvania,S-2330,44.5,5.0,current_yield,11.235955056179774,11.235955056179774,defaulted,primary,False,False,True
1843-01-14,Pennsylvania,S-2330,42.0,5.0,current_yield,11.904761904761903,11.904761904761903,defaulted,primary,False,False,True
1843-01-21,Pennsylvania,S-2330,40.0,5.0,current_yield,12.5,12.5,defaulted,primary,False,False,True
1843-01-28,Pennsylvania,S-2330,42.0,5.0,current_yield,11.904761904761903,11.904761904761903,defaulted,primary,False,False,True
1843-02-11,Pennsylvania,S-2330,42.0,5.0,current_yield,11.904761904761903,11.904761904761903,defaulted,primary,False,False,True
1843-02-18,Pennsylvania,S-2330,41.5,5.0,current_yield,12.048192771084338,12.048192771084338,defaulted,primary,False,False,True
1843-02-25,Pennsylvania,S-2330,40.75,5.0,current_yield,12.269938650306749,12.269938650306749,defaulted,primary,False,False,True
1843-03-04,Pennsylvania,S-2330,39.0,5.0,current_yield,12.82051282051282,12.82051282051282,defaulted,primary,False,False,True
1843-03-11,Pennsylvania,S-2330,39.25,5.0,current_yield,12.738853503184714,12.738853503184714,defaulted,primary,False,False,True
1843-03-18,Pennsylvania,S-2330,37.0,5.0,current_yield,13.513513513513514,13.513513513513514,defaulted,primary,False,False,True
1843-03-26,Pennsylvania,S-2330,38.0,5.0,current_yield,13.157894736842104,13.157894736842104,defaulted,primary,False,False,True
1843-04-01,Pennsylvania,S-2330,38.5,5.0,current_yield,12.987012987012985,12.987012987012985,defaulted,primary,False,False,True
1843-04-08,Pennsylvania,S-2330,39.75,5.0,current_yield,12.578616352201259,12.578616352201259,defaulted,primary,False,False,True
1843-04-15,Pennsylvania,S-2330,39.75,5.0,current_yield,12.578616352201259,12.578616352201259,defaulted,primary,False,False,True
1843-04-22,Pennsylvania,S-2330,48.5,5.0,current_yield,10.309278350515463,10.309278350515463,defaulted,primary,False,False,True
1843-04-29,Pennsylvania,S-2330,43.0,5.0,current_yield,11.627906976744185,11.627906976744185,defaulted,primary,False,False,True
1843-05-06,Pennsylvania,S-2330,48.0,5.0,current_yield,10.416666666666668,10.416666666666668,defaulted,primary,False,False,True
1843-05-13,Pennsylvania,S-2330,47.0,5.0,current_yield,10.638297872340425,10.638297872340425,defaulted,primary,False,False,True
1843-05-20,Pennsylvania,S-2330,45.75,5.0,current_yield,10.92896174863388,10.92896174863388,defaulted,primary,False,False,True
1843-05-27,Pennsylvania,S-2330,47.5,5.0,current_yield,10.526315789473683,10.526315789473683,defaulted,primary,False,False,True
1843-06-03,Pennsylvania,S-2330,49.25,5.0,current_yield,10.152284263959391,10.152284263959391,defaulted,primary,False,False,True
1843-06-10,Pennsylvania,S-2330,45.0,5.0,current_yield,11.11111111111111,11.11111111111111,defaulted,primary,False,False,True
1843-06-17,Pennsylvania,S-2330,46.5,5.0,current_yield,10.75268817204301,10.75268817204301,defaulted,primary,False,False,True
1843-06-24,Pennsylvania,S-2330,45.75,5.0,current_yield,10.92896174863388,10.92896174863388,defaulted,primary,False,False,True
1843-07-01,Pennsylvania,S-2330,48.5,5.0,current_yield,10.309278350515463,10.309278350515463,defaulted,primary,False,False,True
1843-07-08,Pennsylvania,S-2330,48.25,5.0,current_yield,10.362694300518134,10.362694300518134,defaulted,primary,False,False,True
1843-07-15,Pennsylvania,S-2330,48.75,5.0,current_yield,10.256410256410255,10.256410256410255,defaulted,primary,False,False,True
1843-07-22,Pennsylvania,S-2330,48.75,5.0,current_yield,10.256410256410255,10.256410256410255,defaulted,primary,False,False,True
1843-07-29,Pennsylvania,S-2330,49.5,5.0,current_yield,10.1010101010101,10.1010101010101,defaulted,primary,False,False,True
1843-08-05,Pennsylvania,S-2330,48.5,5.0,current_yield,10.309278350515463,10.309278350515463,defaulted,primary,False,False,True
1843-08-12,Pennsylvania,S-2330,50.25,5.0,current_yield,9.950248756218906,9.950248756218906,defaulted,primary,False,False,True
1843-08-19,Pennsylvania,S-2330,53.0,5.0,current_yield,9.433962264150944,9.433962264150944,defaulted,primary,False,False,True
1843-08-26,Pennsylvania,S-2330,53.0,5.0,current_yield,9.433962264150944,9.433962264150944,defaulted,primary,False,False,True
1843-09-01,Pennsylvania,S-2330,53.0,5.0,current_yield,9.433962264150944,9.433962264150944,defaulted,primary,False,False,True
1843-09-09,Pennsylvania,S-2330,57.0,5.0,current_yield,8.771929824561402,8.771929824561402,defaulted,primary,False,False,True
1843-09-16,Pennsylvania,S-2330,56.75,5.0,current_yield,8.81057268722467,8.81057268722467,defaulted,primary,False,False,True
1843-09-23,Pennsylvania,S-2330,58.625,5.0,current_yield,8.528784648187633,8.528784648187633,defaulted,primary,False,False,True
1843-09-30,Pennsylvania,S-2330,62.0,5.0,current_yield,8.064516129032258,8.064516129032258,defaulted,primary,False,False,True
1843-10-07,Pennsylvania,S-2330,61.125,5.0,current_yield,8.1799591002045,8.1799591002045,defaulted,primary,False,False,True
1843-10-21,Pennsylvania,S-2330,60.5,5.0,current_yield,8.264462809917356,8.264462809917356,defaulted,primary,False,False,True
1843-10-28,Pennsylvania,S-2330,60.5,5.0,current_yield,8.264462809917356,8.264462809917356,defaulted,primary,False,False,True
1843-11-04,Pennsylvania,S-2330,62.25,5.0,current_yield,8.032128514056225,8.032128514056225,defaulted,primary,False,False,True
1843-11-18,Pennsylvania,S-2330,67.5,5.0,current_yield,7.4074074074074066,7.4074074074074066,defaulted,primary,False,False,True
1843-12-09,Pennsylvania,S-2330,67.5,5.0,current_yield,7.4074074074074066,7.4074074074074066,defaulted,primary,False,False,True
1843-12-16,Pennsylvania,S-2330,67.5,5.0,current_yield,7.4074074074074066,7.4074074074074066,defaulted,primary,False,False,True
1843-12-23,Pennsylvania,S-2330,67.5,5.0,current_yield,7.4074074074074066,7.4074074074074066,defaulted,primary,False,False,True
1843-12-30,Pennsylvania,S-2330,67.5,5.0,current_yield,7.4074074074074066,7.4074074074074066,defaulted,primary,False,False,True
1844-01-06,Pennsylvania,S-2330,65.5,5.0,current_yield,7.633587786259542,7.633587786259542,defaulted,primary,False,False,True
1844-01-13,Pennsylvania,S-2330,65.75,5.0,current_yield,7.604562737642586,7.604562737642586,defaulted,primary,False,False,True
1844-01-20,Pennsylvania,S-2330,63.25,5.0,current_yield,7.905138339920949,7.905138339920949,defaulted,primary,False,False,True
1844-01-27,Pennsylvania,S-2330,63.875,5.0,current_yield,7.8277886497064575,7.8277886497064575,defaulted,primary,False,False,True
1844-02-03,Pennsylvania,S-2330,65.0,5.0,current_yield,7.6923076923076925,7.6923076923076925,defaulted,primary,False,False,True
1844-02-10,Pennsylvania,S-2330,65.25,5.0,current_yield,7.662835249042145,7.662835249042145,defaulted,primary,False,False,True
1844-02-17,Pennsylvania,S-2330,67.25,5.0,current_yield,7.434944237918216,7.434944237918216,defaulted,primary,False,False,True
1844-02-24,Pennsylvania,S-2330,68.75,5.0,current_yield,7.2727272727272725,7.2727272727272725,defaulted,primary,False,False,True
1844-03-02,Pennsylvania,S-2330,69.5,5.0,current_yield,7.194244604316546,7.194244604316546,defaulted,primary,False,False,True
1844-03-09,Pennsylvania,S-2330,70.5,5.0,current_yield,7.092198581560284,7.092198581560284,defaulted,primary,False,False,True
1844-03-23,Pennsylvania,S-2330,68.5,5.0,current_yield,7.2992700729927,7.2992700729927,defaulted,primary,False,False,True
1844-03-30,Pennsylvania,S-2330,68.0,5.0,current_yield,7.352941176470589,7.352941176470589,defaulted,primary,False,False,True
1844-04-06,Pennsylvania,S-2330,63.5,5.0,current_yield,7.874015748031496,7.874015748031496,defaulted,primary,False,False,True
1844-04-20,Pennsylvania,S-2330,65.25,5.0,current_yield,7.662835249042145,7.662835249042145,defaulted,primary,False,False,True
1844-04-27,Pennsylvania,S-2330,67.75,5.0,current_yield,7.380073800738007,7.380073800738007,defaulted,primary,False,False,True
1844-05-11,Pennsylvania,S-2330,76.0,5.0,current_yield,6.578947368421052,6.578947368421052,defaulted,primary,False,False,True
1844-05-18,Pennsylvania,S-2330,76.75,5.0,current_yield,6.514657980456026,6.514657980456026,defaulted,primary,False,False,True
1844-05-25,Pennsylvania,S-2330,80.0,5.0,current_yield,6.25,6.25,defaulted,primary,False,False,True
1844-06-01,Pennsylvania,S-2330,79.5,5.0,current_yield,6.289308176100629,6.289308176100629,defaulted,primary,False,False,True
1844-06-08,Pennsylvania,S-2330,77.5,5.0,current_yield,6.451612903225806,6.451612903225806,defaulted,primary,False,False,True
1844-06-15,Pennsylvania,S-2330,78.0,5.0,current_yield,6.41025641025641,6.41025641025641,defaulted,primary,False,False,True
1844-06-22,Pennsylvania,S-2330,73.0,5.0,current_yield,6.8493150684931505,6.8493150684931505,defaulted,primary,False,False,True
1844-06-29,Pennsylvania,S-2330,75.25,5.0,current_yield,6.64451827242525,6.64451827242525,defaulted,primary,False,False,True
1844-07-06,Pennsylvania,S-2330,74.5,5.0,current_yield,6.7114093959731544,6.7114093959731544,defaulted,primary,False,False,True
1844-07-13,Pennsylvania,S-2330,74.5,5.0,current_yield,6.7114093959731544,6.7114093959731544,defaulted,primary,False,False,True
1844-07-20,Pennsylvania,S-2330,75.0,5.0,current_yield,6.666666666666667,6.666666666666667,defaulted,primary,False,False,True
1844-07-27,Pennsylvania,S-2330,75.25,5.0,current_yield,6.64451827242525,6.64451827242525,defaulted,primary,False,False,True
1844-08-03,Pennsylvania,S-2330,74.25,5.0,current_yield,6.7340067340067336,6.7340067340067336,defaulted,primary,False,False,True
1844-08-10,Pennsylvania,S-2330,73.5,5.0,current_yield,6.802721088435375,6.802721088435375,defaulted,primary,False,False,True
1844-08-17,Pennsylvania,S-2330,74.5,5.0,current_yield,6.7114093959731544,6.7114093959731544,defaulted,primary,False,False,True
1844-08-24,Pennsylvania,S-2330,73.5,5.0,current_yield,6.802721088435375,6.802721088435375,defaulted,primary,False,False,True
1844-08-31,Pennsylvania,S-2330,71.0,5.0,current_yield,7.042253521126761,7.042253521126761,defaulted,primary,False,False,True
1844-09-07,Pennsylvania,S-2330,72.5,5.0,current_yield,6.896551724137931,6.896551724137931,defaulted,primary,False,False,True
1844-09-14,Pennsylvania,S-2330,72.5,5.0,current_yield,6.896551724137931,6.896551724137931,defaulted,primary,False,False,True
1844-09-21,Pennsylvania,S-2330,72.5,5.0,current_yield,6.896551724137931,6.896551724137931,defaulted,primary,False,False,True
1844-09-28,Pennsylvania,S-2330,71.5,5.0,current_yield,6.993006993006993,6.993006993006993,defaulted,primary,False,False,True
1844-10-06,Pennsylvania,S-2330,71.5,5.0,current_yield,6.993006993006993,6.993006993006993,defaulted,primary,False,False,True
1844-10-12,Pennsylvania,S-2330,74.25,5.0,current_yield,6.7340067340067336,6.7340067340067336,defaulted,primary,False,False,True
1844-10-19,Pennsylvania,S-2330,74.25,5.0,current_yield,6.7340067340067336,6.7340067340067336,defaulted,primary,False,False,True
1844-10-26,Pennsylvania,S-2330,74.25,5.0,current_yield,6.7340067340067336,6.7340067340067336,defaulted,primary,False,False,True
1844-11-02,Pennsylvania,S-2330,73.75,5.0,current_yield,6.779661016949152,6.779661016949152,defaulted,primary,False,False,True
1844-11-09,Pennsylvania,S-2330,73.75,5.0,current_yield,6.779661016949152,6.779661016949152,defaulted,primary,False,False,True
1844-11-23,Pennsylvania,S-2330,67.5,5.0,current_yield,7.4074074074074066,7.4074074074074066,defaulted,primary,False,False,True
1844-11-30,Pennsylvania,S-2330,67.0,5.0,current_yield,7.462686567164178,7.462686567164178,defaulted,primary,False,False,True
1844-12-07,Pennsylvania,S-2330,69.5,5.0,current_yield,7.194244604316546,7.194244604316546,defaulted,primary,False,False,True
1842-12-17,Pennsylvania,S-2410,45.5,6.0,current_yield,13.186813186813188,13.186813186813188,defaulted,primary,False,False,True
1842-12-31,Pennsylvania,S-2410,46.0,6.0,current_yield,13.043478260869565,13.043478260869565,defaulted,primary,False,False,True
1843-01-07,Pennsylvania,S-2410,46.0,6.0,current_yield,13.043478260869565,13.043478260869565,defaulted,primary,False,False,True
1843-01-14,Pennsylvania,S-2410,41.0,6.0,current_yield,14.634146341463413,14.634146341463413,defaulted,primary,False,False,True
1843-01-21,Pennsylvania,S-2410,44.0,6.0,current_yield,13.636363636363635,13.636363636363635,defaulted,primary,False,False,True
1843-01-28,Pennsylvania,S-2410,45.0,6.0,current_yield,13.333333333333334,13.333333333333334,defaulted,primary,False,False,True
1843-02-11,Pennsylvania,S-2410,48.5,6.0,current_yield,12.371134020618557,12.371134020618557,defaulted,primary,False,False,True
1843-02-18,Pennsylvania,S-2410,47.0,6.0,current_yield,12.76595744680851,12.76595744680851,defaulted,primary,False,False,True
1843-02-25,Pennsylvania,S-2410,45.0,6.0,current_yield,13.333333333333334,13.333333333333334,defaulted,primary,False,False,True
1843-03-04,Pennsylvania,S-2410,44.0,6.0,current_yield,13.636363636363635,13.636363636363635,defaulted,primary,False,False,True
1843-03-11,Pennsylvania,S-2410,43.0,6.0,current_yield,13.953488372093023,13.953488372093023,defaulted,primary,False,False,True
1843-03-18,Pennsylvania,S-2410,43.0,6.0,current_yield,13.953488372093023,13.953488372093023,defaulted,primary,False,False,True
1843-03-26,Pennsylvania,S-2410,43.0,6.0,current_yield,13.953488372093023,13.953488372093023,defaulted,primary,False,False,True
1843-04-01,Pennsylvania,S-2410,44.0,6.0,current_yield,13.636363636363635,13.636363636363635,defaulted,primary,False,False,True
1843-04-08,Pennsylvania,S-2410,44.0,6.0,current_yield,13.636363636363635,13.636363636363635,defaulted,primary,False,False,True
1843-04-15,Pennsylvania,S-2410,44.0,6.0,current_yield,13.636363636363635,13.636363636363635,defaulted,primary,False,False,True
1843-04-22,Pennsylvania,S-2410,49.0,6.0,current_yield,12.244897959183673,12.244897959183673,defaulted,primary,False,False,True
1843-04-29,Pennsylvania,S-2410,47.0,6.0,current_yield,12.76595744680851,12.76595744680851,defaulted,primary,False,False,True
1843-05-06,Pennsylvania,S-2410,50.0,6.0,current_yield,12.0,12.0,defaulted,primary,False,False,True
1843-05-13,Pennsylvania,S-2410,50.0,6.0,current_yield,12.0,12.0,defaulted,primary,False,False,True
1843-05-20,Pennsylvania,S-2410,48.0,6.0,current_yield,12.5,12.5,defaulted,primary,False,False,True
1843-05-27,Pennsylvania,S-2410,49.0,6.0,current_yield,12.244897959183673,12.244897959183673,defaulted,primary,False,False,True
1843-06-03,Pennsylvania,S-2410,52.5,6.0,current_yield,11.428571428571429,11.428571428571429,defaulted,primary,False,False,True
1843-06-10,Pennsylvania,S-2410,48.0,6.0,current_yield,12.5,12.5,defaulted,primary,False,False,True
1843-06-17,Pennsylvania,S-2410,50.0,6.0,current_yield,12.0,12.0,defaulted,primary,False,False,True
1843-06-24,Pennsylvania,S-2410,50.0,6.0,current_yield,12.0,12.0,defaulted,primary,False,False,True
1843-07-01,Pennsylvania,S-2410,50.5,6.0,current_yield,11.881188118811881,11.881188118811881,defaulted,primary,False,False,True
1843-07-08,Pennsylvania,S-2410,53.0,6.0,current_yield,11.320754716981133,11.320754716981133,defaulted,primary,False,False,True
1843-07-15,Pennsylvania,S-2410,51.0,6.0,current_yield,11.76470588235294,11.76470588235294,defaulted,primary,False,False,True
1843-07-22,Pennsylvania,S-2410,53.0,6.0,current_yield,11.320754716981133,11.320754716981133,defaulted,primary,False,False,True
1843-07-29,Pennsylvania,S-2410,54.0,6.0,current_yield,11.11111111111111,11.11111111111111,defaulted,primary,False,False,True
1843-08-05,Pennsylvania,S-2410,54.0,6.0,current_yield,11.11111111111111,11.11111111111111,defaulted,primary,False,False,True
1843-08-12,Pennsylvania,S-2410,54.5,6.0,current_yield,11.009174311926607,11.009174311926607,defaulted,primary,False,False,True
1843-08-19,Pennsylvania,S-2410,57.0,6.0,current_yield,10.526315789473683,10.526315789473683,defaulted,primary,False,False,True
1843-08-26,Pennsylvania,S-2410,56.0,6.0,current_yield,10.714285714285714,10.714285714285714,defaulted,primary,False,False,True
1843-09-01,Pennsylvania,S-2410,58.0,6.0,current_yield,10.344827586206897,10.344827586206897,defaulted,primary,False,False,True
1843-09-09,Pennsylvania,S-2410,63.0,6.0,current_yield,9.523809523809524,9.523809523809524,defaulted,primary,False,False,True
1843-09-16,Pennsylvania,S-2410,62.0,6.0,current_yield,9.67741935483871,9.67741935483871,defaulted,primary,False,False,True
1843-09-23,Pennsylvania,S-2410,63.0,6.0,current_yield,9.523809523809524,9.523809523809524,defaulted,primary,False,False,True
1843-09-30,Pennsylvania,S-2410,66.0,6.0,current_yield,9.090909090909092,9.090909090909092,defaulted,primary,False,False,True
1843-10-07,Pennsylvania,S-2410,64.0,6.0,current_yield,9.375,9.375,defaulted,primary,False,False,True
1843-10-21,Pennsylvania,S-2410,64.0,6.0,current_yield,9.375,9.375,defaulted,primary,False,False,True
1843-10-28,Pennsylvania,S-2410,65.0,6.0,current_yield,9.230769230769232,9.230769230769232,defaulted,primary,False,False,True
1843-11-04,Pennsylvania,S-2410,64.0,6.0,current_yield,9.375,9.375,defaulted,primary,False,False,True
1843-11-18,Pennsylvania,S-2410,72.0,6.0,current_yield,8.333333333333332,8.333333333333332,defaulted,primary,False,False,True
1843-12-09,Pennsylvania,S-2410,73.0,6.0,current_yield,8.21917808219178,8.21917808219178,defaulted,primary,False,False,True
1843-12-16,Pennsylvania,S-2410,73.0,6.0,current_yield,8.21917808219178,8.21917808219178,defaulted,primary,False,False,True
1843-12-23,Pennsylvania,S-2410,73.0,6.0,current_yield,8.21917808219178,8.21917808219178,defaulted,primary,False,False,True
1843-12-30,Pennsylvania,S-2410,72.0,6.0,current_yield,8.333333333333332,8.333333333333332,defaulted,primary,False,False,True
1844-01-06,Pennsylvania,S-2410,70.0,6.0,current_yield,8.571428571428571,8.571428571428571,defaulted,primary,False,False,True
1844-01-13,Pennsylvania,S-2410,69.5,6.0,current_yield,8.633093525179856,8.633093525179856,defaulted,primary,False,False,True
1844-01-20,Pennsylvania,S-2410,69.5,6.0,current_yield,8.633093525179856,8.633093525179856,defaulted,primary,False,False,True
1844-01-27,Pennsylvania,S-2410,66.0,6.0,current_yield,9.090909090909092,9.090909090909092,defaulted,primary,False,False,True
1844-02-03,Pennsylvania,S-2410,69.0,6.0,current_yield,8.695652173913043,8.695652173913043,defaulted,primary,False,False,True
1844-02-10,Pennsylvania,S-2410,69.0,6.0,current_yield,8.695652173913043,8.695652173913043,defaulted,primary,False,False,True
1844-02-17,Pennsylvania,S-2410,71.0,6.0,current_yield,8.450704225352112,8.450704225352112,defaulted,primary,False,False,True
1844-02-24,Pennsylvania,S-2410,70.0,6.0,current_yield,8.571428571428571,8.571428571428571,defaulted,primary,False,False,True
1844-03-02,Pennsylvania,S-2410,71.5,6.0,current_yield,8.391608391608392,8.391608391608392,defaulted,primary,False,False,True
1844-03-09,Pennsylvania,S-2410,72.0,6.0,current_yield,8.333333333333332,8.333333333333332,defaulted,primary,False,False,True
1844-03-23,Pennsylvania,S-2410,70.5,6.0,current_yield,8.51063829787234,8.51063829787234,defaulted,primary,False,False,True
1844-03-30,Pennsylvania,S-2410,68.0,6.0,current_yield,8.823529411764707,8.823529411764707,defaulted,primary,False,False,True
1844-04-06,Pennsylvania,S-2410,66.0,6.0,current_yield,9.090909090909092,9.090909090909092,defaulted,primary,False,False,True
1844-04-20,Pennsylvania,S-2410,69.0,6.0,current_yield,8.695652173913043,8.695652173913043,defaulted,primary,False,False,True
1844-04-27,Pennsylvania,S-2410,70.0,6.0,current_yield,8.571428571428571,8.571428571428571,defaulted,primary,False,False,True
1844-05-11,Pennsylvania,S-2410,79.0,6.0,current_yield,7.59493670886076,7.59493670886076,defaulted,primary,False,False,True
1844-05-18,Pennsylvania,S-2410,80.5,6.0,current_yield,7.453416149068323,7.453416149068323,defaulted,primary,False,False,True
1844-05-25,Pennsylvania,S-2410,84.0,6.0,current_yield,7.142857142857142,7.142857142857142,defaulted,primary,False,False,True
1844-06-01,Pennsylvania,S-2410,82.0,6.0,current_yield,7.317073170731707,7.317073170731707,defaulted,primary,False,False,True
1844-06-08,Pennsylvania,S-2410,82.0,6.0,current_yield,7.317073170731707,7.317073170731707,defaulted,primary,False,False,True
1844-06-15,Pennsylvania,S-2410,81.0,6.0,current_yield,7.4074074074074066,7.4074074074074066,defaulted,primary,False,False,True
1844-06-22,Pennsylvania,S-2410,79.75,6.0,current_yield,7.523510971786834,7.523510971786834,defaulted,primary,False,False,True
1844-06-29,Pennsylvania,S-2410,79.0,6.0,current_yield,7.59493670886076,7.59493670886076,defaulted,primary,False,False,True
1844-07-06,Pennsylvania,S-2410,76.0,6.0,current_yield,7.894736842105263,7.894736842105263,defaulted,primary,False,False,True
1844-07-13,Pennsylvania,S-2410,76.0,6.0,current_yield,7.894736842105263,7.894736842105263,defaulted,primary,False,False,True
1844-07-20,Pennsylvania,S-2410,78.0,6.0,current_yield,7.6923076923076925,7.6923076923076925,defaulted,primary,False,False,True
1844-07-27,Pennsylvania,S-2410,77.0,6.0,current_yield,7.792207792207792,7.792207792207792,defaulted,primary,False,False,True
1844-08-03,Pennsylvania,S-2410,79.5,6.0,current_yield,7.547169811320755,7.547169811320755,defaulted,primary,False,False,True
1844-08-10,Pennsylvania,S-2410,75.0,6.0,current_yield,8.0,8.0,defaulted,primary,False,False,True
1844-08-17,Pennsylvania,S-2410,76.0,6.0,current_yield,7.894736842105263,7.894736842105263,defaulted,primary,False,False,True
1844-08-24,Pennsylvania,S-2410,76.0,6.0,current_yield,7.894736842105263,7.894736842105263,defaulted,primary,False,False,True
1844-08-31,Pennsylvania,S-2410,72.5,6.0,current_yield,8.275862068965518,8.275862068965518,defaulted,primary,False,False,True
1844-09-07,Pennsylvania,S-2410,70.0,6.0,current_yield,8.571428571428571,8.571428571428571,defaulted,primary,False,False,True
1844-09-14,Pennsylvania,S-2410,70.0,6.0,current_yield,8.571428571428571,8.571428571428571,defaulted,primary,False,False,True
1844-09-21,Pennsylvania,S-2410,71.0,6.0,current_yield,8.450704225352112,8.450704225352112,defaulted,primary,False,False,True
1844-09-28,Pennsylvania,S-2410,71.0,6.0,current_yield,8.450704225352112,8.450704225352112,defaulted,primary,False,False,True
1844-10-06,Pennsylvania,S-2410,71.0,6.0,current_yield,8.450704225352112,8.450704225352112,defaulted,primary,False,False,True
1844-10-12,Pennsylvania,S-2410,71.0,6.0,current_yield,8.450704225352112,8.450704225352112,defaulted,primary,False,False,True
1844-10-19,Pennsylvania,S-2410,71.0,6.0,current_yield,8.450704225352112,8.450704225352112,defaulted,primary,False,False,True
1844-10-26,Pennsylvania,S-2410,74.5,6.0,current_yield,8.053691275167784,8.053691275167784,defaulted,primary,False,False,True
1844-11-02,Pennsylvania,S-2410,74.5,6.0,current_yield,8.053691275167784,8.053691275167784,defaulted,primary,False,False,True
1844-11-09,Pennsylvania,S-2410,74.5,6.0,current_yield,8.053691275167784,8.053691275167784,defaulted,primary,False,False,True
1844-11-23,Pennsylvania,S-2410,70.0,6.0,current_yield,8.571428571428571,8.571428571428571,defaulted,primary,False,False,True
1844-11-30,Pennsylvania,S-2410,70.0,6.0,current_yield,8.571428571428571,8.571428571428571,defaulted,primary,False,False,True
1844-12-07,Pennsylvania,S-2410,69.5,6.0,current_yield,8.633093525179856,8.633093525179856,defaulted,primary,False,False,True
1844-12-14,Pennsylvania,S-2410,70.0,6.0,current_yield,8.571428571428571,8.571428571428571,defaulted,primary,False,False,True
1844-12-21,Pennsylvania,S-2410,71.25,6.0,current_yield,8.421052631578947,8.421052631578947,defaulted,primary,False,False,True
1844-12-28,Pennsylvania,S-2410,72.75,6.0,current_yield,8.24742268041237,8.24742268041237,defaulted,primary,False,False,True
1845-01-04,Pennsylvania,S-2410,72.75,6.0,current_yield,8.24742268041237,8.24742268041237,defaulted,primary,False,False,True
1845-01-11,Pennsylvania,S-2410,71.0,6.0,current_yield,8.450704225352112,8.450704225352112,defaulted,primary,False,False,True
1845-01-18,Pennsylvania,S-2410,71.0,6.0,current_yield,8.450704225352112,8.450704225352112,defaulted,primary,False,False,True
1845-01-25,Pennsylvania,S-2410,71.0,6.0,current_yield,8.450704225352112,8.450704225352112,defaulted,primary,False,False,True
1845-02-08,Pennsylvania,S-2410,71.0,6.0,ytm,44.90316004077472,8.450704225352112,defaulted,primary,True,False,False
1845-02-15,Pennsylvania,S-2410,71.0,6.0,ytm,45.73190789473684,8.450704225352112,defaulted,primary,True,False,False
1845-02-22,Pennsylvania,S-2410,71.0,6.0,ytm,46.5977243428059,8.450704225352112,defaulted,primary,True,False,False
1845-03-01,Pennsylvania,S-2410,71.0,6.0,ytm,47.503153308106874,8.450704225352112,defaulted,primary,True,False,False
1845-03-08,Pennsylvania,S-2410,71.0,6.0,ytm,48.45097694067946,8.450704225352112,defaulted,primary,True,False,False
1845-03-15,Pennsylvania,S-2410,71.0,6.0,ytm,49.44424417207402,8.450704225352112,defaulted,primary,True,False,False
1845-03-22,Pennsylvania,S-2410,72.5,6.0,ytm,47.818459191456895,8.275862068965518,defaulted,primary,True,False,False
1845-03-29,Pennsylvania,S-2410,73.0,6.0,ytm,47.94672932174492,8.21917808219178,defaulted,primary,True,False,False
1845-04-05,Pennsylvania,S-2410,73.0,6.0,ytm,49.00603630313759,8.21917808219178,defaulted,primary,True,False,False
1845-04-12,Pennsylvania,S-2410,73.0,6.0,ytm,50.12151865475565,8.21917808219178,defaulted,primary,True,False,False
1845-04-19,Pennsylvania,S-2410,72.0,6.0,ytm,53.2485747896118,8.333333333333332,defaulted,primary,True,False,False
1845-05-03,Pennsylvania,S-2410,73.0,6.0,ytm,53.85356454720617,8.21917808219178,defaulted,primary,True,False,False
1845-05-10,Pennsylvania,S-2410,73.0,6.0,ytm,55.245174879984326,8.21917808219178,defaulted,primary,True,False,False
1845-05-17,Pennsylvania,S-2410,73.0,6.0,ytm,56.72186182699346,8.21917808219178,defaulted,primary,True,False,False
1845-05-24,Pennsylvania,S-2410,73.0,6.0,ytm,58.29167317606624,8.21917808219178,defaulted,primary,True,False,False
1845-05-31,Pennsylvania,S-2410,69.5,6.0,ytm,68.2177402757769,8.633093525179856,defaulted,primary,True,False,False
1845-06-07,Pennsylvania,S-2410,71.0,6.0,ytm,66.57810391363023,8.450704225352112,defaulted,primary,True,False,False
1845-06-28,Pennsylvania,S-2410,78.0,6.0,ytm,55.02313284864508,7.6923076923076925,defaulted,primary,True,False,False
1845-07-05,Pennsylvania,S-2410,78.0,6.0,ytm,56.90074906367041,7.6923076923076925,defaulted,primary,True,False,False
1845-07-12,Pennsylvania,S-2410,75.0,6.0,ytm,67.17919075144508,8.0,defaulted,primary,True,False,False
1845-07-19,Pennsylvania,S-2410,76.0,6.0,ytm,66.8263964950712,7.894736842105263,defaulted,primary,True,False,False
1845-07-26,Pennsylvania,S-2410,77.0,6.0,ytm,66.4801193902569,7.792207792207792,defaulted,primary,True,False,False
1845-08-02,Pennsylvania,S-2410,77.0,6.0,ytm,69.22948260481712,7.792207792207792,defaulted,primary,True,False,False
1845-08-09,Pennsylvania,S-2410,80.0,6.0,ytm,62.643678160919535,7.5,defaulted,primary,True,False,False
1845-08-16,Pennsylvania,S-2410,80.0,6.0,ytm,65.48309178743962,7.5,defaulted,primary,True,False,False
1845-08-23,Pennsylvania,S-2410,75.5,6.0,ytm,84.68389117244078,7.9470198675496695,defaulted,primary,True,False,False
1845-08-30,Pennsylvania,S-2410,74.0,6.0,ytm,94.92491657397107,8.108108108108109,defaulted,primary,True,False,False
1845-09-06,Pennsylvania,S-2410,76.0,6.0,ytm,91.95804195804197,7.894736842105263,defaulted,primary,True,False,False
1845-09-13,Pennsylvania,S-2410,78.0,6.0,ytm,88.82022471910112,7.6923076923076925,defaulted,primary,True,False,False
1845-09-20,Pennsylvania,S-2410,78.0,6.0,ytm,94.39838551325407,7.6923076923076925,defaulted,primary,True,False,False
1845-09-27,Pennsylvania,S-2410,78.0,6.0,ytm,100.79002808988764,7.6923076923076925,defaulted,primary,True,False,False
1845-10-04,Pennsylvania,S-2410,78.0,6.0,ytm,108.1870975886883,7.6923076923076925,defaulted,primary,True,False,False
1845-10-11,Pennsylvania,S-2410,78.0,6.0,ytm,116.84708139216222,7.6923076923076925,defaulted,primary,True,False,False
1845-10-18,Pennsylvania,S-2410,79.0,6.0,ytm,120.97206703910615,7.59493670886076,defaulted,primary,True,False,False
1845-10-25,Pennsylvania,S-2410,79.0,6.0,ytm,132.73496549457772,7.59493670886076,defaulted,primary,True,False,False
1845-11-01,Pennsylvania,S-2410,79.0,6.0,ytm,147.19754556278048,7.59493670886076,defaulted,primary,True,False,False
1845-11-08,Pennsylvania,S-2410,79.0,6.0,ytm,165.4096834264432,7.59493670886076,defaulted,primary,True,False,False
1845-11-22,Pennsylvania,S-2410,79.0,6.0,ytm,220.95670391061458,7.59493670886076,defaulted,primary,True,False,False
1845-12-27,Pennsylvania,S-2410,68.0,6.0,ytm,2790.0,8.823529411764707,defaulted,primary,True,False,False
1846-01-03,Pennsylvania,S-2410,70.75,6.0,,,8.480565371024735,defaulted,primary,False,True,False
1846-01-10,Pennsylvania,S-2410,70.0,6.0,,,8.571428571428571,defaulted,primary,False,True,False
1846-01-17,Pennsylvania,S-2410,70.0,6.0,,,8.571428571428571,defaulted,primary,False,True,False
1846-01-24,Pennsylvania,S-2410,68.5,6.0,,,8.75912408759124,defaulted,primary,False,True,False
1846-02-07,Pennsylvania,S-2410,72.0,6.0,,,8.333333333333332,defaulted,primary,False,True,False
1846-02-14,Pennsylvania,S-2410,72.0,6.0,,,8.333333333333332,defaulted,primary,False,True,False
1846-03-21,Pennsylvania,S-2410,73.0,6.0,,,8.21917808219178,defaulted,primary,False,True,False
1846-03-28,Pennsylvania,S-2410,73.0,6.0,,,8.21917808219178,defaulted,primary,False,True,False
1846-04-04,Pennsylvania,S-2410,73.0,6.0,,,8.21917808219178,defaulted,primary,False,True,False
1846-04-11,Pennsylvania,S-2410,72.0,6.0,,,8.333333333333332,defaulted,primary,False,True,False
1846-04-18,Pennsylvania,S-2410,67.0,6.0,,,8.955223880597014,defaulted,primary,False,True,False
1846-04-25,Pennsylvania,S-2410,68.0,6.0,,,8.823529411764707,defaulted,primary,False,True,False
1846-05-02,Pennsylvania,S-2410,68.0,6.0,,,8.823529411764707,defaulted,primary,False,True,False
1846-05-09,Pennsylvania,S-2410,69.0,6.0,,,8.695652173913043,defaulted,primary,False,True,False
1846-05-16,Pennsylvania,S-2410,65.0,6.0,,,9.230769230769232,defaulted,primary,False,True,False
1846-05-23,Pennsylvania,S-2410,65.0,6.0,,,9.230769230769232,defaulted,primary,False,True,False
1846-06-13,Pennsylvania,S-2410,68.5,6.0,,,8.75912408759124,defaulted,primary,False,True,False
1846-06-20,Pennsylvania,S-2410,68.5,6.0,,,8.75912408759124,defaulted,primary,False,True,False
1846-06-27,Pennsylvania,S-2410,71.5,6.0,,,8.391608391608392,defaulted,primary,False,True,False
1846-07-11,Pennsylvania,S-2410,71.5,6.0,,,8.391608391608392,defaulted,primary,False,True,False
1846-07-18,Pennsylvania,S-2410,71.5,6.0,,,8.391608391608392,defaulted,primary,False,True,False
1846-07-25,Pennsylvania,S-2410,71.5,6.0,,,8.391608391608392,defaulted,primary,False,True,False
1846-08-15,Pennsylvania,S-2410,71.0,6.0,,,8.450704225352112,defaulted,primary,False,True,False
1846-08-29,Pennsylvania,S-2410,71.0,6.0,,,8.450704225352112,defaulted,primary,False,True,False
1846-09-05,Pennsylvania,S-2410,71.0,6.0,,,8.450704225352112,defaulted,primary,False,True,False
1846-09-19,Pennsylvania,S-2410,71.0,6.0,,,8.450704225352112,defaulted,primary,False,True,False
1846-09-26,Pennsylvania,S-2410,71.0,6.0,,,8.450704225352112,defaulted,primary,False,True,False
1846-10-03,Pennsylvania,S-2410,71.0,6.0,,,8.450704225352112,defaulted,primary,False,True,False
1846-10-10,Pennsylvania,S-2410,71.0,6.0,,,8.450704225352112,defaulted,primary,False,True,False
1846-10-17,Pennsylvania,S-2410,72.0,6.0,,,8.333333333333332,defaulted,primary,False,True,False
1846-12-05,Pennsylvania,S-2410,72.0,6.0,,,8.333333333333332,defaulted,primary,False,True,False
1846-12-12,Pennsylvania,S-2410,76.0,6.0,,,7.894736842105263,defaulted,primary,False,True,False
1846-12-19,Pennsylvania,S-2410,78.0,6.0,,,7.6923076923076925,defaulted,primary,False,True,False
1846-12-26,Pennsylvania,S-2410,78.0,6.0,,,7.6923076923076925,defaulted,primary,False,True,False
1847-01-02,Pennsylvania,S-2410,78.0,6.0,,,7.6923076923076925,defaulted,primary,False,True,False
1847-01-16,Pennsylvania,S-2410,74.5,6.0,,,8.053691275167784,defaulted,primary,False,True,False
1847-01-23,Pennsylvania,S-2410,74.5,6.0,,,8.053691275167784,defaulted,primary,False,True,False
